Format Version,1.23,Take Name,cam1_output_1779078914,Take Notes,,Capture Frame Rate,10,Export Frame Rate,10,Capture Start Time,2026-05-18 02:35:15 PM,Total Frames in Take,,Total Exported Frames,,Rotation Type,XYZ,Length Units,Meters,Coordinate Space,Global

,Type,Rigid Body Marker,Rigid Body Marker,Rigid Body Marker,Rigid Body Marker,Rigid Body Marker,Rigid Body Marker,Rigid Body Marker,Rigid Body Marker,Rigid Body Marker,Rigid Body Marker,Rigid Body Marker,Rigid Body Marker,Marker,Marker,Marker,Marker,Marker,Marker
,Name,Tag0,Tag0,Tag0,Tag1,Tag1,Tag1,Tag2,Tag2,Tag2,Midpoint,Midpoint,Midpoint,Pink,Pink,Pink,Green,Green,Green
,ID,Tag0,Tag0,Tag0,Tag1,Tag1,Tag1,Tag2,Tag2,Tag2,Midpoint,Midpoint,Midpoint,Pink,Pink,Pink,Green,Green,Green
,,Position,Position,Position,Position,Position,Position,Position,Position,Position,Position,Position,Position,Position,Position,Position,Position,Position,Position
Frame,Time (Seconds),X,Y,Z,X,Y,Z,X,Y,Z,X,Y,Z,X,Y,Z,X,Y,Z
0,0.0000,0.000000,0.000000,0.000000,0.188070,-0.598054,-0.298963,0.031229,-0.584256,-0.300683,0.109650,-0.591155,-0.299823,0.120324,-0.611738,-0.210510,0.117122,-0.623858,-0.275767
1,0.1000,0.000000,0.000000,0.000000,0.188077,-0.604061,-0.300050,0.031403,-0.589275,-0.301761,0.109740,-0.596668,-0.300906,0.120410,-0.617750,-0.211706,0.117380,-0.627881,-0.276808
2,0.2000,0.000000,0.000000,0.000000,0.188208,-0.602069,-0.299826,0.031368,-0.588271,-0.301546,0.109788,-0.595170,-0.300686,0.120462,-0.615754,-0.211373,0.117345,-0.626877,-0.276592
3,0.3000,0.000000,0.000000,0.000000,0.188243,-0.603074,-0.300042,0.031403,-0.589275,-0.301761,0.109823,-0.596174,-0.300902,0.120410,-0.617750,-0.211706,0.117380,-0.627881,-0.276808
4,0.4000,0.000000,0.000000,0.000000,0.188139,-0.600062,-0.299395,0.031299,-0.586263,-0.301114,0.109719,-0.593163,-0.300254,0.120393,-0.613746,-0.210942,0.117276,-0.624869,-0.276161
5,0.5000,0.000000,0.000000,0.000000,0.188139,-0.600062,-0.299395,0.031299,-0.586263,-0.301114,0.109719,-0.593163,-0.300254,0.120306,-0.614738,-0.211059,0.117276,-0.624869,-0.276161
6,0.6000,0.000000,0.000000,0.000000,0.188139,-0.600062,-0.299395,0.031299,-0.586263,-0.301114,0.109719,-0.593163,-0.300254,0.120306,-0.614738,-0.211059,0.117191,-0.625866,-0.276198
7,0.7000,0.000000,0.000000,0.000000,0.187973,-0.601049,-0.299403,0.031299,-0.586263,-0.301114,0.109636,-0.593656,-0.300259,0.120306,-0.614738,-0.211059,0.117276,-0.624869,-0.276161
8,0.8000,0.000000,0.000000,0.000000,0.187966,-0.595042,-0.298316,0.031126,-0.581244,-0.300036,0.109546,-0.588143,-0.299176,0.120133,-0.609718,-0.209980,0.117103,-0.619849,-0.275082
9,0.9000,0.000000,0.000000,0.000000,0.188208,-0.602069,-0.299826,0.031368,-0.588271,-0.301546,0.109788,-0.595170,-0.300686,0.120375,-0.616746,-0.211490,0.117345,-0.626877,-0.276592
10,1.0000,0.000000,0.000000,0.000000,0.188208,-0.602069,-0.299826,0.031368,-0.588271,-0.301546,0.109788,-0.595170,-0.300686,0.120375,-0.616746,-0.211490,0.117345,-0.626877,-0.276592
11,1.1000,0.000000,0.000000,0.000000,0.187966,-0.595042,-0.298316,0.031126,-0.581244,-0.300036,0.109546,-0.588143,-0.299176,0.120133,-0.609718,-0.209980,0.117103,-0.619849,-0.275082
12,1.2000,0.000000,0.000000,0.000000,0.187966,-0.595042,-0.298316,0.031126,-0.581244,-0.300036,0.109546,-0.588143,-0.299176,0.120133,-0.609718,-0.209980,0.117103,-0.619849,-0.275082
13,1.3000,0.000000,0.000000,0.000000,0.187835,-0.597033,-0.298540,0.031160,-0.582248,-0.300251,0.109497,-0.589640,-0.299396,0.120211,-0.610226,-0.210137,0.117053,-0.621850,-0.275335
14,1.4000,0.000000,0.000000,0.000000,0.188132,-0.594054,-0.298307,0.031126,-0.581244,-0.300036,0.109629,-0.587649,-0.299171,0.120133,-0.609718,-0.209980,0.117103,-0.619849,-0.275082
15,1.5000,0.000000,0.000000,0.000000,0.188208,-0.602069,-0.299826,0.031368,-0.588271,-0.301546,0.109788,-0.595170,-0.300686,0.120462,-0.615754,-0.211373,0.117345,-0.626877,-0.276592
16,1.6000,0.000000,0.000000,0.000000,0.188139,-0.600062,-0.299395,0.031277,-0.585250,-0.301108,0.109708,-0.592656,-0.300251,0.120393,-0.613746,-0.210942,0.117276,-0.624869,-0.276161
17,1.7000,0.000000,0.000000,0.000000,0.188208,-0.602069,-0.299826,0.031368,-0.588271,-0.301546,0.109788,-0.595170,-0.300686,0.120375,-0.616746,-0.211490,0.117345,-0.626877,-0.276592
18,1.8000,0.000000,0.000000,0.000000,0.188236,-0.597066,-0.298955,0.031229,-0.584256,-0.300683,0.109733,-0.590661,-0.299819,0.120324,-0.611738,-0.210510,0.117207,-0.622861,-0.275729
19,1.9000,0.000000,0.000000,0.000000,0.188305,-0.599074,-0.299386,0.031299,-0.586263,-0.301114,0.109802,-0.592669,-0.300250,0.120393,-0.613746,-0.210942,0.117276,-0.624869,-0.276161
20,2.0000,0.000000,0.000000,0.000000,0.188077,-0.604061,-0.300050,0.031403,-0.589275,-0.301761,0.109740,-0.596668,-0.300906,0.120497,-0.616758,-0.211589,0.117380,-0.627881,-0.276808
21,2.1000,0.000000,0.000000,0.000000,0.188374,-0.601082,-0.299818,0.031346,-0.587258,-0.301539,0.109860,-0.594170,-0.300678,0.120375,-0.616746,-0.211490,0.117345,-0.626877,-0.276592
22,2.2000,0.000000,0.000000,0.000000,0.190050,-0.602220,-0.301728,0.031466,-0.587168,-0.303460,0.110758,-0.594694,-0.302594,0.121578,-0.615859,-0.212282,0.118441,-0.626939,-0.278226
23,2.3000,0.000000,0.000000,0.000000,0.190050,-0.602220,-0.301728,0.031466,-0.587168,-0.303460,0.110758,-0.594694,-0.302594,0.121578,-0.615859,-0.212282,0.118441,-0.626939,-0.278226
24,2.4000,0.000000,0.000000,0.000000,0.190050,-0.602220,-0.301728,0.031466,-0.587168,-0.303460,0.110758,-0.594694,-0.302594,0.121578,-0.615859,-0.212282,0.118441,-0.626939,-0.278226
25,2.5000,0.000000,0.000000,0.000000,0.190050,-0.602220,-0.301728,0.031466,-0.587168,-0.303460,0.110758,-0.594694,-0.302594,0.121578,-0.615859,-0.212282,0.118441,-0.626939,-0.278226
26,2.6000,0.000000,0.000000,0.000000,0.190050,-0.602220,-0.301728,0.031466,-0.587168,-0.303460,0.110758,-0.594694,-0.302594,0.121578,-0.615859,-0.212282,0.118441,-0.626939,-0.278226
27,2.7000,0.000000,0.000000,0.000000,0.190050,-0.602220,-0.301728,0.031466,-0.587168,-0.303460,0.110758,-0.594694,-0.302594,0.121578,-0.615859,-0.212282,0.118441,-0.626939,-0.278226
28,2.8000,0.000000,0.000000,0.000000,0.190050,-0.602220,-0.301728,0.031466,-0.587168,-0.303460,0.110758,-0.594694,-0.302594,0.121578,-0.615859,-0.212282,0.118441,-0.626939,-0.278226
29,2.9000,0.000000,0.000000,0.000000,0.190050,-0.602220,-0.301728,0.031466,-0.587168,-0.303460,0.110758,-0.594694,-0.302594,0.121578,-0.615859,-0.212282,0.118441,-0.626939,-0.278226
30,3.0000,0.000000,0.000000,0.000000,0.190050,-0.602220,-0.301728,0.031466,-0.587168,-0.303460,0.110758,-0.594694,-0.302594,0.121578,-0.615859,-0.212282,0.118441,-0.626939,-0.278226
31,3.1000,0.000000,0.000000,0.000000,0.190050,-0.602220,-0.301728,0.031466,-0.587168,-0.303460,0.110758,-0.594694,-0.302594,0.121578,-0.615859,-0.212282,0.118441,-0.626939,-0.278226
32,3.2000,0.000000,0.000000,0.000000,0.190050,-0.602220,-0.301728,0.031466,-0.587168,-0.303460,0.110758,-0.594694,-0.302594,0.121578,-0.615859,-0.212282,0.118441,-0.626939,-0.278226
33,3.3000,0.000000,0.000000,0.000000,0.190050,-0.602220,-0.301728,0.031466,-0.587168,-0.303460,0.110758,-0.594694,-0.302594,0.121578,-0.615859,-0.212282,0.118441,-0.626939,-0.278226
34,3.4000,0.000000,0.000000,0.000000,0.190050,-0.602220,-0.301728,0.031466,-0.587168,-0.303460,0.110758,-0.594694,-0.302594,0.121578,-0.615859,-0.212282,0.118441,-0.626939,-0.278226
35,3.5000,0.000000,0.000000,0.000000,0.190050,-0.602220,-0.301728,0.031466,-0.587168,-0.303460,0.110758,-0.594694,-0.302594,0.121578,-0.615859,-0.212282,0.118441,-0.626939,-0.278226
36,3.6000,0.000000,0.000000,0.000000,0.190050,-0.602220,-0.301728,0.031466,-0.587168,-0.303460,0.110758,-0.594694,-0.302594,0.121578,-0.615859,-0.212282,0.118441,-0.626939,-0.278226
37,3.7000,0.000000,0.000000,0.000000,0.190050,-0.602220,-0.301728,0.031466,-0.587168,-0.303460,0.110758,-0.594694,-0.302594,0.121578,-0.615859,-0.212282,0.118441,-0.626939,-0.278226
38,3.8000,0.000000,0.000000,0.000000,0.190050,-0.602220,-0.301728,0.031466,-0.587168,-0.303460,0.110758,-0.594694,-0.302594,0.121578,-0.615859,-0.212282,0.118441,-0.626939,-0.278226
39,3.9000,0.000000,0.000000,0.000000,0.190050,-0.602220,-0.301728,0.031466,-0.587168,-0.303460,0.110758,-0.594694,-0.302594,0.121578,-0.615859,-0.212282,0.118441,-0.626939,-0.278226
40,4.0000,0.000000,0.000000,0.000000,0.190050,-0.602220,-0.301728,0.031466,-0.587168,-0.303460,0.110758,-0.594694,-0.302594,0.121578,-0.615859,-0.212282,0.118441,-0.626939,-0.278226
41,4.1000,0.000000,0.000000,0.000000,0.190050,-0.602220,-0.301728,0.031466,-0.587168,-0.303460,0.110758,-0.594694,-0.302594,0.121578,-0.615859,-0.212282,0.118441,-0.626939,-0.278226
42,4.2000,0.000000,0.000000,0.000000,0.190050,-0.602220,-0.301728,0.031466,-0.587168,-0.303460,0.110758,-0.594694,-0.302594,0.121578,-0.615859,-0.212282,0.118441,-0.626939,-0.278226
43,4.3000,0.000000,0.000000,0.000000,0.190050,-0.602220,-0.301728,0.031466,-0.587168,-0.303460,0.110758,-0.594694,-0.302594,0.121578,-0.615859,-0.212282,0.118441,-0.626939,-0.278226
44,4.4000,0.000000,0.000000,0.000000,0.190050,-0.602220,-0.301728,0.031466,-0.587168,-0.303460,0.110758,-0.594694,-0.302594,0.121578,-0.615859,-0.212282,0.118441,-0.626939,-0.278226
45,4.5000,0.000000,0.000000,0.000000,0.190050,-0.602220,-0.301728,0.031466,-0.587168,-0.303460,0.110758,-0.594694,-0.302594,0.121578,-0.615859,-0.212282,0.118441,-0.626939,-0.278226
46,4.6000,0.000000,0.000000,0.000000,0.190050,-0.602220,-0.301728,0.031466,-0.587168,-0.303460,0.110758,-0.594694,-0.302594,0.121578,-0.615859,-0.212282,0.118441,-0.626939,-0.278226
47,4.7000,0.000000,0.000000,0.000000,0.190050,-0.602220,-0.301728,0.031466,-0.587168,-0.303460,0.110758,-0.594694,-0.302594,0.121578,-0.615859,-0.212282,0.118441,-0.626939,-0.278226
48,4.8000,0.000000,0.000000,0.000000,0.190050,-0.602220,-0.301728,0.031466,-0.587168,-0.303460,0.110758,-0.594694,-0.302594,0.121578,-0.615859,-0.212282,0.118441,-0.626939,-0.278226
49,4.9000,0.000000,0.000000,0.000000,0.189912,-0.598204,-0.300865,0.031349,-0.584166,-0.302603,0.110630,-0.591185,-0.301734,0.121342,-0.612758,-0.212897,0.118302,-0.622923,-0.277363
50,5.0000,0.000000,0.000000,0.000000,0.190085,-0.603224,-0.301944,0.031501,-0.588172,-0.303675,0.110793,-0.595698,-0.302810,0.121613,-0.616863,-0.212498,0.118475,-0.627943,-0.278442
51,5.1000,0.000000,0.000000,0.000000,0.190050,-0.602220,-0.301728,0.031488,-0.588182,-0.303466,0.110769,-0.595201,-0.302597,0.122929,-0.616045,-0.212303,0.118441,-0.626939,-0.278226
52,5.2000,0.000000,0.000000,0.000000,0.190078,-0.597217,-0.300857,0.031349,-0.584166,-0.302603,0.110714,-0.590691,-0.301730,0.121440,-0.611843,-0.211419,0.118302,-0.622923,-0.277363
53,5.3000,0.000000,0.000000,0.000000,0.190147,-0.599225,-0.301288,0.031418,-0.586174,-0.303035,0.110783,-0.592699,-0.302161,0.121509,-0.613851,-0.211851,0.118456,-0.623933,-0.277757
54,5.4000,0.000000,0.000000,0.000000,0.190085,-0.603224,-0.301944,0.031522,-0.589186,-0.303682,0.110804,-0.596205,-0.302813,0.121526,-0.617855,-0.212615,0.118560,-0.626945,-0.278404
55,5.5000,0.000000,0.000000,0.000000,0.190085,-0.603224,-0.301944,0.031522,-0.589186,-0.303682,0.110804,-0.596205,-0.302813,0.121526,-0.617855,-0.212615,0.118475,-0.627943,-0.278442
56,5.6000,0.000000,0.000000,0.000000,0.190390,-0.606253,-0.302798,0.031661,-0.593202,-0.304545,0.111025,-0.599727,-0.303672,0.121665,-0.621871,-0.213478,0.118699,-0.630961,-0.279267
57,5.7000,0.000000,0.000000,0.000000,0.189981,-0.600212,-0.301297,0.031418,-0.586174,-0.303035,0.110700,-0.593193,-0.302166,0.122860,-0.614037,-0.211872,0.118371,-0.624931,-0.277794
58,5.8000,0.000000,0.000000,0.000000,0.189981,-0.600212,-0.301297,0.031397,-0.585160,-0.303028,0.110689,-0.592686,-0.302162,0.121509,-0.613851,-0.211851,0.118456,-0.623933,-0.277757
59,5.9000,0.000000,0.000000,0.000000,0.190147,-0.599225,-0.301288,0.031418,-0.586174,-0.303035,0.110783,-0.592699,-0.302161,0.121422,-0.614843,-0.211967,0.118371,-0.624931,-0.277794
60,6.0000,0.000000,0.000000,0.000000,0.190216,-0.601233,-0.301720,0.031466,-0.587168,-0.303460,0.110841,-0.594200,-0.302590,0.121578,-0.615859,-0.212282,0.118441,-0.626939,-0.278226
61,6.1000,0.000000,0.000000,0.000000,0.190050,-0.602220,-0.301728,0.031488,-0.588182,-0.303466,0.110769,-0.595201,-0.302597,0.121578,-0.615859,-0.212282,0.118441,-0.626939,-0.278226
62,6.2000,0.000000,0.000000,0.000000,0.190251,-0.602237,-0.301935,0.031522,-0.589186,-0.303682,0.110887,-0.595711,-0.302809,0.122964,-0.617049,-0.212519,0.118475,-0.627943,-0.278442
63,6.3000,0.000000,0.000000,0.000000,0.189981,-0.600212,-0.301297,0.031397,-0.585160,-0.303028,0.110689,-0.592686,-0.302162,0.121509,-0.613851,-0.211851,0.118371,-0.624931,-0.277794
64,6.4000,0.000000,0.000000,0.000000,0.189912,-0.598204,-0.300865,0.031349,-0.584166,-0.302603,0.110630,-0.591185,-0.301734,0.121440,-0.611843,-0.211419,0.118387,-0.621925,-0.277325
65,6.5000,0.000000,0.000000,0.000000,0.189981,-0.600212,-0.301297,0.031418,-0.586174,-0.303035,0.110700,-0.593193,-0.302166,0.121509,-0.613851,-0.211851,0.118371,-0.624931,-0.277794
66,6.6000,0.000000,0.000000,0.000000,0.190224,-0.607240,-0.302807,0.031661,-0.593202,-0.304545,0.110942,-0.600221,-0.303676,0.123102,-0.621065,-0.213382,0.118614,-0.631959,-0.279305
67,6.7000,0.000000,0.000000,0.000000,0.190085,-0.603224,-0.301944,0.031522,-0.589186,-0.303682,0.110804,-0.596205,-0.302813,0.122964,-0.617049,-0.212519,0.118475,-0.627943,-0.278442
68,6.8000,0.000000,0.000000,0.000000,0.190320,-0.604245,-0.302367,0.031591,-0.591194,-0.304113,0.110956,-0.597719,-0.303240,0.122934,-0.619973,-0.214428,0.118545,-0.629951,-0.278873
69,6.9000,0.000000,0.000000,0.000000,0.190050,-0.602220,-0.301728,0.031488,-0.588182,-0.303466,0.110769,-0.595201,-0.302597,0.122830,-0.616961,-0.213781,0.118525,-0.625942,-0.278188
70,7.0000,0.000000,0.000000,0.000000,0.189981,-0.600212,-0.301297,0.031397,-0.585160,-0.303028,0.110689,-0.592686,-0.302162,0.121509,-0.613851,-0.211851,0.118371,-0.624931,-0.277794
71,7.1000,0.000000,0.000000,0.000000,0.190147,-0.599225,-0.301288,0.031418,-0.586174,-0.303035,0.110783,-0.592699,-0.302161,0.121509,-0.613851,-0.211851,0.118371,-0.624931,-0.277794
72,7.2000,0.000000,0.000000,0.000000,0.190216,-0.601233,-0.301720,0.031488,-0.588182,-0.303466,0.110852,-0.594707,-0.302593,0.121578,-0.615859,-0.212282,0.118441,-0.626939,-0.278226
73,7.3000,0.000000,0.000000,0.000000,0.190293,-0.609248,-0.303238,0.031708,-0.594196,-0.304970,0.111001,-0.601722,-0.304104,0.121821,-0.622887,-0.213792,0.118683,-0.633967,-0.279736
74,7.4000,0.000000,0.000000,0.000000,0.190147,-0.599225,-0.301288,0.031418,-0.586174,-0.303035,0.110783,-0.592699,-0.302161,0.121509,-0.613851,-0.211851,0.118371,-0.624931,-0.277794
75,7.5000,0.000000,0.000000,0.000000,0.190216,-0.601233,-0.301720,0.031466,-0.587168,-0.303460,0.110841,-0.594200,-0.302590,0.121578,-0.615859,-0.212282,0.118441,-0.626939,-0.278226
76,7.6000,0.000000,0.000000,0.000000,0.189981,-0.600212,-0.301297,0.031418,-0.586174,-0.303035,0.110700,-0.593193,-0.302166,0.122860,-0.614037,-0.211872,0.118371,-0.624931,-0.277794
77,7.7000,0.000000,0.000000,0.000000,0.190216,-0.601233,-0.301720,0.031466,-0.587168,-0.303460,0.110841,-0.594200,-0.302590,0.122840,-0.617037,-0.212420,0.118441,-0.626939,-0.278226
78,7.8000,0.000000,0.000000,0.000000,0.190078,-0.597217,-0.300857,0.031349,-0.584166,-0.302603,0.110714,-0.590691,-0.301730,0.121353,-0.612835,-0.211536,0.118302,-0.622923,-0.277363
79,7.9000,0.000000,0.000000,0.000000,0.190078,-0.597217,-0.300857,0.031349,-0.584166,-0.302603,0.110714,-0.590691,-0.301730,0.121440,-0.611843,-0.211419,0.118302,-0.622923,-0.277363
80,8.0000,0.000000,0.000000,0.000000,0.190251,-0.602237,-0.301935,0.031501,-0.588172,-0.303675,0.110876,-0.595204,-0.302805,0.121613,-0.616863,-0.212498,0.118475,-0.627943,-0.278442
81,8.1000,0.000000,0.000000,0.000000,0.190147,-0.599225,-0.301288,0.031397,-0.585160,-0.303028,0.110772,-0.592192,-0.302158,0.121411,-0.614766,-0.213328,0.118371,-0.624931,-0.277794
82,8.2000,0.000000,0.000000,0.000000,0.190251,-0.602237,-0.301935,0.031501,-0.588172,-0.303675,0.110876,-0.595204,-0.302805,0.121613,-0.616863,-0.212498,0.118475,-0.627943,-0.278442
83,8.3000,0.000000,0.000000,0.000000,0.189912,-0.598204,-0.300865,0.031327,-0.583152,-0.302597,0.110620,-0.590678,-0.301731,0.122691,-0.612945,-0.212918,0.118302,-0.622923,-0.277363
84,8.4000,0.000000,0.000000,0.000000,0.189974,-0.594205,-0.300209,0.031245,-0.581154,-0.301956,0.110610,-0.587679,-0.301083,0.121336,-0.608831,-0.210772,0.118198,-0.619911,-0.276716
85,8.5000,0.000000,0.000000,0.000000,0.190320,-0.604245,-0.302367,0.031570,-0.590180,-0.304107,0.110945,-0.597212,-0.303237,0.123033,-0.619057,-0.212951,0.118545,-0.629951,-0.278873
86,8.6000,0.000000,0.000000,0.000000,0.190078,-0.597217,-0.300857,0.031349,-0.584166,-0.302603,0.110714,-0.590691,-0.301730,0.121440,-0.611843,-0.211419,0.118302,-0.622923,-0.277363
87,8.7000,0.000000,0.000000,0.000000,0.190085,-0.603224,-0.301944,0.031522,-0.589186,-0.303682,0.110804,-0.596205,-0.302813,0.121526,-0.617855,-0.212615,0.118475,-0.627943,-0.278442
88,8.8000,0.000000,0.000000,0.000000,0.190147,-0.599225,-0.301288,0.031397,-0.585160,-0.303028,0.110772,-0.592192,-0.302158,0.121509,-0.613851,-0.211851,0.118371,-0.624931,-0.277794
89,8.9000,0.000000,0.000000,0.000000,0.190050,-0.602220,-0.301728,0.031466,-0.587168,-0.303460,0.110758,-0.594694,-0.302594,0.121578,-0.615859,-0.212282,0.118441,-0.626939,-0.278226
90,9.0000,0.000000,0.000000,0.000000,0.189836,-0.590189,-0.299347,0.031085,-0.576124,-0.301087,0.110460,-0.583156,-0.300217,0.121100,-0.605730,-0.211387,0.118060,-0.615895,-0.275853
91,9.1000,0.000000,0.000000,0.000000,0.190251,-0.602237,-0.301935,0.031522,-0.589186,-0.303682,0.110887,-0.595711,-0.302809,0.121613,-0.616863,-0.212498,0.118475,-0.627943,-0.278442
92,9.2000,0.000000,0.000000,0.000000,0.189905,-0.592197,-0.299778,0.031176,-0.579146,-0.301525,0.110540,-0.585671,-0.300651,0.121267,-0.606823,-0.210340,0.118129,-0.617903,-0.276284
93,9.3000,0.000000,0.000000,0.000000,0.190147,-0.599225,-0.301288,0.031397,-0.585160,-0.303028,0.110772,-0.592192,-0.302158,0.121422,-0.614843,-0.211967,0.118456,-0.623933,-0.277757
94,9.4000,0.000000,0.000000,0.000000,0.190390,-0.606253,-0.302798,0.031661,-0.593202,-0.304545,0.111025,-0.599727,-0.303672,0.123102,-0.621065,-0.213382,0.118614,-0.631959,-0.279305
95,9.5000,0.000000,0.000000,0.000000,0.190078,-0.597217,-0.300857,0.031349,-0.584166,-0.302603,0.110714,-0.590691,-0.301730,0.122791,-0.612029,-0.211440,0.118302,-0.622923,-0.277363
96,9.6000,0.000000,0.000000,0.000000,0.190147,-0.599225,-0.301288,0.031418,-0.586174,-0.303035,0.110783,-0.592699,-0.302161,0.121509,-0.613851,-0.211851,0.118456,-0.623933,-0.277757
97,9.7000,0.000000,0.000000,0.000000,0.190147,-0.599225,-0.301288,0.031407,-0.586096,-0.304414,0.110777,-0.592660,-0.302851,0.121509,-0.613851,-0.211851,0.118371,-0.624931,-0.277794
98,9.8000,0.000000,0.000000,0.000000,0.190009,-0.595209,-0.300425,0.031258,-0.581144,-0.302165,0.110633,-0.588176,-0.301295,0.122633,-0.611013,-0.211126,0.118233,-0.620915,-0.276931
99,9.9000,0.000000,0.000000,0.000000,0.190251,-0.602237,-0.301935,0.031522,-0.589186,-0.303682,0.110887,-0.595711,-0.302809,0.122964,-0.617049,-0.212519,0.118560,-0.626945,-0.278404
100,10.0000,0.000000,0.000000,0.000000,0.189876,-0.599202,-0.301008,0.031401,-0.586187,-0.302752,0.110638,-0.592695,-0.301880,0.122693,-0.614021,-0.211738,0.118210,-0.624922,-0.277554
101,10.1000,0.000000,0.000000,0.000000,0.189876,-0.599202,-0.301008,0.031401,-0.586187,-0.302752,0.110638,-0.592695,-0.301880,0.122693,-0.614021,-0.211738,0.118210,-0.624922,-0.277554
102,10.2000,0.000000,0.000000,0.000000,0.189876,-0.599202,-0.301008,0.031401,-0.586187,-0.302752,0.110638,-0.592695,-0.301880,0.122693,-0.614021,-0.211738,0.118210,-0.624922,-0.277554
103,10.3000,0.000000,0.000000,0.000000,0.189876,-0.599202,-0.301008,0.031401,-0.586187,-0.302752,0.110638,-0.592695,-0.301880,0.122693,-0.614021,-0.211738,0.118210,-0.624922,-0.277554
104,10.4000,0.000000,0.000000,0.000000,0.189876,-0.599202,-0.301008,0.031401,-0.586187,-0.302752,0.110638,-0.592695,-0.301880,0.122693,-0.614021,-0.211738,0.118210,-0.624922,-0.277554
105,10.5000,0.000000,0.000000,0.000000,0.189876,-0.599202,-0.301008,0.031401,-0.586187,-0.302752,0.110638,-0.592695,-0.301880,0.122693,-0.614021,-0.211738,0.118210,-0.624922,-0.277554
106,10.6000,0.000000,0.000000,0.000000,0.189876,-0.599202,-0.301008,0.031401,-0.586187,-0.302752,0.110638,-0.592695,-0.301880,0.122693,-0.614021,-0.211738,0.118210,-0.624922,-0.277554
107,10.7000,0.000000,0.000000,0.000000,0.189876,-0.599202,-0.301008,0.031401,-0.586187,-0.302752,0.110638,-0.592695,-0.301880,0.122693,-0.614021,-0.211738,0.118210,-0.624922,-0.277554
108,10.8000,0.000000,0.000000,0.000000,0.189876,-0.599202,-0.301008,0.031401,-0.586187,-0.302752,0.110638,-0.592695,-0.301880,0.122693,-0.614021,-0.211738,0.118210,-0.624922,-0.277554
109,10.9000,0.000000,0.000000,0.000000,0.189876,-0.599202,-0.301008,0.031401,-0.586187,-0.302752,0.110638,-0.592695,-0.301880,0.122693,-0.614021,-0.211738,0.118210,-0.624922,-0.277554
110,11.0000,0.000000,0.000000,0.000000,0.189876,-0.599202,-0.301008,0.031401,-0.586187,-0.302752,0.110638,-0.592695,-0.301880,0.122693,-0.614021,-0.211738,0.118210,-0.624922,-0.277554
111,11.1000,0.000000,0.000000,0.000000,0.189876,-0.599202,-0.301008,0.031401,-0.586187,-0.302752,0.110638,-0.592695,-0.301880,0.122693,-0.614021,-0.211738,0.118210,-0.624922,-0.277554
112,11.2000,0.000000,0.000000,0.000000,0.189876,-0.599202,-0.301008,0.031401,-0.586187,-0.302752,0.110638,-0.592695,-0.301880,0.122693,-0.614021,-0.211738,0.118210,-0.624922,-0.277554
113,11.3000,0.000000,0.000000,0.000000,0.189876,-0.599202,-0.301008,0.031401,-0.586187,-0.302752,0.110638,-0.592695,-0.301880,0.122693,-0.614021,-0.211738,0.118210,-0.624922,-0.277554
114,11.4000,0.000000,0.000000,0.000000,0.189876,-0.599202,-0.301008,0.031401,-0.586187,-0.302752,0.110638,-0.592695,-0.301880,0.122693,-0.614021,-0.211738,0.118210,-0.624922,-0.277554
115,11.5000,0.000000,0.000000,0.000000,0.189876,-0.599202,-0.301008,0.031401,-0.586187,-0.302752,0.110638,-0.592695,-0.301880,0.122693,-0.614021,-0.211738,0.118210,-0.624922,-0.277554
116,11.6000,0.000000,0.000000,0.000000,0.189876,-0.599202,-0.301008,0.031401,-0.586187,-0.302752,0.110638,-0.592695,-0.301880,0.122693,-0.614021,-0.211738,0.118210,-0.624922,-0.277554
117,11.7000,0.000000,0.000000,0.000000,0.189876,-0.599202,-0.301008,0.031401,-0.586187,-0.302752,0.110638,-0.592695,-0.301880,0.122693,-0.614021,-0.211738,0.118210,-0.624922,-0.277554
118,11.8000,0.000000,0.000000,0.000000,0.189876,-0.599202,-0.301008,0.031401,-0.586187,-0.302752,0.110638,-0.592695,-0.301880,0.122693,-0.614021,-0.211738,0.118210,-0.624922,-0.277554
119,11.9000,0.000000,0.000000,0.000000,0.189876,-0.599202,-0.301008,0.031401,-0.586187,-0.302752,0.110638,-0.592695,-0.301880,0.122693,-0.614021,-0.211738,0.118210,-0.624922,-0.277554
120,12.0000,0.000000,0.000000,0.000000,0.189876,-0.599202,-0.301008,0.031401,-0.586187,-0.302752,0.110638,-0.592695,-0.301880,0.122693,-0.614021,-0.211738,0.118210,-0.624922,-0.277554
121,12.1000,0.000000,0.000000,0.000000,0.189876,-0.599202,-0.301008,0.031401,-0.586187,-0.302752,0.110638,-0.592695,-0.301880,0.122693,-0.614021,-0.211738,0.118210,-0.624922,-0.277554
122,12.2000,0.000000,0.000000,0.000000,0.189876,-0.599202,-0.301008,0.031401,-0.586187,-0.302752,0.110638,-0.592695,-0.301880,0.122693,-0.614021,-0.211738,0.118210,-0.624922,-0.277554
123,12.3000,0.000000,0.000000,0.000000,0.189876,-0.599202,-0.301008,0.031401,-0.586187,-0.302752,0.110638,-0.592695,-0.301880,0.122693,-0.614021,-0.211738,0.118210,-0.624922,-0.277554
124,12.4000,0.000000,0.000000,0.000000,0.189876,-0.599202,-0.301008,0.031401,-0.586187,-0.302752,0.110638,-0.592695,-0.301880,0.122693,-0.614021,-0.211738,0.118210,-0.624922,-0.277554
125,12.5000,0.000000,0.000000,0.000000,0.189876,-0.599202,-0.301008,0.031401,-0.586187,-0.302752,0.110638,-0.592695,-0.301880,0.122693,-0.614021,-0.211738,0.118210,-0.624922,-0.277554
126,12.6000,0.000000,0.000000,0.000000,0.189876,-0.599202,-0.301008,0.031401,-0.586187,-0.302752,0.110638,-0.592695,-0.301880,0.122693,-0.614021,-0.211738,0.118210,-0.624922,-0.277554
127,12.7000,0.000000,0.000000,0.000000,0.189876,-0.599202,-0.301008,0.031401,-0.586187,-0.302752,0.110638,-0.592695,-0.301880,0.122693,-0.614021,-0.211738,0.118210,-0.624922,-0.277554
128,12.8000,0.000000,0.000000,0.000000,0.189710,-0.600190,-0.301017,0.031379,-0.585173,-0.302746,0.110545,-0.592682,-0.301881,0.121345,-0.613835,-0.211717,0.118295,-0.623924,-0.277516
129,12.9000,0.000000,0.000000,0.000000,0.189946,-0.601210,-0.301440,0.031448,-0.587181,-0.303177,0.110697,-0.594196,-0.302309,0.121317,-0.616759,-0.213624,0.118280,-0.626930,-0.277986
130,13.0000,0.000000,0.000000,0.000000,0.189980,-0.602214,-0.301656,0.031505,-0.589199,-0.303399,0.110742,-0.595707,-0.302528,0.121449,-0.616847,-0.212364,0.118314,-0.627934,-0.278201
131,13.1000,0.000000,0.000000,0.000000,0.189946,-0.601210,-0.301440,0.031470,-0.588195,-0.303184,0.110708,-0.594703,-0.302312,0.122663,-0.616945,-0.213645,0.118280,-0.626930,-0.277986
132,13.2000,0.000000,0.000000,0.000000,0.189946,-0.601210,-0.301440,0.031448,-0.587181,-0.303177,0.110697,-0.594196,-0.302309,0.121414,-0.615843,-0.212148,0.118280,-0.626930,-0.277986
133,13.3000,0.000000,0.000000,0.000000,0.189703,-0.594183,-0.299930,0.031228,-0.581167,-0.301674,0.110465,-0.587675,-0.300802,0.122432,-0.609994,-0.210776,0.118207,-0.617907,-0.276400
134,13.4000,0.000000,0.000000,0.000000,0.189980,-0.602214,-0.301656,0.031505,-0.589199,-0.303399,0.110742,-0.595707,-0.302528,0.122709,-0.618026,-0.212502,0.118314,-0.627934,-0.278201
135,13.5000,0.000000,0.000000,0.000000,0.189876,-0.599202,-0.301008,0.031401,-0.586187,-0.302752,0.110638,-0.592695,-0.301880,0.121345,-0.613835,-0.211717,0.118295,-0.623924,-0.277516
136,13.6000,0.000000,0.000000,0.000000,0.190112,-0.600223,-0.301431,0.031448,-0.587181,-0.303177,0.110780,-0.593702,-0.302304,0.121414,-0.615843,-0.212148,0.118280,-0.626930,-0.277986
137,13.7000,0.000000,0.000000,0.000000,0.189946,-0.601210,-0.301440,0.031470,-0.588195,-0.303184,0.110708,-0.594703,-0.302312,0.122674,-0.617022,-0.212286,0.118364,-0.625932,-0.277948
138,13.8000,0.000000,0.000000,0.000000,0.190119,-0.606230,-0.302519,0.031643,-0.593215,-0.304262,0.110881,-0.599723,-0.303391,0.122936,-0.621049,-0.213248,0.118453,-0.631950,-0.279064
139,13.9000,0.000000,0.000000,0.000000,0.189946,-0.601210,-0.301440,0.031470,-0.588195,-0.303184,0.110708,-0.594703,-0.302312,0.121327,-0.616836,-0.212265,0.118280,-0.626930,-0.277986
140,14.0000,0.000000,0.000000,0.000000,0.190049,-0.604222,-0.302087,0.031574,-0.591207,-0.303831,0.110812,-0.597715,-0.302959,0.121518,-0.618855,-0.212796,0.118383,-0.629942,-0.278633
141,14.1000,0.000000,0.000000,0.000000,0.189946,-0.601210,-0.301440,0.031448,-0.587181,-0.303177,0.110697,-0.594196,-0.302309,0.122663,-0.616945,-0.213645,0.118280,-0.626930,-0.277986
142,14.2000,0.000000,0.000000,0.000000,0.189946,-0.601210,-0.301440,0.031448,-0.587181,-0.303177,0.110697,-0.594196,-0.302309,0.121404,-0.615766,-0.213509,0.118280,-0.626930,-0.277986
143,14.3000,0.000000,0.000000,0.000000,0.189876,-0.599202,-0.301008,0.031401,-0.586187,-0.302752,0.110638,-0.592695,-0.301880,0.122605,-0.615014,-0.211855,0.118210,-0.624922,-0.277554
144,14.4000,0.000000,0.000000,0.000000,0.189876,-0.599202,-0.301008,0.031379,-0.585173,-0.302746,0.110628,-0.592188,-0.301877,0.122693,-0.614021,-0.211738,0.118295,-0.623924,-0.277516
145,14.5000,0.000000,0.000000,0.000000,0.189946,-0.601210,-0.301440,0.031470,-0.588195,-0.303184,0.110708,-0.594703,-0.302312,0.121327,-0.616836,-0.212265,0.118364,-0.625932,-0.277948
146,14.6000,0.000000,0.000000,0.000000,0.189883,-0.605210,-0.302096,0.031552,-0.590193,-0.303824,0.110718,-0.597702,-0.302960,0.122856,-0.618965,-0.214177,0.118468,-0.628944,-0.278595
147,14.7000,0.000000,0.000000,0.000000,0.189946,-0.601210,-0.301440,0.031448,-0.587181,-0.303177,0.110697,-0.594196,-0.302309,0.121317,-0.616759,-0.213624,0.118280,-0.626930,-0.277986
148,14.8000,0.000000,0.000000,0.000000,0.189883,-0.605210,-0.302096,0.031574,-0.591207,-0.303831,0.110729,-0.598208,-0.302963,0.121518,-0.618855,-0.212796,0.118468,-0.628944,-0.278595
149,14.9000,0.000000,0.000000,0.000000,0.189807,-0.597195,-0.300577,0.031332,-0.584179,-0.302321,0.110569,-0.590687,-0.301449,0.121189,-0.612820,-0.211402,0.118226,-0.621916,-0.277085
150,15.0000,0.000000,0.000000,0.000000,0.189980,-0.602214,-0.301656,0.031505,-0.589199,-0.303399,0.110742,-0.595707,-0.302528,0.122797,-0.617033,-0.212385,0.118314,-0.627934,-0.278201
151,15.1000,0.000000,0.000000,0.000000,0.189641,-0.598182,-0.300585,0.031310,-0.583165,-0.302314,0.110475,-0.590674,-0.301450,0.122536,-0.613006,-0.211423,0.118226,-0.621916,-0.277085
152,15.2000,0.000000,0.000000,0.000000,0.189946,-0.601210,-0.301440,0.031448,-0.587181,-0.303177,0.110697,-0.594196,-0.302309,0.121414,-0.615843,-0.212148,0.118280,-0.626930,-0.277986
153,15.3000,0.000000,0.000000,0.000000,0.190049,-0.604222,-0.302087,0.031574,-0.591207,-0.303831,0.110812,-0.597715,-0.302959,0.121518,-0.618855,-0.212796,0.118383,-0.629942,-0.278633
154,15.4000,0.000000,0.000000,0.000000,0.190049,-0.605223,-0.302267,0.031585,-0.591199,-0.304004,0.110817,-0.598211,-0.303135,0.121618,-0.618865,-0.212877,0.118567,-0.628950,-0.278742
155,15.5000,0.000000,0.000000,0.000000,0.190049,-0.605223,-0.302267,0.031585,-0.591199,-0.304004,0.110817,-0.598211,-0.303135,0.121618,-0.618865,-0.212877,0.118567,-0.628950,-0.278742
156,15.6000,0.000000,0.000000,0.000000,0.190049,-0.605223,-0.302267,0.031585,-0.591199,-0.304004,0.110817,-0.598211,-0.303135,0.121618,-0.618865,-0.212877,0.118567,-0.628950,-0.278742
157,15.7000,0.000000,0.000000,0.000000,0.190049,-0.605223,-0.302267,0.031585,-0.591199,-0.304004,0.110817,-0.598211,-0.303135,0.121618,-0.618865,-0.212877,0.118567,-0.628950,-0.278742
158,15.8000,0.000000,0.000000,0.000000,0.190049,-0.605223,-0.302267,0.031585,-0.591199,-0.304004,0.110817,-0.598211,-0.303135,0.121618,-0.618865,-0.212877,0.118567,-0.628950,-0.278742
159,15.9000,0.000000,0.000000,0.000000,0.190049,-0.605223,-0.302267,0.031585,-0.591199,-0.304004,0.110817,-0.598211,-0.303135,0.121618,-0.618865,-0.212877,0.118567,-0.628950,-0.278742
160,16.0000,0.000000,0.000000,0.000000,0.190049,-0.605223,-0.302267,0.031585,-0.591199,-0.304004,0.110817,-0.598211,-0.303135,0.121618,-0.618865,-0.212877,0.118567,-0.628950,-0.278742
161,16.1000,0.000000,0.000000,0.000000,0.190049,-0.605223,-0.302267,0.031585,-0.591199,-0.304004,0.110817,-0.598211,-0.303135,0.121618,-0.618865,-0.212877,0.118567,-0.628950,-0.278742
162,16.2000,0.000000,0.000000,0.000000,0.190049,-0.605223,-0.302267,0.031585,-0.591199,-0.304004,0.110817,-0.598211,-0.303135,0.121618,-0.618865,-0.212877,0.118567,-0.628950,-0.278742
163,16.3000,0.000000,0.000000,0.000000,0.190049,-0.605223,-0.302267,0.031585,-0.591199,-0.304004,0.110817,-0.598211,-0.303135,0.121618,-0.618865,-0.212877,0.118567,-0.628950,-0.278742
164,16.4000,0.000000,0.000000,0.000000,0.190049,-0.605223,-0.302267,0.031585,-0.591199,-0.304004,0.110817,-0.598211,-0.303135,0.121618,-0.618865,-0.212877,0.118567,-0.628950,-0.278742
165,16.5000,0.000000,0.000000,0.000000,0.190049,-0.605223,-0.302267,0.031585,-0.591199,-0.304004,0.110817,-0.598211,-0.303135,0.121618,-0.618865,-0.212877,0.118567,-0.628950,-0.278742
166,16.6000,0.000000,0.000000,0.000000,0.190049,-0.605223,-0.302267,0.031585,-0.591199,-0.304004,0.110817,-0.598211,-0.303135,0.121618,-0.618865,-0.212877,0.118567,-0.628950,-0.278742
167,16.7000,0.000000,0.000000,0.000000,0.190049,-0.605223,-0.302267,0.031585,-0.591199,-0.304004,0.110817,-0.598211,-0.303135,0.121618,-0.618865,-0.212877,0.118567,-0.628950,-0.278742
168,16.8000,0.000000,0.000000,0.000000,0.190049,-0.605223,-0.302267,0.031585,-0.591199,-0.304004,0.110817,-0.598211,-0.303135,0.121618,-0.618865,-0.212877,0.118567,-0.628950,-0.278742
169,16.9000,0.000000,0.000000,0.000000,0.190049,-0.605223,-0.302267,0.031585,-0.591199,-0.304004,0.110817,-0.598211,-0.303135,0.121618,-0.618865,-0.212877,0.118567,-0.628950,-0.278742
170,17.0000,0.000000,0.000000,0.000000,0.190049,-0.605223,-0.302267,0.031585,-0.591199,-0.304004,0.110817,-0.598211,-0.303135,0.121618,-0.618865,-0.212877,0.118567,-0.628950,-0.278742
171,17.1000,0.000000,0.000000,0.000000,0.190049,-0.605223,-0.302267,0.031585,-0.591199,-0.304004,0.110817,-0.598211,-0.303135,0.121618,-0.618865,-0.212877,0.118567,-0.628950,-0.278742
172,17.2000,0.000000,0.000000,0.000000,0.190049,-0.605223,-0.302267,0.031585,-0.591199,-0.304004,0.110817,-0.598211,-0.303135,0.121618,-0.618865,-0.212877,0.118567,-0.628950,-0.278742
173,17.3000,0.000000,0.000000,0.000000,0.190049,-0.605223,-0.302267,0.031585,-0.591199,-0.304004,0.110817,-0.598211,-0.303135,0.121618,-0.618865,-0.212877,0.118567,-0.628950,-0.278742
174,17.4000,0.000000,0.000000,0.000000,0.190049,-0.605223,-0.302267,0.031585,-0.591199,-0.304004,0.110817,-0.598211,-0.303135,0.121618,-0.618865,-0.212877,0.118567,-0.628950,-0.278742
175,17.5000,0.000000,0.000000,0.000000,0.190049,-0.605223,-0.302267,0.031585,-0.591199,-0.304004,0.110817,-0.598211,-0.303135,0.121618,-0.618865,-0.212877,0.118567,-0.628950,-0.278742
176,17.6000,0.000000,0.000000,0.000000,0.190049,-0.605223,-0.302267,0.031585,-0.591199,-0.304004,0.110817,-0.598211,-0.303135,0.121618,-0.618865,-0.212877,0.118567,-0.628950,-0.278742
177,17.7000,0.000000,0.000000,0.000000,0.190049,-0.605223,-0.302267,0.031585,-0.591199,-0.304004,0.110817,-0.598211,-0.303135,0.121618,-0.618865,-0.212877,0.118567,-0.628950,-0.278742
178,17.8000,0.000000,0.000000,0.000000,0.190049,-0.605223,-0.302267,0.031585,-0.591199,-0.304004,0.110817,-0.598211,-0.303135,0.121618,-0.618865,-0.212877,0.118567,-0.628950,-0.278742
179,17.9000,0.000000,0.000000,0.000000,0.190049,-0.605223,-0.302267,0.031585,-0.591199,-0.304004,0.110817,-0.598211,-0.303135,0.121618,-0.618865,-0.212877,0.118567,-0.628950,-0.278742
180,18.0000,0.000000,0.000000,0.000000,0.190049,-0.605223,-0.302267,0.031585,-0.591199,-0.304004,0.110817,-0.598211,-0.303135,0.121618,-0.618865,-0.212877,0.118567,-0.628950,-0.278742
181,18.1000,0.000000,0.000000,0.000000,0.190049,-0.605223,-0.302267,0.031585,-0.591199,-0.304004,0.110817,-0.598211,-0.303135,0.121618,-0.618865,-0.212877,0.118567,-0.628950,-0.278742
182,18.2000,0.000000,0.000000,0.000000,0.190215,-0.604236,-0.302258,0.031563,-0.590185,-0.303997,0.110889,-0.597210,-0.303128,0.121531,-0.619857,-0.212994,0.118482,-0.629947,-0.278780
183,18.3000,0.000000,0.000000,0.000000,0.190042,-0.599216,-0.301179,0.031411,-0.586179,-0.302925,0.110727,-0.592697,-0.302052,0.121445,-0.613845,-0.211799,0.118393,-0.623930,-0.277663
184,18.4000,0.000000,0.000000,0.000000,0.190284,-0.606244,-0.302690,0.031632,-0.592193,-0.304429,0.110958,-0.599219,-0.303559,0.123038,-0.621059,-0.213330,0.118551,-0.631955,-0.279211
185,18.5000,0.000000,0.000000,0.000000,0.190146,-0.602228,-0.301827,0.031494,-0.588177,-0.303566,0.110820,-0.595203,-0.302696,0.121451,-0.617772,-0.213923,0.118497,-0.626942,-0.278310
186,18.6000,0.000000,0.000000,0.000000,0.189876,-0.600204,-0.301188,0.031411,-0.586179,-0.302925,0.110644,-0.593191,-0.302056,0.122884,-0.613039,-0.211703,0.118393,-0.623930,-0.277663
187,18.7000,0.000000,0.000000,0.000000,0.190111,-0.601224,-0.301611,0.031459,-0.587173,-0.303350,0.110785,-0.594199,-0.302480,0.122864,-0.616039,-0.212251,0.118463,-0.625938,-0.278095
188,18.8000,0.000000,0.000000,0.000000,0.190208,-0.598228,-0.301171,0.031411,-0.586179,-0.302925,0.110810,-0.592204,-0.302048,0.121445,-0.613845,-0.211799,0.118309,-0.624927,-0.277701
189,18.9000,0.000000,0.000000,0.000000,0.189876,-0.600204,-0.301188,0.031390,-0.585165,-0.302918,0.110633,-0.592684,-0.302053,0.121532,-0.612852,-0.211682,0.118393,-0.623930,-0.277663
190,19.0000,0.000000,0.000000,0.000000,0.189980,-0.603216,-0.301835,0.031515,-0.589191,-0.303572,0.110747,-0.596203,-0.302704,0.121549,-0.616857,-0.212446,0.118497,-0.626942,-0.278310
191,19.1000,0.000000,0.000000,0.000000,0.189876,-0.600204,-0.301188,0.031411,-0.586179,-0.302925,0.110644,-0.593191,-0.302056,0.121348,-0.614760,-0.213275,0.118393,-0.623930,-0.277663
192,19.2000,0.000000,0.000000,0.000000,0.190042,-0.599216,-0.301179,0.031411,-0.586179,-0.302925,0.110727,-0.592697,-0.302052,0.121348,-0.614760,-0.213275,0.118393,-0.623930,-0.277663
193,19.3000,0.000000,0.000000,0.000000,0.190111,-0.601224,-0.301611,0.031459,-0.587173,-0.303350,0.110785,-0.594199,-0.302480,0.122864,-0.616039,-0.212251,0.118378,-0.626935,-0.278132
194,19.4000,0.000000,0.000000,0.000000,0.189945,-0.602212,-0.301619,0.031481,-0.588187,-0.303356,0.110713,-0.595199,-0.302488,0.122864,-0.616039,-0.212251,0.118463,-0.625938,-0.278095
195,19.5000,0.000000,0.000000,0.000000,0.190049,-0.605223,-0.302267,0.031585,-0.591199,-0.304004,0.110817,-0.598211,-0.303135,0.121618,-0.618865,-0.212877,0.118651,-0.627953,-0.278704
196,19.6000,0.000000,0.000000,0.000000,0.190111,-0.601224,-0.301611,0.031459,-0.587173,-0.303350,0.110785,-0.594199,-0.302480,0.121417,-0.616768,-0.213707,0.118463,-0.625938,-0.278095
197,19.7000,0.000000,0.000000,0.000000,0.190146,-0.602228,-0.301827,0.031494,-0.588177,-0.303566,0.110820,-0.595203,-0.302696,0.121538,-0.616780,-0.213807,0.118497,-0.626942,-0.278310
198,19.8000,0.000000,0.000000,0.000000,0.190042,-0.599216,-0.301179,0.031390,-0.585165,-0.302918,0.110716,-0.592191,-0.302049,0.121358,-0.614837,-0.211915,0.118393,-0.623930,-0.277663
199,19.9000,0.000000,0.000000,0.000000,0.190215,-0.604236,-0.302258,0.031585,-0.591199,-0.304004,0.110900,-0.597717,-0.303131,0.121618,-0.618865,-0.212877,0.118482,-0.629947,-0.278780
200,20.0000,0.000000,0.000000,0.000000,0.190111,-0.601224,-0.301611,0.031481,-0.588187,-0.303356,0.110796,-0.594705,-0.302484,0.122864,-0.616039,-0.212251,0.118378,-0.626935,-0.278132
201,20.1000,0.000000,0.000000,0.000000,0.190111,-0.601224,-0.301611,0.031481,-0.588187,-0.303356,0.110796,-0.594705,-0.302484,0.122864,-0.616039,-0.212251,0.118547,-0.624941,-0.278057
202,20.2000,0.000000,0.000000,0.000000,0.190111,-0.601224,-0.301611,0.031481,-0.588187,-0.303356,0.110796,-0.594705,-0.302484,0.122864,-0.616039,-0.212251,0.118463,-0.625938,-0.278095
203,20.3000,0.000000,0.000000,0.000000,0.189903,-0.595200,-0.300316,0.031251,-0.581149,-0.302055,0.110577,-0.588175,-0.301186,0.121307,-0.609829,-0.210936,0.118340,-0.618917,-0.276762
204,20.4000,0.000000,0.000000,0.000000,0.190049,-0.605223,-0.302267,0.031585,-0.591199,-0.304004,0.110817,-0.598211,-0.303135,0.121618,-0.618865,-0.212877,0.118567,-0.628950,-0.278742
205,20.5000,0.000000,0.000000,0.000000,0.190042,-0.599216,-0.301179,0.031411,-0.586179,-0.302925,0.110727,-0.592697,-0.302052,0.121348,-0.614760,-0.213275,0.118393,-0.623930,-0.277663
206,20.6000,0.000000,0.000000,0.000000,0.190111,-0.601224,-0.301611,0.031459,-0.587173,-0.303350,0.110785,-0.594199,-0.302480,0.121504,-0.615776,-0.213592,0.118378,-0.626935,-0.278132
207,20.7000,0.000000,0.000000,0.000000,0.190284,-0.606244,-0.302690,0.031632,-0.592193,-0.304429,0.110958,-0.599219,-0.303559,0.121590,-0.621788,-0.214786,0.118636,-0.630958,-0.279173
208,20.8000,0.000000,0.000000,0.000000,0.190295,-0.606323,-0.301297,0.031654,-0.593207,-0.304435,0.110975,-0.599765,-0.302866,0.121677,-0.620796,-0.214670,0.118551,-0.631955,-0.279211
209,20.9000,0.000000,0.000000,0.000000,0.189973,-0.597208,-0.300748,0.031342,-0.584171,-0.302493,0.110657,-0.590689,-0.301621,0.121289,-0.612829,-0.211484,0.118324,-0.621922,-0.277232
210,21.0000,0.000000,0.000000,0.000000,0.189876,-0.600204,-0.301188,0.031411,-0.586179,-0.302925,0.110644,-0.593191,-0.302056,0.121445,-0.613845,-0.211799,0.118393,-0.623930,-0.277663
211,21.1000,0.000000,0.000000,0.000000,0.189980,-0.603216,-0.301835,0.031494,-0.588177,-0.303566,0.110737,-0.595696,-0.302700,0.121549,-0.616857,-0.212446,0.118497,-0.626942,-0.278310
212,21.2000,0.000000,0.000000,0.000000,0.190042,-0.599216,-0.301179,0.031411,-0.586179,-0.302925,0.110727,-0.592697,-0.302052,0.121358,-0.614837,-0.211915,0.118309,-0.624927,-0.277701
213,21.3000,0.000000,0.000000,0.000000,0.189876,-0.600204,-0.301188,0.031411,-0.586179,-0.302925,0.110644,-0.593191,-0.302056,0.121348,-0.614760,-0.213275,0.118309,-0.624927,-0.277701
214,21.4000,0.000000,0.000000,0.000000,0.190053,-0.599295,-0.299787,0.031390,-0.585165,-0.302918,0.110721,-0.592230,-0.301352,0.121358,-0.614837,-0.211915,0.118309,-0.624927,-0.277701
215,21.5000,0.000000,0.000000,0.000000,0.190111,-0.601224,-0.301611,0.031459,-0.587173,-0.303350,0.110785,-0.594199,-0.302480,0.121515,-0.615853,-0.212230,0.118463,-0.625938,-0.278095
216,21.6000,0.000000,0.000000,0.000000,0.189980,-0.603216,-0.301835,0.031494,-0.588177,-0.303566,0.110737,-0.595696,-0.302700,0.121549,-0.616857,-0.212446,0.118497,-0.626942,-0.278310
217,21.7000,0.000000,0.000000,0.000000,0.189945,-0.602212,-0.301619,0.031481,-0.588187,-0.303356,0.110713,-0.595199,-0.302488,0.121515,-0.615853,-0.212230,0.118378,-0.626935,-0.278132
218,21.8000,0.000000,0.000000,0.000000,0.189980,-0.603216,-0.301835,0.031515,-0.589191,-0.303572,0.110747,-0.596203,-0.302704,0.121549,-0.616857,-0.212446,0.118413,-0.627939,-0.278348
