Format Version,1.23,Take Name,heart_sim_output,Take Notes,,Capture Frame Rate,10,Export Frame Rate,10,Capture Start Time,3/17/2026 18:05,Total Frames in Take,,Total Exported Frames,,Rotation Type,XYZ,Length Units,Meters,Coordinate Space,Global,
,,,,,,,,,,,,,,,,,,,,,,
,Type,Rigid Body Marker,Rigid Body Marker,Rigid Body Marker,Rigid Body Marker,Rigid Body Marker,Rigid Body Marker,Rigid Body Marker,Rigid Body Marker,Rigid Body Marker,Marker,Marker,Marker,Marker,Marker,Marker,Marker,Marker,Marker,Marker,Marker,Marker
,Name,Tag1,Tag1,Tag1,Tag2,Tag2,Tag2,Midpoint,Midpoint,Midpoint,Purple,Purple,Purple,Pink,Pink,Pink,Green,Green,Green,Yellow,Yellow,Yellow
,ID,Tag1,Tag1,Tag1,Tag2,Tag2,Tag2,Midpoint,Midpoint,Midpoint,Purple,Purple,Purple,Pink,Pink,Pink,Green,Green,Green,Yellow,Yellow,Yellow
,,Position,Position,Position,Position,Position,Position,Position,Position,Position,Position,Position,Position,Position,Position,Position,Position,Position,Position,Position,Position,Position
Frame,Time (Seconds),X,Y,Z,X,Y,Z,X,Y,Z,X,Y,Z,X,Y,Z,X,Y,Z,X,Y,Z
0,0,0.129555,-0.10741,0.085876,0.006122,-0.113146,0.087667,0.067838,-0.110278,0.086772,0.039432,-0.158389,0.143464,0.072753,-0.160371,0.143449,0.042415,-0.161493,0.096943,0.069246,-0.163031,0.096252
1,0.1,0.129458,-0.107051,0.086007,0.0058,-0.114486,0.087535,0.067629,-0.110769,0.086771,0.039293,-0.158374,0.143958,0.072649,-0.160307,0.143479,0.042322,-0.161407,0.096965,0.06911,-0.164013,0.096197
2,0.2,0.129561,-0.107848,0.08595,0.005735,-0.115615,0.087499,0.067648,-0.111732,0.086725,0.038866,-0.158263,0.144463,0.072704,-0.160285,0.143529,0.042387,-0.161416,0.097009,0.069219,-0.162953,0.096331
3,0.3,0.129449,-0.106705,0.086035,0.006011,-0.11353,0.087646,0.06773,-0.110118,0.086841,0.039328,-0.158482,0.144432,0.07272,-0.160338,0.143474,0.042383,-0.161459,0.096967,0.069136,-0.164122,0.096667
4,0.4,0.129425,-0.106828,0.086054,0.005753,-0.114843,0.087496,0.067589,-0.110835,0.086775,0.038891,-0.158247,0.143945,0.072692,-0.160348,0.143469,0.042457,-0.160428,0.097042,0.069144,-0.164062,0.096187
5,0.5,0.129504,-0.106747,0.086043,0.006027,-0.113836,0.087611,0.067766,-0.110292,0.086827,0.039318,-0.159413,0.143993,0.072785,-0.160274,0.143486,0.042454,-0.161405,0.096975,0.069656,-0.16423,0.096688
6,0.6,0.129488,-0.107225,0.085913,0.005785,-0.114612,0.087473,0.067637,-0.110919,0.086693,0.039302,-0.158495,0.144384,0.072694,-0.160355,0.143428,0.042361,-0.161453,0.096918,0.069149,-0.164054,0.096145
7,0.7,0.12951,-0.107077,0.086029,0.005964,-0.113776,0.087634,0.067737,-0.110427,0.086831,0.039366,-0.158342,0.144003,0.072722,-0.160259,0.143528,0.0424,-0.161388,0.097012,0.069226,-0.163917,0.095772
8,0.8,0.129508,-0.106959,0.085982,0.005974,-0.114152,0.087585,0.067741,-0.110556,0.086784,0.03943,-0.158418,0.143977,0.072787,-0.160324,0.143494,0.042555,-0.160436,0.097065,0.069244,-0.164053,0.096213
9,0.9,0.129479,-0.106274,0.086184,0.006085,-0.113439,0.087676,0.067782,-0.109856,0.08693,0.03938,-0.158396,0.144464,0.072772,-0.160242,0.14351,0.042442,-0.161377,0.096999,0.069232,-0.163966,0.096229
10,1,0.129502,-0.107324,0.085891,0.005741,-0.114836,0.087458,0.067621,-0.11108,0.086675,0.039371,-0.158382,0.143442,0.072691,-0.160376,0.143425,0.04235,-0.161481,0.09692,0.069585,-0.164258,0.096153
11,1.1,0.129474,-0.107341,0.086026,0.006002,-0.113214,0.087697,0.067738,-0.110278,0.086862,0.038844,-0.158177,0.143958,0.072609,-0.161357,0.143513,0.042317,-0.161379,0.096975,0.068658,-0.16381,0.096196
12,1.2,0.129445,-0.10712,0.085992,0.005866,-0.114055,0.087546,0.067656,-0.110588,0.086769,0.039422,-0.157358,0.143893,0.072667,-0.160339,0.143427,0.042323,-0.161431,0.096923,0.069558,-0.164214,0.096154
13,1.3,0.129446,-0.106884,0.086009,0.005921,-0.1149,0.087553,0.067683,-0.110892,0.086781,0.039367,-0.158446,0.143965,0.072724,-0.16036,0.143485,0.042395,-0.161497,0.096973,0.069184,-0.164088,0.096204
14,1.4,0.129561,-0.107024,0.086028,0.005987,-0.114017,0.087637,0.067774,-0.11052,0.086833,0.039447,-0.1583,0.144,0.072804,-0.160212,0.143515,0.042469,-0.161338,0.097007,0.069706,-0.164102,0.096243
15,1.5,0.12946,-0.106976,0.086057,0.005933,-0.113839,0.087605,0.067697,-0.110408,0.086831,0.038889,-0.158236,0.143936,0.072691,-0.160332,0.143465,0.042362,-0.161442,0.096953,0.069115,-0.164106,0.096657
16,1.6,0.129537,-0.107466,0.085972,0.005633,-0.11552,0.087395,0.067585,-0.111493,0.086684,0.038921,-0.158235,0.143949,0.072723,-0.160321,0.14348,0.042398,-0.161449,0.096966,0.069635,-0.164213,0.096208
17,1.7,0.129489,-0.107052,0.086032,0.005924,-0.113943,0.087618,0.067707,-0.110497,0.086825,0.038334,-0.159036,0.143993,0.072224,-0.160151,0.143965,0.042474,-0.160347,0.097077,0.069162,-0.163974,0.096231
18,1.8,0.129406,-0.106878,0.08588,0.00579,-0.114434,0.087492,0.067598,-0.110656,0.086686,0.038824,-0.1584,0.144304,0.072227,-0.159267,0.143767,0.042406,-0.160497,0.096927,0.069055,-0.164207,0.096533
19,1.9,0.129434,-0.106946,0.085977,0.005831,-0.114231,0.087573,0.067632,-0.110588,0.086775,0.038817,-0.158322,0.144415,0.072186,-0.159236,0.144362,0.042294,-0.161539,0.097442,0.069126,-0.163082,0.096751
20,2,0.129479,-0.106323,0.086169,0.005807,-0.115046,0.087472,0.067643,-0.110685,0.086821,0.037788,-0.160076,0.144969,0.071875,-0.158998,0.144395,0.042413,-0.161485,0.097488,0.069239,-0.164007,0.096236
21,2.1,0.129426,-0.106646,0.086087,0.005965,-0.113605,0.087654,0.067696,-0.110125,0.086871,0.037656,-0.160064,0.144965,0.07171,-0.159069,0.144853,0.042283,-0.161475,0.097484,0.069072,-0.164077,0.096708
22,2.2,0.129456,-0.106603,0.085999,0.006002,-0.113648,0.087685,0.067729,-0.110125,0.086842,0.037758,-0.160079,0.144961,0.071415,-0.157825,0.144806,0.04248,-0.16046,0.09756,0.069169,-0.164082,0.096701
23,2.3,0.129506,-0.107423,0.085997,0.00579,-0.114921,0.087456,0.067648,-0.111172,0.086727,0.037067,-0.161153,0.145899,0.070892,-0.157801,0.145225,0.042423,-0.160535,0.097529,0.069111,-0.164165,0.09667
24,2.4,0.129515,-0.107044,0.086026,0.005859,-0.11448,0.087542,0.067687,-0.110762,0.086784,0.036592,-0.161918,0.14542,0.070909,-0.15782,0.145661,0.042472,-0.16048,0.097506,0.069567,-0.165334,0.096571
25,2.5,0.129466,-0.107005,0.085945,0.005835,-0.114385,0.087568,0.06765,-0.110695,0.086756,0.03654,-0.161889,0.145449,0.070427,-0.157638,0.145676,0.042314,-0.161488,0.097455,0.06906,-0.165148,0.096587
26,2.6,0.129491,-0.107338,0.085966,0.00591,-0.114146,0.087533,0.067701,-0.110742,0.086749,0.036553,-0.161974,0.145388,0.070403,-0.157778,0.14608,0.042435,-0.160532,0.097475,0.06908,-0.165217,0.09653
27,2.7,0.129445,-0.106782,0.086031,0.005788,-0.114918,0.087507,0.067616,-0.11085,0.086769,0.036592,-0.161959,0.145433,0.07001,-0.157593,0.146103,0.042459,-0.160534,0.097517,0.069062,-0.166272,0.096482
28,2.8,0.129466,-0.106826,0.085999,0.005809,-0.114678,0.087484,0.067638,-0.110752,0.086742,0.036308,-0.159828,0.146279,0.070053,-0.156514,0.146043,0.042434,-0.160587,0.097963,0.069081,-0.165266,0.09701
29,2.9,0.129496,-0.106822,0.086038,0.005906,-0.114404,0.087567,0.067701,-0.110613,0.086803,0.036295,-0.159752,0.146349,0.07004,-0.156436,0.146124,0.041815,-0.162335,0.097385,0.069078,-0.166181,0.096532
30,3,0.129467,-0.107192,0.085987,0.005745,-0.114718,0.087486,0.067606,-0.110955,0.086736,0.036233,-0.159808,0.14631,0.069512,-0.156397,0.146533,0.042373,-0.160568,0.097996,0.069055,-0.165187,0.096575
31,3.1,0.129541,-0.107708,0.08591,0.005907,-0.114249,0.087528,0.067724,-0.110979,0.086719,0.03628,-0.159841,0.146273,0.069559,-0.156429,0.14649,0.041854,-0.161456,0.097869,0.068644,-0.165043,0.096522
32,3.2,0.129495,-0.106676,0.086096,0.006076,-0.113301,0.08767,0.067786,-0.109989,0.086883,0.036303,-0.159777,0.146294,0.06915,-0.156192,0.146504,0.041881,-0.161385,0.09789,0.068629,-0.166022,0.096461
33,3.3,0.129392,-0.106647,0.08598,0.005713,-0.11483,0.087493,0.067553,-0.110739,0.086736,0.036175,-0.159778,0.146305,0.06899,-0.15628,0.146969,0.041748,-0.16139,0.0979,0.068905,-0.166288,0.096955
34,3.4,0.12949,-0.107281,0.086039,0.005933,-0.113991,0.087601,0.067712,-0.110636,0.08682,0.03624,-0.15979,0.146333,0.068542,-0.157247,0.147487,0.041822,-0.161411,0.09793,0.068612,-0.165002,0.096588
35,3.5,0.129567,-0.107335,0.085946,0.005945,-0.114319,0.087592,0.067756,-0.110827,0.086769,0.036367,-0.159777,0.146348,0.068235,-0.157052,0.147478,0.04193,-0.161408,0.097943,0.068678,-0.166043,0.096508
36,3.6,0.129557,-0.107713,0.085935,0.005942,-0.11389,0.08764,0.06775,-0.110801,0.086787,0.036299,-0.159794,0.146327,0.068213,-0.155993,0.147439,0.041887,-0.161414,0.097925,0.069126,-0.165166,0.096594
37,3.7,0.129533,-0.107357,0.085984,0.005818,-0.114808,0.087452,0.067675,-0.111083,0.086718,0.036273,-0.15976,0.146293,0.067721,-0.155866,0.147851,0.041955,-0.16033,0.097969,0.069012,-0.166243,0.096946
38,3.8,0.129471,-0.106883,0.086102,0.005997,-0.113468,0.087719,0.067734,-0.110175,0.08691,,,,0.067638,-0.156932,0.148443,0.041865,-0.16132,0.097983,0.068656,-0.164901,0.096646
39,3.9,0.129536,-0.107544,0.086013,0.005865,-0.114092,0.087594,0.067701,-0.110818,0.086803,,,,0.067586,-0.156953,0.14841,0.041803,-0.161311,0.097952,0.068556,-0.164972,0.097085
40,4,0.129448,-0.106561,0.086098,0.005846,-0.114185,0.087538,0.067647,-0.110373,0.086818,,,,0.067641,-0.155963,0.148312,0.041905,-0.160355,0.097973,0.068547,-0.166037,0.096464
41,4.1,0.129411,-0.106633,0.08595,0.005682,-0.115239,0.087411,0.067546,-0.110936,0.08668,,,,0.067238,-0.155831,0.148256,0.041922,-0.160391,0.097932,0.069013,-0.166247,0.096426
42,4.2,0.129419,-0.106455,0.086053,0.005861,-0.11416,0.087546,0.06764,-0.110307,0.0868,,,,0.067247,-0.154726,0.148258,0.041795,-0.161391,0.097883,0.068548,-0.165052,0.097013
43,4.3,0.129535,-0.10736,0.085927,0.006092,-0.113472,0.087628,0.067814,-0.110416,0.086777,,,,0.067299,-0.155767,0.148314,0.041893,-0.161386,0.097907,0.068684,-0.164967,0.09656
44,4.4,0.129489,-0.107003,0.086067,0.005806,-0.114812,0.087512,0.067647,-0.110908,0.08679,,,,0.066888,-0.154486,0.148315,0.041872,-0.161349,0.097951,0.068627,-0.164998,0.097084
45,4.5,0.12961,-0.108068,0.085815,0.005825,-0.114716,0.087468,0.067718,-0.111392,0.086642,,,,0.066797,-0.155695,0.148739,0.041814,-0.161476,0.098369,0.068604,-0.165063,0.097012
46,4.6,0.12938,-0.106152,0.086118,0.00604,-0.113312,0.087659,0.06771,-0.109732,0.086888,,,,0.066825,-0.15464,0.148698,0.041789,-0.161487,0.098366,0.068613,-0.165014,0.096532
47,4.7,0.129386,-0.10656,0.086014,0.005973,-0.11373,0.08757,0.06768,-0.110145,0.086792,,,,0.06642,-0.15342,0.148641,0.041778,-0.161502,0.098348,0.069017,-0.165265,0.097005
48,4.8,0.129482,-0.106756,0.086006,0.005914,-0.11434,0.087564,0.067698,-0.110548,0.086785,,,,0.066381,-0.155596,0.149186,0.04197,-0.160451,0.098443,0.068615,-0.166118,0.096926
49,4.9,0.129492,-0.107178,0.085899,0.006041,-0.113499,0.087623,0.067767,-0.110339,0.086761,,,,0.065942,-0.15438,0.14913,0.041807,-0.161501,0.098358,0.068596,-0.165089,0.097001
50,5,0.129494,-0.107173,0.086047,0.005969,-0.113769,0.087675,0.067732,-0.110471,0.086861,,,,0.065945,-0.154292,0.149207,0.041262,-0.16228,0.098343,0.068611,-0.165013,0.09708
51,5.1,0.129437,-0.106962,0.086022,0.00568,-0.115172,0.087427,0.067559,-0.111067,0.086725,,,,0.065433,-0.154193,0.149613,0.041877,-0.160381,0.098464,0.068563,-0.165003,0.097036
52,5.2,0.129421,-0.107077,0.085939,0.00584,-0.11428,0.08753,0.06763,-0.110679,0.086735,,,,0.065421,-0.154274,0.149594,0.041758,-0.1615,0.09837,0.068504,-0.166147,0.096937
53,5.3,0.129537,-0.107971,0.085884,0.005777,-0.114687,0.087503,0.067657,-0.111329,0.086693,,,,0.065455,-0.154243,0.149633,0.041235,-0.162333,0.098321,0.068091,-0.165945,0.096966
54,5.4,0.129582,-0.107416,0.085927,0.006154,-0.113211,0.087685,0.067868,-0.110313,0.086806,,,,0.065534,-0.15425,0.149632,0.04142,-0.16133,0.098401,0.069078,-0.165323,0.097545
55,5.5,0.129495,-0.106789,0.086067,0.005968,-0.113632,0.087668,0.067731,-0.11021,0.086867,,,,0.065885,-0.154273,0.149226,0.04125,-0.161738,0.098402,0.068545,-0.164995,0.0971
56,5.6,0.129503,-0.107376,0.085937,0.006016,-0.113536,0.087613,0.06776,-0.110456,0.086775,,,,0.065919,-0.154363,0.149133,0.041336,-0.161296,0.098346,0.069028,-0.165238,0.097012
57,5.7,0.129551,-0.107253,0.085957,0.005886,-0.11435,0.08754,0.067718,-0.110802,0.086748,,,,0.066426,-0.154499,0.149163,0.041965,-0.160439,0.09846,0.068206,-0.164876,0.097017
58,5.8,0.129326,-0.106319,0.086061,0.005692,-0.115126,0.087434,0.067509,-0.110722,0.086748,,,,0.066324,-0.154523,0.148663,0.04172,-0.161518,0.098336,0.068508,-0.165119,0.096979
59,5.9,0.12944,-0.106932,0.085987,0.005681,-0.115597,0.087349,0.06756,-0.111265,0.086668,,,,0.066857,-0.15459,0.148243,0.041929,-0.160409,0.097964,0.068536,-0.166151,0.096929
60,6,0.12949,-0.107094,0.086079,0.00617,-0.112665,0.087763,0.06783,-0.10988,0.086921,,,,0.067216,-0.155741,0.148388,0.041882,-0.160846,0.098011,0.068542,-0.166068,0.09703
61,6.1,0.129386,-0.106733,0.086049,0.005819,-0.114424,0.087553,0.067603,-0.110579,0.086801,0.063658,-0.156471,0.147436,0.067622,-0.15591,0.14791,0.041759,-0.161422,0.097948,0.068469,-0.166138,0.097002
62,6.2,0.129472,-0.106862,0.086049,0.006004,-0.113746,0.087634,0.067738,-0.110304,0.086842,0.063767,-0.156432,0.14744,0.068116,-0.157108,0.147959,0.041971,-0.160361,0.098031,0.069066,-0.166201,0.096538
63,6.3,0.129432,-0.106579,0.086116,0.005854,-0.114275,0.087569,0.067643,-0.110427,0.086843,0.06372,-0.156453,0.147414,0.068104,-0.157068,0.147474,0.041818,-0.161393,0.097926,0.068607,-0.164985,0.096583
64,6.4,0.129497,-0.107537,0.085949,0.00591,-0.114208,0.087572,0.067703,-0.110872,0.086761,0.063745,-0.156498,0.147394,0.068562,-0.157281,0.147462,0.041835,-0.161452,0.09791,0.068624,-0.165039,0.096564
65,6.5,0.129535,-0.107237,0.086017,0.005946,-0.114119,0.08761,0.067741,-0.110678,0.086813,0.063799,-0.156475,0.147415,0.068616,-0.157256,0.147483,0.041896,-0.161443,0.097929,0.068644,-0.166075,0.096503
66,6.6,0.129499,-0.107118,0.086035,0.006047,-0.113543,0.087697,0.067773,-0.11033,0.086866,0.063749,-0.15642,0.147448,0.068601,-0.157138,0.147059,0.041854,-0.161379,0.097959,0.068602,-0.166017,0.096537
67,6.7,0.128604,-0.09921,0.08667,0.005855,-0.114116,0.087581,0.067229,-0.106663,0.087126,0.063676,-0.156495,0.147379,0.069004,-0.156311,0.146964,0.042321,-0.160579,0.097983,0.068553,-0.165032,0.096547
68,6.8,0.129525,-0.107309,0.085983,0.005946,-0.114054,0.087613,0.067736,-0.110681,0.086798,0.063782,-0.156455,0.14742,0.069576,-0.156373,0.146555,0.042423,-0.160562,0.098028,0.068613,-0.166056,0.096507
69,6.9,0.12947,-0.10642,0.086051,0.005862,-0.114616,0.0875,0.067666,-0.110518,0.086775,0.036183,-0.160841,0.14633,0.069969,-0.157618,0.146558,0.042469,-0.160491,0.097503,0.069116,-0.165168,0.096559
70,7,0.129503,-0.106859,0.086052,0.00593,-0.114244,0.087596,0.067717,-0.110552,0.086824,0.036625,-0.160982,0.146424,0.069996,-0.15751,0.146194,0.042379,-0.161507,0.09751,0.069129,-0.165144,0.096657
71,7.1,0.129457,-0.107107,0.086084,0.005772,-0.114597,0.087534,0.067614,-0.110852,0.086809,0.03653,-0.160974,0.146373,0.070336,-0.157693,0.146152,0.042382,-0.160446,0.097539,0.068992,-0.165199,0.097077
72,7.2,0.129485,-0.10738,0.08599,0.005807,-0.114575,0.087509,0.067646,-0.110978,0.08675,0.03637,-0.163041,0.145923,0.070409,-0.157678,0.145648,0.042403,-0.160485,0.097503,0.069089,-0.164121,0.09664
73,7.3,0.129576,-0.107374,0.086012,0.005888,-0.114349,0.087558,0.067732,-0.110861,0.086785,0.036423,-0.163004,0.14597,0.070892,-0.157797,0.145706,0.042458,-0.160457,0.09755,0.069146,-0.164084,0.09669
74,7.4,0.129541,-0.107561,0.085931,0.00601,-0.113619,0.087636,0.067776,-0.11059,0.086784,0.037096,-0.161055,0.145406,0.070851,-0.157839,0.145666,0.042414,-0.160484,0.097511,0.069059,-0.165173,0.096566
75,7.5,0.129535,-0.107565,0.085879,0.00583,-0.114714,0.087482,0.067682,-0.111139,0.086681,0.036444,-0.162941,0.145462,0.070873,-0.158815,0.145246,0.042341,-0.161484,0.09744,0.06913,-0.164082,0.096659
76,7.6,0.129484,-0.107023,0.08601,0.005945,-0.11403,0.087595,0.067715,-0.110527,0.086802,0.037102,-0.161997,0.144492,0.071328,-0.159036,0.145249,0.042353,-0.161558,0.09744,0.06959,-0.164325,0.096665
77,7.7,0.129524,-0.10747,0.086005,0.005775,-0.114907,0.0875,0.067649,-0.111188,0.086753,0.037708,-0.16012,0.144927,0.071293,-0.15901,0.145264,0.042434,-0.160495,0.097526,0.069123,-0.164121,0.096669
78,7.8,0.129472,-0.10701,0.08593,0.005874,-0.114447,0.08746,0.067673,-0.110729,0.086695,0.037663,-0.160266,0.145339,0.071753,-0.159199,0.144745,0.042316,-0.161599,0.097382,0.069141,-0.164131,0.096126
79,7.9,0.129504,-0.107589,0.085968,0.005807,-0.114529,0.087499,0.067655,-0.111059,0.086734,0.038103,-0.160297,0.144918,0.071745,-0.159069,0.144329,0.042374,-0.160494,0.097507,0.069061,-0.164131,0.096645
80,8,0.129518,-0.107,0.08604,0.005916,-0.114014,0.087613,0.067717,-0.110507,0.086827,0.038842,-0.158353,0.144906,0.07221,-0.16027,0.144405,0.042351,-0.1615,0.09746,0.069177,-0.164026,0.09621
81,8.1,0.12942,-0.1061,0.086205,0.005914,-0.114115,0.08764,0.067667,-0.110107,0.086922,0.037756,-0.159956,0.144547,0.072206,-0.160197,0.144486,0.042383,-0.161377,0.097059,0.06962,-0.164146,0.096302
82,8.2,0.129518,-0.107281,0.086048,0.005699,-0.115246,0.087435,0.067609,-0.111264,0.086741,0.038784,-0.158374,0.144911,0.072187,-0.160236,0.143951,0.042398,-0.160495,0.097546,0.069121,-0.16406,0.096217
83,8.3,0.129586,-0.107539,0.085936,0.005858,-0.114902,0.087512,0.067722,-0.111221,0.086724,0.038782,-0.159465,0.144942,0.072297,-0.160267,0.143941,0.042626,-0.159462,0.097148,0.06962,-0.165343,0.096136
84,8.4,0.129519,-0.106943,0.086081,0.005852,-0.114692,0.087529,0.067685,-0.110818,0.086805,0.039216,-0.159425,0.144527,0.072684,-0.160297,0.144013,0.042394,-0.161358,0.097037,0.069106,-0.165075,0.096661
85,8.5,0.129398,-0.106176,0.086075,0.005869,-0.114195,0.08757,0.067634,-0.110186,0.086823,0.038841,-0.1583,0.144398,0.072643,-0.160397,0.143912,0.042344,-0.16144,0.096942,0.068649,-0.163933,0.096633
86,8.6,0.129431,-0.107048,0.08602,0.006084,-0.113001,0.087726,0.067758,-0.110025,0.086873,0.038641,-0.160306,0.143998,0.072197,-0.160211,0.143925,0.042332,-0.161426,0.096964,0.069567,-0.164203,0.096201
87,8.7,0.129439,-0.106824,0.086028,0.005939,-0.113666,0.08765,0.067689,-0.110245,0.086839,0.038691,-0.159339,0.144438,0.072605,-0.160394,0.143929,0.042309,-0.161436,0.096956,0.069544,-0.164214,0.096195
88,8.8,0.129432,-0.106382,0.086063,0.005975,-0.11394,0.08756,0.067703,-0.110161,0.086812,0.039328,-0.158552,0.144374,0.072685,-0.160472,0.143872,0.042377,-0.161519,0.096908,0.069166,-0.164116,0.09613
89,8.9,0.129498,-0.1072,0.08598,0.005808,-0.114934,0.087501,0.067653,-0.111067,0.086741,0.039181,-0.159612,0.144973,0.07265,-0.161486,0.144008,0.04239,-0.161495,0.097009,0.069627,-0.164258,0.09625
90,9,0.129463,-0.106951,0.086059,0.005767,-0.114977,0.087495,0.067615,-0.110964,0.086777,0.039203,-0.159518,0.144473,0.072671,-0.160389,0.143953,0.042374,-0.161447,0.096981,0.069128,-0.164108,0.096685
91,9.1,0.129445,-0.10698,0.085893,0.005841,-0.114268,0.087513,0.067643,-0.110624,0.086703,0.03926,-0.158518,0.144354,0.072616,-0.160452,0.143848,0.042301,-0.16148,0.096887,0.069535,-0.164263,0.096114
92,9.2,0.129484,-0.106718,0.085996,0.005915,-0.114144,0.08759,0.0677,-0.110431,0.086793,0.038783,-0.159364,0.144441,0.072262,-0.160241,0.143914,0.04249,-0.160439,0.09704,0.069624,-0.164241,0.096191
93,9.3,0.129549,-0.107576,0.085875,0.005849,-0.114565,0.087476,0.067699,-0.111071,0.086676,0.037724,-0.16021,0.144856,0.071777,-0.159214,0.144728,0.042329,-0.161605,0.097372,0.0696,-0.164314,0.096118
94,9.4,0.129479,-0.106968,0.08603,0.0057,-0.11502,0.087476,0.06759,-0.110994,0.086753,0.036322,-0.163108,0.146392,0.070844,-0.158316,0.145209,0.042398,-0.160482,0.097495,0.069085,-0.164115,0.096636
95,9.5,0.129506,-0.107763,0.085872,0.005798,-0.114593,0.087493,0.067652,-0.111178,0.086682,0.035877,-0.162934,0.146377,0.070407,-0.15667,0.14606,0.04229,-0.16152,0.097409,0.069079,-0.164124,0.096624
96,9.6,0.128645,-0.098715,0.086781,0.005868,-0.114592,0.087511,0.067256,-0.106653,0.087146,0.035932,-0.162939,0.14641,0.06952,-0.15746,0.146569,0.042419,-0.160569,0.098003,0.068611,-0.166062,0.096488
97,9.7,0.129482,-0.107004,0.085934,0.00604,-0.113338,0.087669,0.067761,-0.110171,0.086801,0.035915,-0.162916,0.146409,0.068569,-0.157238,0.147459,0.04173,-0.162435,0.097834,0.068578,-0.166049,0.096478
98,9.8,0.129521,-0.107473,0.085971,0.006005,-0.113445,0.087663,0.067763,-0.110459,0.086817,0.035873,-0.162897,0.146437,0.067673,-0.155871,0.147908,0.041812,-0.16138,0.097943,0.068523,-0.166089,0.096997
99,9.9,0.129531,-0.106849,0.086088,0.00591,-0.114229,0.087568,0.06772,-0.110539,0.086828,0.035934,-0.16291,0.14643,0.067264,-0.155764,0.148351,0.041841,-0.161464,0.098418,0.06904,-0.166268,0.097003
100,10,0.129413,-0.106884,0.086023,0.005647,-0.115305,0.087427,0.06753,-0.111095,0.086725,0.035832,-0.162909,0.146401,0.06632,-0.154442,0.14872,0.041731,-0.161455,0.098388,0.06852,-0.165049,0.09704
101,10.1,0.129577,-0.107686,0.085889,0.005942,-0.114051,0.087553,0.06776,-0.110868,0.086721,0.035902,-0.162936,0.146386,0.066356,-0.154532,0.149156,0.041686,-0.162506,0.098294,0.068578,-0.165068,0.097016
102,10.2,0.129444,-0.10676,0.086046,0.005813,-0.114734,0.087534,0.067628,-0.110747,0.08679,0.035901,-0.162963,0.146424,0.066353,-0.154551,0.149191,0.041791,-0.161525,0.098409,0.068987,-0.166341,0.096985
103,10.3,0.129458,-0.106526,0.086143,0.005924,-0.114063,0.087585,0.067691,-0.110294,0.086864,0.03587,-0.162909,0.146441,0.06632,-0.154495,0.149223,0.041678,-0.162493,0.098351,0.068572,-0.165045,0.097088
104,10.4,0.129503,-0.107651,0.085802,0.005828,-0.114686,0.087453,0.067666,-0.111169,0.086627,0.035881,-0.163069,0.146326,0.06637,-0.154604,0.148632,0.041654,-0.162644,0.098233,0.068546,-0.165208,0.096949
105,10.5,0.129475,-0.107408,0.08595,0.005905,-0.113922,0.087582,0.06769,-0.110665,0.086766,,,,0.066757,-0.154669,0.1487,0.041846,-0.160482,0.098435,0.068533,-0.165104,0.097009
106,10.6,0.129511,-0.106713,0.086066,0.005842,-0.114672,0.087542,0.067676,-0.110692,0.086804,,,,0.066866,-0.154532,0.148801,0.041997,-0.160313,0.098055,0.068686,-0.164921,0.096639
107,10.7,0.129538,-0.10736,0.085923,0.005874,-0.114512,0.087528,0.067706,-0.110936,0.086725,,,,0.067276,-0.155826,0.148297,0.041861,-0.161442,0.097895,0.068123,-0.165975,0.096928
108,10.8,0.129409,-0.106403,0.085986,0.005818,-0.114493,0.087495,0.067613,-0.110448,0.086741,,,,0.068075,-0.1572,0.147855,0.041814,-0.161454,0.097852,0.068974,-0.166337,0.096907
109,10.9,0.129514,-0.106908,0.08606,0.005908,-0.114353,0.08761,0.067711,-0.110631,0.086835,,,,0.068622,-0.157221,0.147525,0.041898,-0.161422,0.097974,0.069137,-0.165172,0.096639
110,11,0.129423,-0.106815,0.086099,0.005863,-0.114375,0.087575,0.067643,-0.110595,0.086837,,,,0.069505,-0.156337,0.14656,0.042364,-0.160502,0.098024,0.069009,-0.16519,0.097077
111,11.1,0.129415,-0.10675,0.086005,0.005954,-0.113704,0.087637,0.067685,-0.110227,0.086821,0.035981,-0.161882,0.146388,0.070353,-0.157734,0.146134,0.042382,-0.160493,0.097531,0.069475,-0.165358,0.096595
112,11.2,0.1295,-0.106678,0.086023,0.005965,-0.114077,0.08764,0.067733,-0.110377,0.086831,0.037624,-0.161218,0.145483,0.070923,-0.158816,0.145302,0.042391,-0.161529,0.097498,0.069665,-0.164222,0.096253
113,11.3,0.129491,-0.106774,0.086018,0.005861,-0.115311,0.087504,0.067676,-0.111042,0.086761,0.038768,-0.159406,0.144919,0.071815,-0.1591,0.144803,0.042372,-0.161509,0.097445,0.069162,-0.164104,0.096659
114,11.4,0.129393,-0.106654,0.085993,0.005944,-0.113633,0.087639,0.067669,-0.110143,0.086816,0.038191,-0.159217,0.144911,0.072116,-0.160281,0.144389,0.042289,-0.161421,0.096965,0.069524,-0.164203,0.096203
115,11.5,0.12947,-0.107118,0.085958,0.005956,-0.113807,0.087623,0.067713,-0.110463,0.086791,0.038233,-0.159254,0.14492,0.072123,-0.161383,0.144425,0.042433,-0.160439,0.097056,0.06949,-0.165366,0.096605
116,11.6,0.12944,-0.10743,0.085928,0.0059,-0.113946,0.087548,0.06767,-0.110688,0.086738,0.039219,-0.158533,0.144356,0.07214,-0.160307,0.143842,0.042262,-0.161492,0.096889,0.069049,-0.164107,0.096108
117,11.7,0.129521,-0.107539,0.085908,0.006047,-0.113452,0.08767,0.067784,-0.110496,0.086789,0.039245,-0.158553,0.144903,0.072165,-0.161329,0.143941,0.042421,-0.160437,0.097046,0.069071,-0.164145,0.096657
118,11.8,0.129441,-0.106467,0.086096,0.005992,-0.11373,0.087616,0.067716,-0.110099,0.086856,0.038766,-0.159374,0.144407,0.07268,-0.160418,0.143893,0.042582,-0.1594,0.097087,0.069168,-0.164058,0.096149
119,11.9,0.129466,-0.106608,0.086048,0.005868,-0.114658,0.087513,0.067667,-0.110633,0.08678,0.038924,-0.158294,0.143935,0.072221,-0.161352,0.143937,0.04239,-0.161507,0.096951,0.069627,-0.164272,0.096187
120,12,0.129413,-0.106691,0.086032,0.005656,-0.115407,0.087365,0.067535,-0.111049,0.086698,0.039174,-0.159533,0.143941,0.072606,-0.160475,0.143895,0.042309,-0.161522,0.096923,0.069062,-0.164188,0.096626
121,12.1,0.129528,-0.106932,0.086043,0.005889,-0.114619,0.087534,0.067708,-0.110775,0.086789,0.038857,-0.159254,0.144029,0.072701,-0.161434,0.144011,0.042528,-0.160409,0.097101,0.069664,-0.164206,0.096254
122,12.2,0.12935,-0.106518,0.086046,0.005921,-0.113641,0.087568,0.067635,-0.11008,0.086807,0.039182,-0.158568,0.144357,0.072103,-0.160341,0.143851,0.042338,-0.160491,0.096972,0.069023,-0.164137,0.096116
123,12.3,0.129478,-0.107127,0.085893,0.005869,-0.11431,0.087513,0.067674,-0.110719,0.086703,0.039287,-0.158527,0.144373,0.072643,-0.160456,0.143868,0.042432,-0.160462,0.096988,0.069529,-0.164338,0.096609
124,12.4,0.129492,-0.107093,0.086028,0.006007,-0.113776,0.087604,0.06775,-0.110434,0.086816,0.039193,-0.159557,0.144441,0.072661,-0.160429,0.143918,0.042914,-0.16063,0.09704,0.069148,-0.164082,0.096175
125,12.5,0.129499,-0.107253,0.08598,0.005834,-0.114519,0.087506,0.067666,-0.110886,0.086743,0.038863,-0.158323,0.143884,0.072629,-0.160492,0.143863,0.042421,-0.160492,0.09698,0.069554,-0.164303,0.09613
126,12.6,0.129467,-0.106773,0.086021,0.005897,-0.114221,0.087557,0.067682,-0.110497,0.086789,0.039214,-0.159487,0.143953,0.07261,-0.16151,0.143922,0.042889,-0.160621,0.097025,0.069158,-0.164015,0.09568
127,12.7,0.129507,-0.106603,0.086034,0.00578,-0.11521,0.087454,0.067644,-0.110906,0.086744,0.03924,-0.159511,0.14446,0.072708,-0.16038,0.143939,0.04251,-0.160403,0.09705,0.069197,-0.164029,0.096196
128,12.8,0.12944,-0.106925,0.086028,0.005911,-0.113946,0.087569,0.067675,-0.110435,0.086799,0.039234,-0.158495,0.144406,0.07259,-0.160435,0.143904,0.042281,-0.16146,0.09694,0.069026,-0.165127,0.096077
129,12.9,0.129491,-0.106999,0.085974,0.005801,-0.115049,0.087451,0.067646,-0.111024,0.086712,0.038924,-0.158293,0.143961,0.072691,-0.160447,0.143945,0.042386,-0.161516,0.096978,0.069176,-0.16411,0.096203
130,13,0.129483,-0.107117,0.085989,0.005799,-0.114565,0.087547,0.067641,-0.110841,0.086768,0.038906,-0.158164,0.143465,0.072636,-0.160396,0.143921,0.042332,-0.161439,0.096954,0.069568,-0.164216,0.096188
131,13.1,0.129377,-0.106224,0.086104,0.005765,-0.115103,0.087496,0.067571,-0.110663,0.0868,0.039359,-0.158419,0.143979,0.072681,-0.160399,0.143958,0.042383,-0.161467,0.096987,0.069173,-0.16406,0.096216
132,13.2,0.129534,-0.107463,0.085906,0.005725,-0.115278,0.087437,0.067629,-0.11137,0.086671,0.039351,-0.158457,0.143952,0.072672,-0.160442,0.143929,0.042928,-0.160644,0.09705,0.06912,-0.165151,0.096102
133,13.3,0.129426,-0.106496,0.086121,0.005833,-0.114828,0.087518,0.067629,-0.110662,0.086819,0.038789,-0.159277,0.144016,0.072633,-0.161459,0.144011,0.042377,-0.161455,0.097009,0.06913,-0.164113,0.096716
134,13.4,0.129498,-0.107188,0.08606,0.005837,-0.114409,0.087586,0.067667,-0.110798,0.086823,0.038796,-0.158347,0.14494,0.072634,-0.160374,0.14399,0.042345,-0.161437,0.097013,0.069134,-0.164034,0.096247
135,13.5,0.129527,-0.107285,0.085949,0.005735,-0.115146,0.087456,0.067631,-0.111216,0.086702,0.039305,-0.158482,0.144428,0.072662,-0.160402,0.143932,0.04236,-0.16146,0.096963,0.069596,-0.164231,0.096199
136,13.6,0.129468,-0.107502,0.085969,0.005753,-0.114715,0.087441,0.067611,-0.111109,0.086705,0.039261,-0.158451,0.14391,0.072582,-0.160451,0.143886,0.042281,-0.161475,0.096916,0.069027,-0.165138,0.096058
137,13.7,0.129424,-0.106887,0.085885,0.005876,-0.114241,0.087467,0.06765,-0.110564,0.086676,0.039292,-0.15853,0.143823,0.072613,-0.160537,0.143777,0.042281,-0.161551,0.096827,0.069068,-0.164165,0.096035
138,13.8,0.12951,-0.107255,0.085929,0.005661,-0.115527,0.087412,0.067586,-0.111391,0.086671,0.039207,-0.159513,0.143966,0.072604,-0.161537,0.143938,0.042331,-0.161508,0.096947,0.069525,-0.165341,0.096096
139,13.9,0.129472,-0.107051,0.086022,0.005783,-0.114716,0.087515,0.067628,-0.110883,0.086769,0.039321,-0.158395,0.143964,0.072606,-0.161464,0.143963,0.042438,-0.160402,0.097052,0.069082,-0.165092,0.096111
140,14,0.129444,-0.106876,0.086032,0.005881,-0.114228,0.087584,0.067662,-0.110552,0.086808,0.039257,-0.158527,0.14442,0.072578,-0.161531,0.143948,0.042309,-0.161504,0.096955,0.069055,-0.165163,0.096095
141,14.1,0.129562,-0.107089,0.085999,0.006041,-0.113876,0.087604,0.067801,-0.110483,0.086801,0.039304,-0.159465,0.144,0.072702,-0.161471,0.14397,0.042527,-0.160436,0.097062,0.069174,-0.165113,0.096119
142,14.2,0.12941,-0.106549,0.086086,0.005927,-0.114038,0.087568,0.067669,-0.110294,0.086827,0.03876,-0.159306,0.143958,0.072603,-0.161495,0.14395,0.042447,-0.160437,0.097031,0.069134,-0.164067,0.096181
143,14.3,0.129485,-0.107241,0.08596,0.005853,-0.11437,0.08752,0.067669,-0.110806,0.08674,0.038164,-0.160203,0.144438,0.072602,-0.161461,0.143934,0.042335,-0.161417,0.096939,0.069081,-0.165075,0.09608
144,14.4,0.12939,-0.106672,0.086049,0.005817,-0.1144,0.087546,0.067604,-0.110536,0.086797,0.039103,-0.159575,0.144457,0.072536,-0.161532,0.143967,0.042279,-0.161508,0.096966,0.069026,-0.165166,0.096114
145,14.5,0.129456,-0.107187,0.085974,0.005909,-0.114045,0.087589,0.067683,-0.110616,0.086781,0.03868,-0.159373,0.144436,0.072593,-0.160433,0.143924,0.042294,-0.161469,0.096953,0.069529,-0.16425,0.09619
146,14.6,0.129561,-0.107465,0.085971,0.006006,-0.114054,0.087611,0.067784,-0.110759,0.086791,0.039292,-0.159421,0.144014,0.07269,-0.161426,0.143988,0.04242,-0.161417,0.096995,0.069581,-0.165302,0.096621
147,14.7,0.129528,-0.107719,0.085947,0.006009,-0.113532,0.087647,0.067769,-0.110625,0.086797,0.038708,-0.15932,0.144449,0.072587,-0.161451,0.143964,0.042324,-0.161414,0.096967,0.069482,-0.165313,0.096595
148,14.8,0.129419,-0.106637,0.086093,0.005596,-0.11569,0.087417,0.067507,-0.111164,0.086755,0.038733,-0.159242,0.143988,0.072576,-0.161441,0.143977,0.042313,-0.161402,0.096979,0.069513,-0.164248,0.096691
149,14.9,0.129415,-0.106407,0.086015,0.005765,-0.114796,0.087446,0.06759,-0.110601,0.08673,0.039587,-0.159792,0.144393,0.072609,-0.160503,0.143856,0.042755,-0.161711,0.096901,0.069536,-0.164314,0.096122
150,15,0.129532,-0.107199,0.085944,0.005908,-0.114383,0.087506,0.06772,-0.110791,0.086725,0.039231,-0.159569,0.144393,0.072664,-0.161517,0.143894,0.042293,-0.162507,0.096819,0.069148,-0.164138,0.096598
151,15.1,0.129403,-0.106119,0.086168,0.005651,-0.115619,0.087437,0.067527,-0.110869,0.086802,0.039214,-0.159508,0.144483,0.072682,-0.160381,0.143959,0.042378,-0.161444,0.096992,0.069125,-0.165095,0.096133
152,15.2,0.129405,-0.106622,0.086014,0.005957,-0.113936,0.087615,0.067681,-0.110279,0.086815,0.039352,-0.158485,0.143918,0.072673,-0.160473,0.143886,0.042361,-0.161527,0.096924,0.069072,-0.165246,0.096536
153,15.3,0.129468,-0.106732,0.086043,0.005717,-0.115089,0.087476,0.067593,-0.110911,0.08676,0.039263,-0.158501,0.144437,0.072619,-0.160428,0.143942,0.042218,-0.162516,0.096891,0.069066,-0.165141,0.096116
154,15.4,0.129513,-0.107058,0.086059,0.00594,-0.113965,0.087645,0.067726,-0.110511,0.086852,0.039318,-0.158365,0.144002,0.072639,-0.160358,0.14398,0.042795,-0.161582,0.097019,0.069129,-0.164009,0.096237
155,15.5,0.129572,-0.107219,0.085981,0.005808,-0.115091,0.087489,0.06769,-0.111155,0.086735,0.039354,-0.158474,0.144472,0.072677,-0.161458,0.144007,0.042871,-0.161638,0.097018,0.069618,-0.164288,0.096723
156,15.6,0.129479,-0.107276,0.085985,0.005836,-0.114362,0.08757,0.067658,-0.110819,0.086778,0.038734,-0.159261,0.143986,0.072576,-0.161465,0.143969,0.042305,-0.16143,0.096977,0.069498,-0.165268,0.096126
157,15.7,0.129492,-0.107152,0.086083,0.005877,-0.114296,0.087575,0.067684,-0.110724,0.086829,0.039298,-0.158384,0.143992,0.072584,-0.161449,0.144004,0.042332,-0.161425,0.097,0.069121,-0.164026,0.096234
158,15.8,0.129461,-0.106742,0.085974,0.005748,-0.114882,0.087429,0.067604,-0.110812,0.086702,0.039139,-0.159532,0.144415,0.072571,-0.161491,0.14392,0.042308,-0.161445,0.096923,0.069054,-0.165104,0.096066
159,15.9,0.129644,-0.108349,0.085851,0.006204,-0.112685,0.087717,0.067924,-0.110517,0.086784,0.039359,-0.15843,0.14395,0.07221,-0.161315,0.143941,0.042378,-0.161471,0.096957,0.069168,-0.164063,0.096183
160,16,0.12964,-0.107984,0.08596,0.006033,-0.113595,0.087654,0.067837,-0.11079,0.086807,0.039327,-0.158404,0.144492,0.072248,-0.16116,0.143554,0.042389,-0.161389,0.097028,0.069625,-0.164155,0.096267
161,16.1,0.129503,-0.107268,0.085973,0.005928,-0.114175,0.08755,0.067715,-0.110721,0.086762,0.039311,-0.15845,0.144435,0.072232,-0.161216,0.143491,0.042364,-0.161424,0.09697,0.069564,-0.164264,0.096678
162,16.2,0.129572,-0.107642,0.085882,0.005877,-0.11456,0.087527,0.067724,-0.111101,0.086705,0.039355,-0.158472,0.144445,0.072313,-0.160148,0.143479,0.042412,-0.161454,0.096981,0.069202,-0.164043,0.096208
163,16.3,0.129504,-0.107552,0.085927,0.00571,-0.115178,0.087413,0.067607,-0.111365,0.08667,0.039185,-0.159492,0.143932,0.072181,-0.161283,0.143434,0.042311,-0.161475,0.096913,0.069099,-0.16408,0.096136
164,16.4,0.129564,-0.107725,0.085915,0.006032,-0.113419,0.087673,0.067798,-0.110572,0.086794,0.039278,-0.158452,0.144428,0.072198,-0.161223,0.143485,0.042333,-0.161414,0.096962,0.069568,-0.164193,0.096197
165,16.5,0.129505,-0.108063,0.085829,0.005884,-0.114033,0.087497,0.067695,-0.111048,0.086663,0.039217,-0.158482,0.143871,0.072101,-0.161329,0.143401,0.042237,-0.161498,0.096876,0.069025,-0.164112,0.096102
166,16.6,0.129502,-0.107216,0.086023,0.006013,-0.113455,0.087652,0.067757,-0.110335,0.086837,0.039317,-0.1584,0.143913,0.072168,-0.161297,0.14391,0.042346,-0.161415,0.096919,0.069546,-0.164255,0.096633
167,16.7,0.129519,-0.107512,0.086023,0.0061,-0.112989,0.087709,0.067809,-0.11025,0.086866,0.039259,-0.158362,0.143969,0.072545,-0.161438,0.143978,0.042289,-0.161392,0.096976,0.069488,-0.164241,0.096692
168,16.8,0.129477,-0.107661,0.085936,0.005785,-0.114309,0.0875,0.067631,-0.110985,0.086718,0.039177,-0.158488,0.144379,0.072498,-0.161506,0.143911,0.042236,-0.161447,0.096913,0.069059,-0.163996,0.095667
169,16.9,0.1295,-0.107459,0.085945,0.005905,-0.113808,0.087613,0.067703,-0.110633,0.086779,0.039265,-0.158413,0.143943,0.07255,-0.161493,0.143942,0.042279,-0.161448,0.096949,0.069067,-0.16406,0.096173
170,17,0.129485,-0.107362,0.085951,0.00584,-0.114431,0.087507,0.067663,-0.110896,0.086729,0.039719,-0.158655,0.143909,0.07256,-0.161553,0.143899,0.042291,-0.16151,0.096906,0.069079,-0.164116,0.09613
171,17.1,0.129552,-0.107995,0.085859,0.005637,-0.115373,0.08735,0.067594,-0.111684,0.086604,0.03937,-0.157438,0.143851,0.072579,-0.160487,0.143851,0.042277,-0.161505,0.096881,0.069065,-0.164116,0.096106
172,17.2,0.129567,-0.10822,0.085887,0.005791,-0.114419,0.087546,0.067679,-0.111319,0.086717,0.039247,-0.158425,0.143942,0.072532,-0.161499,0.14395,0.042275,-0.161455,0.096949,0.06951,-0.164236,0.09619
173,17.3,0.129515,-0.107486,0.08596,0.005891,-0.114156,0.08755,0.067703,-0.110821,0.086755,0.039283,-0.158428,0.143909,0.072604,-0.160428,0.143882,0.042299,-0.161449,0.096914,0.069534,-0.164231,0.096147
174,17.4,0.129518,-0.107294,0.085965,0.005924,-0.113876,0.087588,0.067721,-0.110585,0.086777,0.039269,-0.158472,0.144409,0.072591,-0.161468,0.143947,0.042336,-0.161433,0.096944,0.069125,-0.164031,0.096176
175,17.5,0.129489,-0.107473,0.085867,0.005938,-0.113639,0.087577,0.067713,-0.110556,0.086722,0.039274,-0.158497,0.143843,0.072594,-0.160505,0.143808,0.042278,-0.161514,0.096847,0.069511,-0.164303,0.096073
176,17.6,0.129503,-0.107224,0.086031,0.006094,-0.113032,0.0877,0.067799,-0.110128,0.086866,0.039182,-0.159507,0.143963,0.072579,-0.161524,0.143947,0.042323,-0.161496,0.096945,0.069112,-0.164096,0.096177
177,17.7,0.129439,-0.10727,0.086027,0.006007,-0.113181,0.087681,0.067723,-0.110226,0.086854,0.039125,-0.15952,0.143952,0.072556,-0.160478,0.143901,0.042253,-0.161512,0.096933,0.069487,-0.164299,0.096168
178,17.8,0.129511,-0.10765,0.085947,0.005767,-0.114574,0.087519,0.067639,-0.111112,0.086733,0.039252,-0.158434,0.143915,0.072537,-0.161512,0.14392,0.042277,-0.161457,0.096922,0.069022,-0.165123,0.096066
179,17.9,0.12947,-0.107231,0.085975,0.005923,-0.113794,0.087599,0.067696,-0.110512,0.086787,0.039236,-0.158537,0.144372,0.072593,-0.160471,0.143873,0.042288,-0.161498,0.096905,0.069034,-0.165161,0.096045
180,18,0.129456,-0.107066,0.086011,0.005928,-0.113476,0.087667,0.067692,-0.110271,0.086839,0.039135,-0.159464,0.143956,0.072531,-0.161502,0.143929,0.042259,-0.161451,0.096937,0.069451,-0.165295,0.096085
181,18.1,0.129414,-0.106917,0.086028,0.005898,-0.113697,0.087623,0.067656,-0.110307,0.086826,0.039342,-0.15739,0.143904,0.072551,-0.160441,0.143906,0.042251,-0.161471,0.096935,0.069039,-0.164083,0.096162
182,18.2,0.129479,-0.10715,0.086008,0.005872,-0.114078,0.087568,0.067675,-0.110614,0.086788,0.039267,-0.15842,0.143934,0.072588,-0.160415,0.143916,0.042295,-0.16145,0.096941,0.069083,-0.164056,0.096171
183,18.3,0.129457,-0.106993,0.086031,0.005902,-0.113938,0.087581,0.06768,-0.110466,0.086806,0.039114,-0.159547,0.144426,0.072546,-0.161506,0.143932,0.042387,-0.160436,0.097016,0.069073,-0.164074,0.096163
184,18.4,0.129528,-0.107497,0.085998,0.006063,-0.113292,0.087678,0.067795,-0.110394,0.086838,0.039186,-0.159496,0.14396,0.072618,-0.160441,0.143916,0.042778,-0.161657,0.096952,0.069112,-0.164082,0.096172
185,18.5,0.129517,-0.107682,0.08591,0.005946,-0.113767,0.087598,0.067731,-0.110725,0.086754,0.039118,-0.159563,0.144418,0.072585,-0.160451,0.143895,0.042283,-0.161481,0.096926,0.06907,-0.16409,0.096151
186,18.6,0.129391,-0.106421,0.086078,0.00603,-0.113417,0.087628,0.067711,-0.109919,0.086853,0.03917,-0.159605,0.143911,0.072602,-0.160548,0.143863,0.042757,-0.161775,0.096902,0.069056,-0.164264,0.096594
187,18.7,0.129452,-0.10708,0.08601,0.005983,-0.113533,0.087646,0.067718,-0.110307,0.086828,0.039125,-0.15955,0.144414,0.072557,-0.161513,0.143916,0.042846,-0.160609,0.097012,0.069078,-0.164073,0.096147
188,18.8,0.12944,-0.106968,0.085989,0.005832,-0.114252,0.087555,0.067636,-0.11061,0.086772,0.039261,-0.158439,0.143922,0.072546,-0.161518,0.143922,0.042278,-0.161466,0.096928,0.069023,-0.165131,0.096068
189,18.9,0.129535,-0.107568,0.085905,0.006091,-0.113208,0.087661,0.067813,-0.110388,0.086783,0.039287,-0.158512,0.144386,0.072644,-0.160433,0.143891,0.042344,-0.161474,0.096921,0.06958,-0.164246,0.096156
190,19,0.129493,-0.107395,0.085994,0.00602,-0.113425,0.08764,0.067756,-0.11041,0.086817,0.039127,-0.159527,0.144438,0.072594,-0.16041,0.143921,0.0423,-0.161446,0.096946,0.069536,-0.164225,0.096186
191,19.1,0.129585,-0.107793,0.085866,0.005947,-0.113785,0.08759,0.067766,-0.110789,0.086728,0.039172,-0.159558,0.144413,0.072639,-0.160442,0.143884,0.042328,-0.161476,0.09692,0.069563,-0.164256,0.09615
192,19.2,0.129472,-0.10714,0.085994,0.005948,-0.113929,0.08756,0.06771,-0.110534,0.086777,0.038652,-0.159467,0.144858,0.072131,-0.160355,0.144321,0.04226,-0.161554,0.097384,0.069531,-0.164268,0.096135
193,19.3,0.129512,-0.107081,0.086034,0.005916,-0.113911,0.087578,0.067714,-0.110496,0.086806,0.038219,-0.159213,0.144905,0.071713,-0.15909,0.144808,0.042282,-0.161484,0.097442,0.069065,-0.165074,0.096104
194,19.4,0.129524,-0.107609,0.085881,0.005757,-0.114753,0.087495,0.067641,-0.111181,0.086688,0.037504,-0.161262,0.145388,0.071239,-0.159054,0.145218,0.042373,-0.160509,0.097484,0.06906,-0.164146,0.096621
195,19.5,0.129383,-0.106631,0.086085,0.006063,-0.113037,0.0877,0.067723,-0.109834,0.086892,0.03649,-0.161905,0.144927,0.070808,-0.157828,0.145187,0.042337,-0.16053,0.09749,0.069023,-0.164169,0.096629
196,19.6,0.129494,-0.10715,0.086026,0.005994,-0.113459,0.087675,0.067744,-0.110305,0.086851,0.036847,-0.162243,0.146391,0.070829,-0.15678,0.145641,0.042354,-0.1605,0.097515,0.068586,-0.164952,0.096086
197,19.7,0.129534,-0.107444,0.086001,0.005955,-0.113667,0.087641,0.067744,-0.110556,0.086821,0.036445,-0.161986,0.145904,0.070333,-0.157736,0.146119,0.042364,-0.160476,0.097514,0.068639,-0.163876,0.096168
198,19.8,0.129458,-0.107296,0.085927,0.005853,-0.114159,0.08752,0.067656,-0.110728,0.086723,0.036557,-0.160094,0.146758,0.06981,-0.158712,0.146106,0.042315,-0.160545,0.097479,0.068958,-0.165243,0.096534
199,19.9,0.129532,-0.108142,0.085881,0.005957,-0.1136,0.08759,0.067745,-0.110871,0.086735,0.036234,-0.15886,0.146742,0.06939,-0.157514,0.14655,0.042287,-0.160602,0.097984,0.068519,-0.165056,0.096551
200,20,0.129453,-0.107088,0.086016,0.005916,-0.113808,0.087564,0.067685,-0.110448,0.08679,0.036251,-0.158864,0.146711,0.06894,-0.157418,0.146968,0.041743,-0.161445,0.097864,0.068495,-0.165112,0.096991
201,20.1,0.12953,-0.107829,0.085919,0.005961,-0.113594,0.087632,0.067745,-0.110712,0.086776,0.036256,-0.158853,0.146735,0.068477,-0.157297,0.147444,0.0417,-0.161958,0.097849,0.06862,-0.16392,0.096152
202,20.2,0.129458,-0.10714,0.085964,0.005883,-0.113962,0.08756,0.067671,-0.110551,0.086762,0.036245,-0.158852,0.146716,0.068466,-0.157298,0.147426,0.041743,-0.161432,0.097869,0.068567,-0.164965,0.096049
203,20.3,0.129428,-0.106984,0.086086,0.005931,-0.113447,0.087665,0.067679,-0.110216,0.086875,0.036185,-0.158811,0.146755,0.067985,-0.156087,0.147885,0.04169,-0.161396,0.09791,0.068477,-0.165002,0.096569
204,20.4,0.129547,-0.107908,0.085857,0.006169,-0.112591,0.087718,0.067858,-0.110249,0.086787,0.036259,-0.158856,0.146738,0.06758,-0.157026,0.147885,0.041753,-0.16145,0.097891,0.068989,-0.165222,0.096555
205,20.5,0.129504,-0.107311,0.085981,0.005955,-0.113779,0.087576,0.067729,-0.110545,0.086779,0.036296,-0.158862,0.14672,0.067628,-0.156015,0.148288,0.041787,-0.161453,0.097873,0.068988,-0.165283,0.097009
206,20.6,0.129488,-0.107408,0.08597,0.005926,-0.113927,0.087563,0.067707,-0.110667,0.086767,0.036257,-0.158869,0.146722,0.06759,-0.156031,0.148295,0.041857,-0.160424,0.097955,0.068542,-0.165054,0.09653
207,20.7,0.129508,-0.1074,0.085998,0.005906,-0.11389,0.087584,0.067707,-0.110645,0.086791,0.03626,-0.158883,0.146733,0.067162,-0.155875,0.148293,0.041754,-0.161479,0.097886,0.068543,-0.165076,0.09654
208,20.8,0.129504,-0.107851,0.085884,0.006029,-0.113129,0.087686,0.067767,-0.11049,0.086785,0.03623,-0.158865,0.146739,0.067132,-0.155858,0.148302,0.041728,-0.161461,0.097892,0.068517,-0.165058,0.096548
209,20.9,0.129499,-0.107583,0.086004,0.006058,-0.113049,0.087715,0.067779,-0.110316,0.08686,0.03625,-0.158808,0.146779,0.067166,-0.154794,0.148759,0.041743,-0.161411,0.097932,0.068496,-0.165076,0.097062
210,21,0.129581,-0.107829,0.085925,0.006217,-0.112509,0.08777,0.067899,-0.110169,0.086847,,,,0.067244,-0.154716,0.148279,0.041793,-0.161393,0.097905,0.068995,-0.165224,0.097046
211,21.1,0.129424,-0.106915,0.086065,0.006147,-0.11278,0.087708,0.067785,-0.109848,0.086886,,,,0.067159,-0.155891,0.148298,0.041761,-0.161503,0.097887,0.068514,-0.16516,0.09702
212,21.2,0.129489,-0.107504,0.085936,0.006109,-0.112833,0.087683,0.067799,-0.110168,0.086809,,,,0.067173,-0.155877,0.148267,0.041755,-0.161473,0.097865,0.068998,-0.164258,0.09708
213,21.3,0.129435,-0.10697,0.086015,0.005947,-0.113639,0.087606,0.067691,-0.110304,0.08681,,,,0.06847,-0.157319,0.147412,0.041735,-0.161454,0.097861,0.068935,-0.165297,0.096995
214,21.4,0.129472,-0.107059,0.085993,0.005893,-0.113942,0.087565,0.067682,-0.1105,0.086779,,,,0.069411,-0.157534,0.146519,0.042203,-0.161644,0.097875,0.06858,-0.164011,0.096601
215,21.5,0.129534,-0.107664,0.085879,0.006158,-0.112718,0.087715,0.067846,-0.110191,0.086797,,,,0.070328,-0.157813,0.146074,0.042353,-0.160555,0.097472,0.068549,-0.165074,0.096514
216,21.6,0.129503,-0.107538,0.086017,0.005988,-0.113564,0.087658,0.067745,-0.110551,0.086837,0.036906,-0.162101,0.145476,0.070303,-0.158747,0.145735,0.04235,-0.160498,0.097554,0.069037,-0.164134,0.096699
217,21.7,0.129513,-0.107486,0.085924,0.006057,-0.113253,0.087638,0.067785,-0.11037,0.086781,0.036906,-0.162237,0.145882,0.070811,-0.157909,0.145636,0.042271,-0.161592,0.097402,0.06906,-0.164194,0.09662
218,21.8,0.129507,-0.107381,0.085961,0.006016,-0.113328,0.087657,0.067762,-0.110354,0.086809,0.037496,-0.16125,0.14539,0.07127,-0.157969,0.14519,0.042262,-0.161529,0.097405,0.068603,-0.16396,0.096613
219,21.9,0.129453,-0.10702,0.086031,0.006199,-0.112416,0.087729,0.067826,-0.109718,0.08688,0.037997,-0.160471,0.145856,0.071207,-0.159075,0.145227,0.042235,-0.161568,0.097415,0.069023,-0.164178,0.096631
220,22,0.129557,-0.107584,0.085865,0.005995,-0.113589,0.087595,0.067776,-0.110587,0.08673,0.037552,-0.161177,0.144896,0.071252,-0.159036,0.145198,0.04228,-0.161518,0.097386,0.069068,-0.164123,0.096601
221,22.1,0.129543,-0.107635,0.085981,0.005972,-0.113797,0.087598,0.067757,-0.110716,0.086789,0.037633,-0.160181,0.145395,0.071723,-0.15912,0.144803,0.04239,-0.160481,0.097519,0.069077,-0.164115,0.096658
222,22.2,0.129527,-0.107722,0.08598,0.00598,-0.113524,0.087643,0.067754,-0.110623,0.086812,0.037946,-0.16133,0.144989,0.071666,-0.159121,0.144838,0.042236,-0.161521,0.097471,0.06906,-0.164062,0.096219
223,22.3,0.129494,-0.107308,0.085912,0.006198,-0.112461,0.087701,0.067846,-0.109884,0.086807,0.038678,-0.159447,0.144357,0.072158,-0.159329,0.144264,0.042246,-0.161597,0.097355,0.069516,-0.164313,0.096104
224,22.4,0.129534,-0.107537,0.085924,0.006129,-0.113008,0.087667,0.067831,-0.110272,0.086795,0.038811,-0.158366,0.144379,0.072143,-0.160365,0.14434,0.042408,-0.160476,0.097004,0.069094,-0.164114,0.096146
225,22.5,0.129521,-0.107741,0.08592,0.00595,-0.113609,0.08761,0.067736,-0.110675,0.086765,0.038663,-0.159439,0.14442,0.072107,-0.160393,0.14436,0.042276,-0.161543,0.096939,0.069511,-0.164323,0.096175
226,22.6,0.129524,-0.107549,0.085902,0.006064,-0.113413,0.0876,0.067794,-0.110481,0.086751,0.039185,-0.159549,0.143912,0.072582,-0.160562,0.144316,0.042304,-0.161534,0.096893,0.069092,-0.164139,0.096112
227,22.7,0.129497,-0.107543,0.085983,0.005901,-0.113773,0.087617,0.067699,-0.110658,0.0868,0.038646,-0.159349,0.144437,0.07256,-0.160409,0.143933,0.042271,-0.16144,0.096955,0.069059,-0.164047,0.096188
228,22.8,0.129525,-0.107133,0.085906,0.006095,-0.113295,0.087618,0.06781,-0.110214,0.086762,0.038646,-0.160478,0.144409,0.072637,-0.160545,0.144319,0.042354,-0.16153,0.096899,0.069589,-0.164303,0.096125
229,22.9,0.129476,-0.107202,0.086022,0.005853,-0.11446,0.08749,0.067665,-0.110831,0.086756,0.039159,-0.159512,0.143967,0.072556,-0.161533,0.14395,0.0424,-0.160473,0.09703,0.069051,-0.164173,0.096655
230,23,0.129515,-0.107638,0.085943,0.006279,-0.112182,0.087764,0.067897,-0.10991,0.086853,0.039249,-0.158506,0.144394,0.072606,-0.160436,0.143899,0.042409,-0.160435,0.097009,0.069542,-0.164246,0.096164
231,23.1,0.129483,-0.107386,0.085947,0.006077,-0.113153,0.087686,0.06778,-0.11027,0.086817,0.038783,-0.158357,0.144402,0.072115,-0.160355,0.144372,0.042254,-0.161569,0.097428,0.069078,-0.164107,0.096176
232,23.2,0.129549,-0.107992,0.08586,0.006277,-0.112042,0.087757,0.067913,-0.110017,0.086809,0.037499,-0.161242,0.144904,0.071272,-0.157962,0.144722,0.042232,-0.161595,0.097395,0.069504,-0.164308,0.096149
233,23.3,0.129508,-0.107615,0.085965,0.006185,-0.112595,0.087723,0.067847,-0.110105,0.086844,0.036387,-0.162083,0.146356,0.070779,-0.15787,0.14565,0.042348,-0.160498,0.09749,0.068992,-0.165191,0.096547
234,23.4,0.129469,-0.107416,0.085956,0.00612,-0.112809,0.087691,0.067795,-0.110113,0.086824,0.036382,-0.162097,0.146358,0.070265,-0.158853,0.146129,0.042338,-0.160521,0.097492,0.068982,-0.165213,0.096547
235,23.5,0.129604,-0.108201,0.085835,0.006143,-0.112884,0.087688,0.067873,-0.110542,0.086762,0.036437,-0.162083,0.14632,0.069887,-0.158671,0.146075,0.042281,-0.161524,0.097372,0.069026,-0.165186,0.096501
236,23.6,0.12948,-0.107191,0.085951,0.00622,-0.112439,0.087696,0.06785,-0.109815,0.086824,0.036417,-0.16212,0.146336,0.069831,-0.15877,0.146554,0.04233,-0.160608,0.09795,0.069052,-0.164179,0.096604
237,23.7,0.129469,-0.107295,0.085987,0.006154,-0.112595,0.087717,0.067812,-0.109945,0.086852,0.036351,-0.16214,0.146342,0.069765,-0.158791,0.146568,0.042175,-0.161663,0.097878,0.068957,-0.165257,0.096535
238,23.8,0.129481,-0.107424,0.085905,0.006111,-0.112856,0.087695,0.067796,-0.11014,0.0868,0.036398,-0.162085,0.146354,0.069388,-0.157558,0.14699,0.041757,-0.161432,0.097879,0.068545,-0.165029,0.09653
239,23.9,0.129439,-0.107285,0.086016,0.005963,-0.1132,0.087683,0.067701,-0.110243,0.086849,0.036315,-0.162105,0.146367,0.069304,-0.15758,0.147016,0.041693,-0.161454,0.097894,0.068482,-0.165052,0.096556
240,24,0.129498,-0.107182,0.085993,0.006221,-0.112249,0.087772,0.067859,-0.109716,0.086882,0.036398,-0.16209,0.146385,0.069786,-0.157796,0.14749,0.041759,-0.161445,0.09791,0.068547,-0.165042,0.096563
241,24.1,0.129533,-0.107412,0.086007,0.006107,-0.112914,0.087696,0.06782,-0.110163,0.086851,0.036412,-0.162091,0.146368,0.068976,-0.156377,0.147427,0.041885,-0.160405,0.097973,0.06902,-0.165201,0.096562
242,24.2,0.129485,-0.107198,0.086039,0.00611,-0.112878,0.087724,0.067797,-0.110038,0.086881,0.036404,-0.162049,0.146381,0.068458,-0.15731,0.147923,0.041668,-0.162425,0.097828,0.069008,-0.165162,0.096573
243,24.3,0.129493,-0.10722,0.085958,0.006038,-0.113259,0.087655,0.067766,-0.110239,0.086806,,,,0.068496,-0.156291,0.147864,0.041758,-0.161452,0.097887,0.068547,-0.165048,0.09654
244,24.4,0.129568,-0.107836,0.085888,0.006135,-0.113006,0.087686,0.067852,-0.110421,0.086787,,,,0.068585,-0.1562,0.1474,0.041808,-0.161421,0.097883,0.069052,-0.164199,0.0971
245,24.5,0.129538,-0.108003,0.085909,0.005838,-0.114171,0.08758,0.067688,-0.111087,0.086744,,,,0.06846,-0.157276,0.147489,0.041743,-0.161431,0.09793,0.068532,-0.165027,0.09659
246,24.6,0.129532,-0.107421,0.085982,0.00595,-0.113873,0.087554,0.067741,-0.110647,0.086768,,,,0.068992,-0.156374,0.147395,0.041786,-0.161417,0.097866,0.069023,-0.165186,0.096527
247,24.7,0.129464,-0.107204,0.086013,0.006028,-0.113148,0.08767,0.067746,-0.110176,0.086842,,,,0.070137,-0.159059,0.147531,0.041728,-0.161468,0.097903,0.068964,-0.165239,0.09657
248,24.8,0.12956,-0.107678,0.08594,0.005927,-0.113814,0.087618,0.067744,-0.110746,0.086779,0.036943,-0.162131,0.145451,0.071242,-0.15905,0.145262,0.042276,-0.161556,0.097448,0.069064,-0.164159,0.096667
249,24.9,0.12949,-0.107645,0.085848,0.00586,-0.114306,0.087487,0.067675,-0.110975,0.086667,0.038175,-0.159371,0.144811,0.071668,-0.159262,0.1447,0.042217,-0.16163,0.097345,0.069452,-0.164417,0.096564
250,25,0.12958,-0.108317,0.085816,0.006145,-0.113086,0.087637,0.067863,-0.110701,0.086726,0.038712,-0.159404,0.143906,0.07212,-0.160426,0.144313,0.04218,-0.162592,0.096815,0.069069,-0.164169,0.096118
251,25.1,0.1295,-0.107308,0.085976,0.006153,-0.112716,0.087754,0.067826,-0.110012,0.086865,0.038231,-0.159179,0.144423,0.072121,-0.160303,0.144377,0.042399,-0.160413,0.097032,0.069085,-0.164049,0.096181
252,25.2,0.129485,-0.107545,0.085922,0.005852,-0.114251,0.087543,0.067669,-0.110898,0.086732,0.03867,-0.159403,0.144405,0.072584,-0.160459,0.143892,0.042282,-0.1615,0.096923,0.06907,-0.164104,0.096149
253,25.3,0.129506,-0.107271,0.085967,0.006069,-0.113259,0.087634,0.067788,-0.110265,0.0868,0.039264,-0.158553,0.144356,0.072621,-0.160485,0.143852,0.042309,-0.161514,0.096889,0.069097,-0.16412,0.096109
254,25.4,0.129508,-0.107607,0.08593,0.006193,-0.112533,0.087751,0.067851,-0.11007,0.086841,0.039156,-0.159531,0.143957,0.072588,-0.160479,0.14391,0.042391,-0.160493,0.09702,0.06953,-0.163315,0.096734
255,25.5,0.129471,-0.107389,0.0859,0.006066,-0.113003,0.087679,0.067768,-0.110196,0.086789,0.038661,-0.159421,0.144388,0.072575,-0.16048,0.143875,0.042273,-0.161508,0.096906,0.069103,-0.163061,0.096216
256,25.6,0.129484,-0.107113,0.08599,0.005823,-0.114461,0.087496,0.067654,-0.110787,0.086743,0.03923,-0.15851,0.1444,0.072586,-0.160438,0.14391,0.042294,-0.16147,0.096935,0.069082,-0.164074,0.096165
257,25.7,0.129529,-0.107465,0.085921,0.006065,-0.113113,0.087693,0.067797,-0.110289,0.086807,0.039259,-0.158533,0.144398,0.072615,-0.160463,0.1439,0.042311,-0.161499,0.096932,0.06951,-0.164344,0.096641
258,25.8,0.129433,-0.106878,0.086013,0.005774,-0.114695,0.087459,0.067603,-0.110787,0.086736,0.039362,-0.157406,0.143881,0.072572,-0.160452,0.143883,0.042375,-0.160445,0.096993,0.069061,-0.164085,0.096139
259,25.9,0.129501,-0.107751,0.085871,0.006124,-0.112751,0.087708,0.067812,-0.110251,0.08679,0.03923,-0.158451,0.143916,0.072515,-0.161536,0.143914,0.042243,-0.161476,0.096922,0.069477,-0.164267,0.096154
260,26,0.129501,-0.107781,0.085895,0.005812,-0.114434,0.087511,0.067656,-0.111108,0.086703,0.039204,-0.158572,0.144386,0.072524,-0.161585,0.143912,0.042355,-0.160512,0.097001,0.069488,-0.164329,0.096153
261,26.1,0.1295,-0.10735,0.08592,0.005999,-0.113834,0.087572,0.06775,-0.110592,0.086746,0.039314,-0.158489,0.143905,0.0726,-0.161555,0.143902,0.04243,-0.160489,0.096992,0.069116,-0.164122,0.096134
262,26.2,0.129511,-0.1075,0.086,0.006152,-0.112748,0.087725,0.067832,-0.110124,0.086863,0.039237,-0.158542,0.144422,0.072558,-0.16155,0.14395,0.04239,-0.160487,0.097038,0.069076,-0.164127,0.096182
263,26.3,0.129502,-0.107386,0.0859,0.005891,-0.114052,0.08755,0.067697,-0.110719,0.086725,0.039167,-0.159553,0.143908,0.072599,-0.160507,0.143853,0.042392,-0.160502,0.09697,0.069078,-0.164143,0.09611
264,26.4,0.129478,-0.107384,0.085964,0.005798,-0.114381,0.087535,0.067638,-0.110883,0.08675,0.039115,-0.159579,0.143924,0.072546,-0.160538,0.143871,0.042342,-0.160536,0.096986,0.069027,-0.164181,0.096128
265,26.5,0.12947,-0.107344,0.085979,0.00581,-0.114364,0.087536,0.06764,-0.110854,0.086758,0.039205,-0.15858,0.144351,0.072561,-0.160518,0.143851,0.042256,-0.16154,0.096884,0.069043,-0.164152,0.096107
266,26.6,0.129512,-0.107897,0.08584,0.005829,-0.114278,0.087524,0.06767,-0.111087,0.086682,0.039246,-0.158553,0.143886,0.072566,-0.160556,0.143857,0.042258,-0.161582,0.096892,0.069493,-0.164367,0.096123
267,26.7,0.129452,-0.106778,0.085996,0.005873,-0.114196,0.087562,0.067662,-0.110487,0.086779,0.039367,-0.157432,0.143878,0.072577,-0.160479,0.143878,0.042275,-0.161504,0.096909,0.069063,-0.164114,0.096135
268,26.8,0.129573,-0.107844,0.085844,0.00579,-0.114811,0.087456,0.067682,-0.111328,0.08665,0.039182,-0.159549,0.143917,0.072614,-0.160497,0.143865,0.042309,-0.161533,0.096898,0.069097,-0.164137,0.096122
269,26.9,0.129492,-0.10743,0.085893,0.005872,-0.114024,0.087555,0.067682,-0.110727,0.086724,0.039108,-0.159629,0.144361,0.072575,-0.160519,0.143835,0.042269,-0.161535,0.096869,0.069014,-0.1652,0.096007
270,27,0.129446,-0.107074,0.085991,0.005888,-0.113962,0.087576,0.067667,-0.110518,0.086783,0.038703,-0.159377,0.143911,0.072545,-0.161581,0.143894,0.042378,-0.160497,0.096983,0.069064,-0.164139,0.096125
271,27.1,0.1295,-0.107212,0.086039,0.005841,-0.114556,0.087534,0.06767,-0.110884,0.086786,0.039149,-0.159571,0.144469,0.072616,-0.160451,0.143947,0.042315,-0.161507,0.096978,0.069068,-0.164175,0.096679
272,27.2,0.12941,-0.106987,0.085995,0.006058,-0.113025,0.087668,0.067734,-0.110006,0.086831,0.039065,-0.15968,0.14435,0.072532,-0.160575,0.143825,0.042646,-0.161832,0.097349,0.069426,-0.164442,0.096565
273,27.3,0.129452,-0.106812,0.085948,0.005894,-0.114034,0.087587,0.067673,-0.110423,0.086767,0.03911,-0.159637,0.144385,0.072577,-0.160528,0.143854,0.042228,-0.161623,0.097374,0.069498,-0.164341,0.096121
274,27.4,0.129403,-0.106345,0.086064,0.0059,-0.113907,0.087608,0.067652,-0.110126,0.086836,0.039109,-0.15962,0.144411,0.072541,-0.161574,0.143919,0.042348,-0.160575,0.097482,0.069035,-0.164208,0.096624
275,27.5,0.129415,-0.106802,0.085931,0.005956,-0.113672,0.087604,0.067686,-0.110237,0.086767,0.039101,-0.159707,0.144336,0.072533,-0.161673,0.143831,0.042811,-0.160765,0.096934,0.069001,-0.165286,0.095978
276,27.6,0.129502,-0.107478,0.085866,0.005667,-0.115378,0.0874,0.067585,-0.111428,0.086633,0.039119,-0.159663,0.14438,0.072587,-0.160552,0.14385,0.04283,-0.160724,0.096978,0.069432,-0.165483,0.096508
277,27.7,0.129428,-0.107065,0.085969,0.005937,-0.113551,0.087622,0.067682,-0.110308,0.086796,0.039083,-0.159634,0.144389,0.072515,-0.1616,0.143889,0.0428,-0.160698,0.096988,0.069033,-0.164164,0.09612
278,27.8,0.12941,-0.106097,0.086096,0.005695,-0.115544,0.087406,0.067552,-0.11082,0.086751,0.038634,-0.160519,0.14446,0.07266,-0.160509,0.143925,0.042919,-0.16073,0.097043,0.069155,-0.164175,0.096183
279,27.9,0.129411,-0.106739,0.085986,0.005749,-0.114978,0.087462,0.06758,-0.110859,0.086724,0.038702,-0.15937,0.143937,0.07258,-0.160495,0.143896,0.042831,-0.160678,0.097019,0.069028,-0.164206,0.096627
280,28,0.129459,-0.1072,0.08602,0.006009,-0.113508,0.087659,0.067734,-0.110354,0.086839,0.038668,-0.159436,0.144412,0.072582,-0.160496,0.1439,0.042282,-0.161527,0.096929,0.069517,-0.164308,0.096165
281,28.1,0.12947,-0.106948,0.085988,0.005865,-0.114597,0.087473,0.067667,-0.110772,0.08673,0.039188,-0.159552,0.143952,0.072585,-0.161569,0.143929,0.042319,-0.161546,0.096934,0.069108,-0.164145,0.09616
282,28.2,0.129395,-0.106227,0.08613,0.005901,-0.114322,0.087562,0.067648,-0.110275,0.086846,0.038742,-0.159379,0.143969,0.07262,-0.1605,0.143924,0.04231,-0.161553,0.09696,0.069545,-0.164332,0.096192
283,28.3,0.129381,-0.106525,0.086003,0.005784,-0.114779,0.087464,0.067583,-0.110652,0.086733,0.039136,-0.159666,0.14437,0.072604,-0.160549,0.143838,0.04229,-0.161588,0.096877,0.069525,-0.164366,0.096105
284,28.4,0.129461,-0.106885,0.085906,0.005905,-0.114226,0.087512,0.067683,-0.110555,0.086709,0.039142,-0.159696,0.144359,0.072609,-0.160579,0.143829,0.042297,-0.161617,0.096867,0.069532,-0.164396,0.096096
285,28.5,0.129449,-0.106585,0.08606,0.00601,-0.113689,0.087601,0.067729,-0.110137,0.08683,0.039162,-0.159628,0.144386,0.072595,-0.161585,0.143883,0.04232,-0.161544,0.096893,0.069555,-0.164322,0.096124
286,28.6,0.129461,-0.106812,0.086048,0.005802,-0.114733,0.08751,0.067631,-0.110772,0.086779,0.039238,-0.158563,0.144424,0.072559,-0.161566,0.143957,0.042298,-0.161541,0.09696,0.069456,-0.165438,0.09659
287,28.7,0.129395,-0.106177,0.086154,0.00582,-0.114504,0.087543,0.067608,-0.110341,0.086849,0.038799,-0.159151,0.143022,0.072606,-0.160404,0.14393,0.042306,-0.161441,0.09696,0.069094,-0.164045,0.096187
288,28.8,0.12947,-0.106453,0.086046,0.005904,-0.114461,0.087499,0.067687,-0.110457,0.086772,0.039233,-0.159494,0.143971,0.072665,-0.16043,0.14392,0.042362,-0.161485,0.096952,0.069151,-0.164079,0.096177
289,28.9,0.129494,-0.107204,0.086014,0.005825,-0.114497,0.087542,0.067659,-0.110851,0.086778,0.039127,-0.1596,0.144434,0.07256,-0.161557,0.143937,0.042747,-0.161699,0.096951,0.069528,-0.1643,0.096177
290,29,0.129322,-0.106171,0.086076,0.005782,-0.114608,0.087477,0.067552,-0.110389,0.086776,0.039226,-0.158518,0.143881,0.072547,-0.160515,0.143861,0.04215,-0.162572,0.096806,0.069894,-0.16555,0.096051
291,29.1,0.129423,-0.106626,0.086006,0.005947,-0.113894,0.087602,0.067685,-0.11026,0.086804,0.03869,-0.159403,0.144421,0.072569,-0.161537,0.143933,0.042301,-0.161495,0.096939,0.069089,-0.164101,0.096164
292,29.2,0.129555,-0.107269,0.085976,0.005723,-0.115449,0.087442,0.067639,-0.111359,0.086709,0.038775,-0.159405,0.144445,0.072689,-0.160447,0.143928,0.042281,-0.162544,0.096882,0.069619,-0.164279,0.096196
293,29.3,0.129499,-0.10686,0.085918,0.00587,-0.114811,0.087434,0.067684,-0.110835,0.086676,0.03931,-0.158615,0.144363,0.072632,-0.161611,0.143884,0.042354,-0.161585,0.096896,0.069513,-0.165478,0.096517
