Format Version,1.23,Take Name,MDC_data_tag0_1780647459,Take Notes,,Capture Frame Rate,10,Export Frame Rate,10,Capture Start Time,2026-06-05 06:17:57 PM,Total Frames in Take,,Total Exported Frames,,Rotation Type,XYZ,Length Units,Meters,Coordinate Space,Global

,Type,Rigid Body Marker,Rigid Body Marker,Rigid Body Marker,Rigid Body Marker,Rigid Body Marker,Rigid Body Marker,Rigid Body Marker,Rigid Body Marker,Rigid Body Marker,Rigid Body Marker,Rigid Body Marker,Rigid Body Marker,Marker,Marker,Marker,Marker,Marker,Marker,Marker,Marker,Marker
,Name,Tag0,Tag0,Tag0,Tag1,Tag1,Tag1,Tag2,Tag2,Tag2,Midpoint,Midpoint,Midpoint,Purple,Purple,Purple,Pink,Pink,Pink,Green,Green,Green
,ID,Tag0,Tag0,Tag0,Tag1,Tag1,Tag1,Tag2,Tag2,Tag2,Midpoint,Midpoint,Midpoint,Purple,Purple,Purple,Pink,Pink,Pink,Green,Green,Green
,,Position,Position,Position,Position,Position,Position,Position,Position,Position,Position,Position,Position,Position,Position,Position,Position,Position,Position,Position,Position,Position
Timestamp,Time (Seconds),X,Y,Z,X,Y,Z,X,Y,Z,X,Y,Z,X,Y,Z,X,Y,Z,X,Y,Z
2026-06-05 18:17:57.531,0.000000,0.000000,0.000000,0.000000,0.298616,-0.093900,0.447644,0.100960,-0.081316,0.426767,0.199788,-0.087608,0.437206,0.162315,-0.051442,0.439322,0.219790,-0.010510,0.430551,0.233224,-0.052476,0.446249
2026-06-05 18:17:57.631,0.100000,0.000000,0.000000,0.000000,0.298616,-0.093900,0.447644,0.100960,-0.081316,0.426767,0.199788,-0.087608,0.437206,0.162315,-0.051442,0.439322,0.219790,-0.010510,0.430551,0.233342,-0.053475,0.445621
2026-06-05 18:17:57.731,0.200000,0.000000,0.000000,0.000000,0.298616,-0.093900,0.447644,0.100960,-0.081316,0.426767,0.199788,-0.087608,0.437206,0.162315,-0.051442,0.439322,0.219790,-0.010510,0.430551,0.233224,-0.052476,0.446249
2026-06-05 18:17:57.831,0.300000,0.000000,0.000000,0.000000,0.298616,-0.093900,0.447644,0.100960,-0.081316,0.426767,0.199788,-0.087608,0.437206,0.162315,-0.051442,0.439322,0.219790,-0.010510,0.430551,0.233224,-0.052476,0.446249
2026-06-05 18:17:57.931,0.400000,0.000000,0.000000,0.000000,0.298616,-0.093900,0.447644,0.100960,-0.081316,0.426767,0.199788,-0.087608,0.437206,0.162315,-0.051442,0.439322,0.219790,-0.010510,0.430551,0.233412,-0.052813,0.445306
2026-06-05 18:17:58.031,0.500000,0.000000,0.000000,0.000000,0.298616,-0.093900,0.447644,0.100948,-0.081685,0.425824,0.199782,-0.087793,0.436734,0.162315,-0.051442,0.439322,0.219790,-0.010510,0.430551,0.233224,-0.052476,0.446249
2026-06-05 18:17:58.131,0.599999,0.000000,0.000000,0.000000,0.298616,-0.093900,0.447644,0.100960,-0.081316,0.426767,0.199788,-0.087608,0.437206,0.162315,-0.051442,0.439322,0.219790,-0.010510,0.430551,0.233224,-0.052476,0.446249
2026-06-05 18:17:58.231,0.699999,0.000000,0.000000,0.000000,0.298894,-0.094288,0.446732,0.100960,-0.081316,0.426767,0.199927,-0.087802,0.436750,0.162315,-0.051442,0.439322,0.219621,-0.010233,0.431526,0.233224,-0.052476,0.446249
2026-06-05 18:17:58.331,0.799999,0.000000,0.000000,0.000000,0.298616,-0.093900,0.447644,0.100960,-0.081316,0.426767,0.199788,-0.087608,0.437206,0.162315,-0.051442,0.439322,0.219790,-0.010510,0.430551,0.233412,-0.052813,0.445306
2026-06-05 18:17:58.431,0.899999,0.000000,0.000000,0.000000,0.298616,-0.093900,0.447644,0.100960,-0.081316,0.426767,0.199788,-0.087608,0.437206,0.162315,-0.051442,0.439322,0.219790,-0.010510,0.430551,0.233224,-0.052476,0.446249
2026-06-05 18:17:58.531,0.999999,0.000000,0.000000,0.000000,0.298616,-0.093900,0.447644,0.100948,-0.081685,0.425824,0.199782,-0.087793,0.436734,0.162315,-0.051442,0.439322,0.219621,-0.010233,0.431526,0.233154,-0.053136,0.446564
2026-06-05 18:17:58.631,1.099999,0.000000,0.000000,0.000000,0.298616,-0.093900,0.447644,0.100960,-0.081316,0.426767,0.199788,-0.087608,0.437206,0.162315,-0.051442,0.439322,0.219790,-0.010510,0.430551,0.233412,-0.052813,0.445306
2026-06-05 18:17:58.731,1.199999,0.000000,0.000000,0.000000,0.298616,-0.093900,0.447644,0.100960,-0.081316,0.426767,0.199788,-0.087608,0.437206,0.162315,-0.051442,0.439322,0.219790,-0.010510,0.430551,0.233224,-0.052476,0.446249
2026-06-05 18:17:58.831,1.299999,0.000000,0.000000,0.000000,0.298616,-0.093900,0.447644,0.100960,-0.081316,0.426767,0.199788,-0.087608,0.437206,0.162315,-0.051442,0.439322,0.219790,-0.010510,0.430551,0.233224,-0.052476,0.446249
2026-06-05 18:17:58.931,1.399999,0.000000,0.000000,0.000000,0.298616,-0.093900,0.447644,0.100948,-0.081685,0.425824,0.199782,-0.087793,0.436734,0.162315,-0.051442,0.439322,0.219790,-0.010510,0.430551,0.233224,-0.052476,0.446249
2026-06-05 18:17:59.031,1.499999,0.000000,0.000000,0.000000,0.298616,-0.093900,0.447644,0.100960,-0.081316,0.426767,0.199788,-0.087608,0.437206,0.162315,-0.051442,0.439322,0.219790,-0.010510,0.430551,0.233224,-0.052476,0.446249
2026-06-05 18:17:59.131,1.599998,0.000000,0.000000,0.000000,0.298616,-0.093900,0.447644,0.100960,-0.081316,0.426767,0.199788,-0.087608,0.437206,0.162395,-0.051777,0.438370,0.219790,-0.010510,0.430551,0.233224,-0.052476,0.446249
2026-06-05 18:17:59.231,1.699998,0.000000,0.000000,0.000000,0.298616,-0.093900,0.447644,0.100960,-0.081316,0.426767,0.199788,-0.087608,0.437206,0.162395,-0.051777,0.438370,0.219790,-0.010510,0.430551,0.233412,-0.052813,0.445306
2026-06-05 18:17:59.331,1.799998,0.000000,0.000000,0.000000,0.298894,-0.094288,0.446732,0.100960,-0.081316,0.426767,0.199927,-0.087802,0.436750,0.162315,-0.051442,0.439322,0.219790,-0.010510,0.430551,0.233224,-0.052476,0.446249
2026-06-05 18:17:59.431,1.899998,0.000000,0.000000,0.000000,0.298616,-0.093900,0.447644,0.100960,-0.081316,0.426767,0.199788,-0.087608,0.437206,0.162395,-0.051777,0.438370,0.219790,-0.010510,0.430551,0.233224,-0.052476,0.446249
2026-06-05 18:17:59.531,1.999998,0.000000,0.000000,0.000000,0.298616,-0.093900,0.447644,0.100960,-0.081316,0.426767,0.199788,-0.087608,0.437206,0.162315,-0.051442,0.439322,0.219790,-0.010510,0.430551,0.233224,-0.052476,0.446249
2026-06-05 18:17:59.631,2.099998,0.000000,0.000000,0.000000,0.298616,-0.093900,0.447644,0.100960,-0.081316,0.426767,0.199788,-0.087608,0.437206,0.162315,-0.051442,0.439322,0.219790,-0.010510,0.430551,0.233342,-0.053475,0.445621
2026-06-05 18:17:59.731,2.199998,0.000000,0.000000,0.000000,0.298339,-0.093512,0.448557,0.100960,-0.081316,0.426767,0.199649,-0.087414,0.437662,0.162395,-0.051777,0.438370,0.219790,-0.010510,0.430551,0.233154,-0.053136,0.446564
2026-06-05 18:17:59.831,2.299998,0.000000,0.000000,0.000000,0.298616,-0.093900,0.447644,0.100960,-0.081316,0.426767,0.199788,-0.087608,0.437206,0.162315,-0.051442,0.439322,0.219790,-0.010510,0.430551,0.233224,-0.052476,0.446249
2026-06-05 18:17:59.931,2.399998,0.000000,0.000000,0.000000,0.298616,-0.093900,0.447644,0.100960,-0.081316,0.426767,0.199788,-0.087608,0.437206,0.162395,-0.051777,0.438370,0.219790,-0.010510,0.430551,0.233224,-0.052476,0.446249
2026-06-05 18:18:00.031,2.499998,0.000000,0.000000,0.000000,0.298616,-0.093900,0.447644,0.100960,-0.081316,0.426767,0.199788,-0.087608,0.437206,0.162395,-0.051777,0.438370,0.219621,-0.010233,0.431526,0.233224,-0.052476,0.446249
2026-06-05 18:18:00.131,2.599998,0.000000,0.000000,0.000000,0.298616,-0.093900,0.447644,0.100948,-0.081685,0.425824,0.199782,-0.087793,0.436734,0.162395,-0.051777,0.438370,0.219790,-0.010510,0.430551,0.233224,-0.052476,0.446249
2026-06-05 18:18:00.231,2.699997,0.000000,0.000000,0.000000,0.298616,-0.093900,0.447644,0.100960,-0.081316,0.426767,0.199788,-0.087608,0.437206,0.162315,-0.051442,0.439322,0.219790,-0.010510,0.430551,0.233412,-0.052813,0.445306
2026-06-05 18:18:00.331,2.799997,0.000000,0.000000,0.000000,0.298616,-0.093900,0.447644,0.100948,-0.081685,0.425824,0.199782,-0.087793,0.436734,0.162395,-0.051777,0.438370,0.219621,-0.010233,0.431526,0.233224,-0.052476,0.446249
2026-06-05 18:18:00.431,2.899997,0.000000,0.000000,0.000000,0.298616,-0.093900,0.447644,0.100948,-0.081685,0.425824,0.199782,-0.087793,0.436734,0.162315,-0.051442,0.439322,0.219790,-0.010510,0.430551,0.233154,-0.053136,0.446564
2026-06-05 18:18:00.531,2.999997,0.000000,0.000000,0.000000,0.298616,-0.093900,0.447644,0.100960,-0.081316,0.426767,0.199788,-0.087608,0.437206,0.162315,-0.051442,0.439322,0.219790,-0.010510,0.430551,0.233224,-0.052476,0.446249
2026-06-05 18:18:00.631,3.099997,0.000000,0.000000,0.000000,0.298616,-0.093900,0.447644,0.100948,-0.081685,0.425824,0.199782,-0.087793,0.436734,0.162315,-0.051442,0.439322,0.219790,-0.010510,0.430551,0.233224,-0.052476,0.446249
2026-06-05 18:18:00.731,3.199997,0.000000,0.000000,0.000000,0.298616,-0.093900,0.447644,0.100948,-0.081685,0.425824,0.199782,-0.087793,0.436734,0.162315,-0.051442,0.439322,0.219790,-0.010510,0.430551,0.232495,-0.052434,0.446175
2026-06-05 18:18:00.831,3.299997,0.000000,0.000000,0.000000,0.298339,-0.093512,0.448557,0.100960,-0.081316,0.426767,0.199649,-0.087414,0.437662,0.162315,-0.051442,0.439322,0.219790,-0.010510,0.430551,0.233224,-0.052476,0.446249
2026-06-05 18:18:00.931,3.399997,0.000000,0.000000,0.000000,0.298616,-0.093900,0.447644,0.100960,-0.081316,0.426767,0.199788,-0.087608,0.437206,0.162315,-0.051442,0.439322,0.219790,-0.010510,0.430551,0.233224,-0.052476,0.446249
2026-06-05 18:18:01.031,3.499997,0.000000,0.000000,0.000000,0.298616,-0.093900,0.447644,0.100960,-0.081316,0.426767,0.199788,-0.087608,0.437206,0.162315,-0.051442,0.439322,0.219790,-0.010510,0.430551,0.233412,-0.052813,0.445306
2026-06-05 18:18:01.131,3.599997,0.000000,0.000000,0.000000,0.298894,-0.094288,0.446732,0.100948,-0.081685,0.425824,0.199921,-0.087987,0.436278,0.162395,-0.051777,0.438370,0.219790,-0.010510,0.430551,0.233224,-0.052476,0.446249
2026-06-05 18:18:01.231,3.699996,0.000000,0.000000,0.000000,0.298894,-0.094288,0.446732,0.100948,-0.081685,0.425824,0.199921,-0.087987,0.436278,0.162315,-0.051442,0.439322,0.219790,-0.010510,0.430551,0.233154,-0.053136,0.446564
2026-06-05 18:18:01.331,3.799996,0.000000,0.000000,0.000000,0.298616,-0.093900,0.447644,0.100960,-0.081316,0.426767,0.199788,-0.087608,0.437206,0.162315,-0.051442,0.439322,0.219790,-0.010510,0.430551,0.233224,-0.052476,0.446249
2026-06-05 18:18:01.431,3.899996,0.000000,0.000000,0.000000,0.298616,-0.093900,0.447644,0.100960,-0.081316,0.426767,0.199788,-0.087608,0.437206,0.162315,-0.051442,0.439322,0.219790,-0.010510,0.430551,0.233224,-0.052476,0.446249
2026-06-05 18:18:01.531,3.999996,0.000000,0.000000,0.000000,0.298339,-0.093512,0.448557,0.100960,-0.081316,0.426767,0.199649,-0.087414,0.437662,0.162315,-0.051442,0.439322,0.219790,-0.010510,0.430551,0.233412,-0.052813,0.445306
2026-06-05 18:18:01.631,4.099996,0.000000,0.000000,0.000000,0.298616,-0.093900,0.447644,0.100960,-0.081316,0.426767,0.199788,-0.087608,0.437206,0.162395,-0.051777,0.438370,0.219790,-0.010510,0.430551,0.233224,-0.052476,0.446249
2026-06-05 18:18:01.731,4.199996,0.000000,0.000000,0.000000,0.298616,-0.093900,0.447644,0.100960,-0.081316,0.426767,0.199788,-0.087608,0.437206,0.162315,-0.051442,0.439322,0.219790,-0.010510,0.430551,0.233224,-0.052476,0.446249
2026-06-05 18:18:01.831,4.299996,0.000000,0.000000,0.000000,0.298616,-0.093900,0.447644,0.100948,-0.081685,0.425824,0.199782,-0.087793,0.436734,0.162395,-0.051777,0.438370,0.219790,-0.010510,0.430551,0.233224,-0.052476,0.446249
2026-06-05 18:18:01.931,4.399996,0.000000,0.000000,0.000000,0.298339,-0.093512,0.448557,0.100960,-0.081316,0.426767,0.199649,-0.087414,0.437662,0.162315,-0.051442,0.439322,0.219790,-0.010510,0.430551,0.233412,-0.052813,0.445306
2026-06-05 18:18:02.031,4.499996,0.000000,0.000000,0.000000,0.298616,-0.093900,0.447644,0.100960,-0.081316,0.426767,0.199788,-0.087608,0.437206,0.162395,-0.051777,0.438370,0.219790,-0.010510,0.430551,0.233224,-0.052476,0.446249
2026-06-05 18:18:02.131,4.599996,0.000000,0.000000,0.000000,0.298616,-0.093900,0.447644,0.100960,-0.081316,0.426767,0.199788,-0.087608,0.437206,0.162315,-0.051442,0.439322,0.219790,-0.010510,0.430551,0.233224,-0.052476,0.446249
2026-06-05 18:18:02.231,4.699996,0.000000,0.000000,0.000000,0.298616,-0.093900,0.447644,0.100960,-0.081316,0.426767,0.199788,-0.087608,0.437206,0.162315,-0.051442,0.439322,0.219790,-0.010510,0.430551,0.233224,-0.052476,0.446249
2026-06-05 18:18:02.331,4.799995,0.000000,0.000000,0.000000,0.298616,-0.093900,0.447644,0.100960,-0.081316,0.426767,0.199788,-0.087608,0.437206,0.162395,-0.051777,0.438370,0.219790,-0.010510,0.430551,0.233224,-0.052476,0.446249
2026-06-05 18:18:02.431,4.899995,0.000000,0.000000,0.000000,0.298616,-0.093900,0.447644,0.100948,-0.081685,0.425824,0.199782,-0.087793,0.436734,0.162315,-0.051442,0.439322,0.219621,-0.010233,0.431526,0.233224,-0.052476,0.446249
2026-06-05 18:18:02.531,4.999995,0.000000,0.000000,0.000000,0.298616,-0.093900,0.447644,0.100948,-0.081685,0.425824,0.199782,-0.087793,0.436734,0.162395,-0.051777,0.438370,0.219790,-0.010510,0.430551,0.233224,-0.052476,0.446249
2026-06-05 18:18:02.631,5.099995,0.000000,0.000000,0.000000,0.298339,-0.093512,0.448557,0.100960,-0.081316,0.426767,0.199649,-0.087414,0.437662,0.162315,-0.051442,0.439322,0.219790,-0.010510,0.430551,0.233224,-0.052476,0.446249
2026-06-05 18:18:02.731,5.199995,0.000000,0.000000,0.000000,0.298616,-0.093900,0.447644,0.100960,-0.081316,0.426767,0.199788,-0.087608,0.437206,0.162395,-0.051777,0.438370,0.219790,-0.010510,0.430551,0.233224,-0.052476,0.446249
2026-06-05 18:18:02.831,5.299995,0.000000,0.000000,0.000000,0.298616,-0.093900,0.447644,0.100960,-0.081316,0.426767,0.199788,-0.087608,0.437206,0.162315,-0.051442,0.439322,0.219790,-0.010510,0.430551,0.233224,-0.052476,0.446249
2026-06-05 18:18:02.931,5.399995,0.000000,0.000000,0.000000,0.298616,-0.093900,0.447644,0.100960,-0.081316,0.426767,0.199788,-0.087608,0.437206,0.162315,-0.051442,0.439322,0.219790,-0.010510,0.430551,0.233224,-0.052476,0.446249
2026-06-05 18:18:03.031,5.499995,0.000000,0.000000,0.000000,0.298339,-0.093512,0.448557,0.100960,-0.081316,0.426767,0.199649,-0.087414,0.437662,0.162315,-0.051442,0.439322,0.219790,-0.010510,0.430551,0.233154,-0.053136,0.446564
2026-06-05 18:18:03.131,5.599995,0.000000,0.000000,0.000000,0.298894,-0.094288,0.446732,0.100960,-0.081316,0.426767,0.199927,-0.087802,0.436750,0.162315,-0.051442,0.439322,0.219790,-0.010510,0.430551,0.233224,-0.052476,0.446249
2026-06-05 18:18:03.231,5.699995,0.000000,0.000000,0.000000,0.298616,-0.093900,0.447644,0.100948,-0.081685,0.425824,0.199782,-0.087793,0.436734,0.162395,-0.051777,0.438370,0.219621,-0.010233,0.431526,0.233224,-0.052476,0.446249
2026-06-05 18:18:03.331,5.799994,0.000000,0.000000,0.000000,0.298616,-0.093900,0.447644,0.100960,-0.081316,0.426767,0.199788,-0.087608,0.437206,0.162395,-0.051777,0.438370,0.219790,-0.010510,0.430551,0.232682,-0.052772,0.445231
2026-06-05 18:18:03.431,5.899994,0.000000,0.000000,0.000000,0.298339,-0.093512,0.448557,0.100960,-0.081316,0.426767,0.199649,-0.087414,0.437662,0.162395,-0.051777,0.438370,0.219790,-0.010510,0.430551,0.233224,-0.052476,0.446249
2026-06-05 18:18:03.531,5.999994,0.000000,0.000000,0.000000,0.298339,-0.093512,0.448557,0.100960,-0.081316,0.426767,0.199649,-0.087414,0.437662,0.162315,-0.051442,0.439322,0.219790,-0.010510,0.430551,0.233154,-0.053136,0.446564
2026-06-05 18:18:03.631,6.099994,0.000000,0.000000,0.000000,0.298616,-0.093900,0.447644,0.100960,-0.081316,0.426767,0.199788,-0.087608,0.437206,0.162315,-0.051442,0.439322,0.219790,-0.010510,0.430551,0.233224,-0.052476,0.446249
2026-06-05 18:18:03.731,6.199994,0.000000,0.000000,0.000000,0.298616,-0.093900,0.447644,0.100960,-0.081316,0.426767,0.199788,-0.087608,0.437206,0.162315,-0.051442,0.439322,0.219621,-0.010233,0.431526,0.233154,-0.053136,0.446564
2026-06-05 18:18:03.831,6.299994,0.000000,0.000000,0.000000,0.298616,-0.093900,0.447644,0.100948,-0.081685,0.425824,0.199782,-0.087793,0.436734,0.162315,-0.051442,0.439322,0.219790,-0.010510,0.430551,0.233224,-0.052476,0.446249
2026-06-05 18:18:03.931,6.399994,0.000000,0.000000,0.000000,0.298616,-0.093900,0.447644,0.100960,-0.081316,0.426767,0.199788,-0.087608,0.437206,0.162315,-0.051442,0.439322,0.219790,-0.010510,0.430551,0.233224,-0.052476,0.446249
2026-06-05 18:18:04.031,6.499994,0.000000,0.000000,0.000000,0.298616,-0.093900,0.447644,0.100960,-0.081316,0.426767,0.199788,-0.087608,0.437206,0.162395,-0.051777,0.438370,0.219621,-0.010233,0.431526,0.233154,-0.053136,0.446564
2026-06-05 18:18:04.131,6.599994,0.000000,0.000000,0.000000,0.298339,-0.093512,0.448557,0.100960,-0.081316,0.426767,0.199649,-0.087414,0.437662,0.162315,-0.051442,0.439322,0.219790,-0.010510,0.430551,0.233154,-0.053136,0.446564
2026-06-05 18:18:04.231,6.699994,0.000000,0.000000,0.000000,0.298616,-0.093900,0.447644,0.100960,-0.081316,0.426767,0.199788,-0.087608,0.437206,0.162315,-0.051442,0.439322,0.219790,-0.010510,0.430551,0.233224,-0.052476,0.446249
2026-06-05 18:18:04.331,6.799994,0.000000,0.000000,0.000000,0.298616,-0.093900,0.447644,0.100960,-0.081316,0.426767,0.199788,-0.087608,0.437206,0.162315,-0.051442,0.439322,0.219790,-0.010510,0.430551,0.233224,-0.052476,0.446249
2026-06-05 18:18:04.431,6.899993,0.000000,0.000000,0.000000,0.298616,-0.093900,0.447644,0.100960,-0.081316,0.426767,0.199788,-0.087608,0.437206,0.162315,-0.051442,0.439322,0.219790,-0.010510,0.430551,0.074062,-0.262519,0.251294
2026-06-05 18:18:04.531,6.999993,0.000000,0.000000,0.000000,0.298894,-0.094288,0.446732,0.100960,-0.081316,0.426767,0.199927,-0.087802,0.436750,0.162395,-0.051777,0.438370,0.219790,-0.010510,0.430551,0.233224,-0.052476,0.446249
2026-06-05 18:18:04.631,7.099993,0.000000,0.000000,0.000000,0.298339,-0.093512,0.448557,0.100960,-0.081316,0.426767,0.199649,-0.087414,0.437662,0.162315,-0.051442,0.439322,0.219790,-0.010510,0.430551,0.233224,-0.052476,0.446249
2026-06-05 18:18:04.731,7.199993,0.000000,0.000000,0.000000,0.298616,-0.093900,0.447644,0.100960,-0.081316,0.426767,0.199788,-0.087608,0.437206,0.162315,-0.051442,0.439322,0.219790,-0.010510,0.430551,0.233318,-0.052644,0.445778
2026-06-05 18:18:04.831,7.299993,0.000000,0.000000,0.000000,0.298616,-0.093900,0.447644,0.100960,-0.081316,0.426767,0.199788,-0.087608,0.437206,0.162315,-0.051442,0.439322,0.219790,-0.010510,0.430551,0.233412,-0.052813,0.445306
2026-06-05 18:18:04.931,7.399993,0.000000,0.000000,0.000000,0.298616,-0.093900,0.447644,0.100960,-0.081316,0.426767,0.199788,-0.087608,0.437206,0.162315,-0.051442,0.439322,0.219790,-0.010510,0.430551,0.233224,-0.052476,0.446249
2026-06-05 18:18:05.031,7.499993,0.000000,0.000000,0.000000,0.298616,-0.093900,0.447644,0.100960,-0.081316,0.426767,0.199788,-0.087608,0.437206,0.162315,-0.051442,0.439322,0.219790,-0.010510,0.430551,0.233154,-0.053136,0.446564
2026-06-05 18:18:05.131,7.599993,0.000000,0.000000,0.000000,0.298339,-0.093512,0.448557,0.100960,-0.081316,0.426767,0.199649,-0.087414,0.437662,0.162395,-0.051777,0.438370,0.219790,-0.010510,0.430551,0.233412,-0.052813,0.445306
2026-06-05 18:18:05.231,7.699993,0.000000,0.000000,0.000000,0.298894,-0.094288,0.446732,0.100960,-0.081316,0.426767,0.199927,-0.087802,0.436750,0.162315,-0.051442,0.439322,0.219790,-0.010510,0.430551,0.233224,-0.052476,0.446249
2026-06-05 18:18:05.331,7.799993,0.000000,0.000000,0.000000,0.298616,-0.093900,0.447644,0.100960,-0.081316,0.426767,0.199788,-0.087608,0.437206,0.162315,-0.051442,0.439322,0.219790,-0.010510,0.430551,0.233224,-0.052476,0.446249
2026-06-05 18:18:05.431,7.899992,0.000000,0.000000,0.000000,0.298616,-0.093900,0.447644,0.100960,-0.081316,0.426767,0.199788,-0.087608,0.437206,0.162315,-0.051442,0.439322,0.219790,-0.010510,0.430551,0.233224,-0.052476,0.446249
2026-06-05 18:18:05.531,7.999992,0.000000,0.000000,0.000000,0.298616,-0.093900,0.447644,0.100960,-0.081316,0.426767,0.199788,-0.087608,0.437206,0.162315,-0.051442,0.439322,0.219790,-0.010510,0.430551,0.233224,-0.052476,0.446249
2026-06-05 18:18:05.631,8.099992,0.000000,0.000000,0.000000,0.298616,-0.093900,0.447644,0.100960,-0.081316,0.426767,0.199788,-0.087608,0.437206,0.162315,-0.051442,0.439322,0.219790,-0.010510,0.430551,0.735610,-0.360848,0.418950
2026-06-05 18:18:05.731,8.199992,0.000000,0.000000,0.000000,0.298616,-0.093900,0.447644,0.100960,-0.081316,0.426767,0.199788,-0.087608,0.437206,0.162315,-0.051442,0.439322,0.219790,-0.010510,0.430551,0.233224,-0.052476,0.446249
