Format Version,1.23,Take Name,MDC_data_1780977611,Take Notes,,Capture Frame Rate,10,Export Frame Rate,10,Capture Start Time,2026-06-09 02:00:29 PM,Total Frames in Take,,Total Exported Frames,,Rotation Type,XYZ,Length Units,Meters,Coordinate Space,Global

,Type,Rigid Body Marker,Rigid Body Marker,Rigid Body Marker,Rigid Body Marker,Rigid Body Marker,Rigid Body Marker,Rigid Body Marker,Rigid Body Marker,Rigid Body Marker,Rigid Body Marker,Rigid Body Marker,Rigid Body Marker,Marker,Marker,Marker,Marker,Marker,Marker,Marker,Marker,Marker
,Name,Tag0,Tag0,Tag0,Tag1,Tag1,Tag1,Tag2,Tag2,Tag2,Midpoint,Midpoint,Midpoint,Purple,Purple,Purple,Pink,Pink,Pink,Green,Green,Green
,ID,Tag0,Tag0,Tag0,Tag1,Tag1,Tag1,Tag2,Tag2,Tag2,Midpoint,Midpoint,Midpoint,Purple,Purple,Purple,Pink,Pink,Pink,Green,Green,Green
,,Position,Position,Position,Position,Position,Position,Position,Position,Position,Position,Position,Position,Position,Position,Position,Position,Position,Position,Position,Position,Position
Timestamp,Time (Seconds),X,Y,Z,X,Y,Z,X,Y,Z,X,Y,Z,X,Y,Z,X,Y,Z,X,Y,Z
2026-06-09 14:00:29.077,0.000000,0.000000,0.000000,0.000000,0.327409,-0.344897,-0.228975,0.126940,-0.342646,-0.234232,0.227174,-0.343771,-0.231604,0.185990,-0.356650,-0.205737,0.238456,-0.368964,-0.158893,0.258568,-0.364205,-0.202603
2026-06-09 14:00:29.177,0.100000,0.000000,0.000000,0.000000,0.327435,-0.343878,-0.229070,0.126940,-0.342646,-0.234232,0.227187,-0.343262,-0.231651,0.185990,-0.356650,-0.205737,0.238337,-0.367947,-0.158876,0.258568,-0.364205,-0.202603
2026-06-09 14:00:29.277,0.200000,0.000000,0.000000,0.000000,0.327435,-0.343878,-0.229070,0.127226,-0.343649,-0.234131,0.227330,-0.343764,-0.231600,0.185990,-0.356650,-0.205737,0.238337,-0.367947,-0.158876,0.258568,-0.364205,-0.202603
2026-06-09 14:00:29.377,0.300000,0.000000,0.000000,0.000000,0.327435,-0.343878,-0.229070,0.127226,-0.343649,-0.234131,0.227330,-0.343764,-0.231600,0.185990,-0.356650,-0.205737,0.238456,-0.368964,-0.158893,0.258568,-0.364205,-0.202603
2026-06-09 14:00:29.477,0.400000,0.000000,0.000000,0.000000,0.327409,-0.344897,-0.228975,0.127226,-0.343649,-0.234131,0.227317,-0.344273,-0.231553,0.185990,-0.356650,-0.205737,0.238456,-0.368964,-0.158893,0.258568,-0.364205,-0.202603
2026-06-09 14:00:29.577,0.500000,0.000000,0.000000,0.000000,0.327435,-0.343878,-0.229070,0.126940,-0.342646,-0.234232,0.227187,-0.343262,-0.231651,0.186190,-0.357660,-0.205679,0.238456,-0.368964,-0.158893,0.258568,-0.364205,-0.202603
2026-06-09 14:00:29.677,0.599999,0.000000,0.000000,0.000000,0.327435,-0.343878,-0.229070,0.126940,-0.342646,-0.234232,0.227187,-0.343262,-0.231651,0.185791,-0.355641,-0.205796,0.238456,-0.368964,-0.158893,0.258568,-0.364205,-0.202603
2026-06-09 14:00:29.777,0.699999,0.000000,0.000000,0.000000,0.327435,-0.343878,-0.229070,0.127226,-0.343649,-0.234131,0.227330,-0.343764,-0.231600,0.185990,-0.356650,-0.205737,0.238337,-0.367947,-0.158876,0.258568,-0.364205,-0.202603
2026-06-09 14:00:29.877,0.799999,0.000000,0.000000,0.000000,0.327409,-0.344897,-0.228975,0.126940,-0.342646,-0.234232,0.227174,-0.343771,-0.231604,0.185990,-0.356650,-0.205737,0.238337,-0.367947,-0.158876,0.258568,-0.364205,-0.202603
2026-06-09 14:00:29.977,0.899999,0.000000,0.000000,0.000000,0.327435,-0.343878,-0.229070,0.126940,-0.342646,-0.234232,0.227187,-0.343262,-0.231651,0.185990,-0.356650,-0.205737,0.238337,-0.367947,-0.158876,0.258568,-0.364205,-0.202603
2026-06-09 14:00:30.077,0.999999,0.000000,0.000000,0.000000,0.327409,-0.344897,-0.228975,0.126654,-0.341643,-0.234333,0.227031,-0.343270,-0.231654,0.185990,-0.356650,-0.205737,0.238337,-0.367947,-0.158876,0.258568,-0.364205,-0.202603
2026-06-09 14:00:30.177,1.099999,0.000000,0.000000,0.000000,0.327435,-0.343878,-0.229070,0.127226,-0.343649,-0.234131,0.227330,-0.343764,-0.231600,0.185990,-0.356650,-0.205737,0.238456,-0.368964,-0.158893,0.258568,-0.364205,-0.202603
2026-06-09 14:00:30.277,1.199999,0.000000,0.000000,0.000000,0.328095,-0.344873,-0.229152,0.127226,-0.343649,-0.234131,0.227660,-0.344261,-0.231641,0.185990,-0.356650,-0.205737,0.238337,-0.367947,-0.158876,0.258568,-0.364205,-0.202603
2026-06-09 14:00:30.377,1.299999,0.000000,0.000000,0.000000,0.327946,-0.343900,-0.229934,0.127226,-0.343649,-0.234131,0.227586,-0.343774,-0.232033,0.185990,-0.356650,-0.205737,0.238456,-0.368964,-0.158893,0.258568,-0.364205,-0.202603
2026-06-09 14:00:30.477,1.399999,0.000000,0.000000,0.000000,0.327435,-0.343878,-0.229070,0.127226,-0.343649,-0.234131,0.227330,-0.343764,-0.231600,0.185990,-0.356650,-0.205737,0.238456,-0.368964,-0.158893,0.258568,-0.364205,-0.202603
2026-06-09 14:00:30.577,1.499999,0.000000,0.000000,0.000000,0.327435,-0.343878,-0.229070,0.127226,-0.343649,-0.234131,0.227330,-0.343764,-0.231600,0.185990,-0.356650,-0.205737,0.238337,-0.367947,-0.158876,0.258568,-0.364205,-0.202603
2026-06-09 14:00:30.677,1.599998,0.000000,0.000000,0.000000,0.327409,-0.344897,-0.228975,0.126940,-0.342646,-0.234232,0.227174,-0.343771,-0.231604,0.185990,-0.356650,-0.205737,0.238456,-0.368964,-0.158893,-0.100850,-0.005381,-0.165166
2026-06-09 14:00:30.777,1.699998,0.000000,0.000000,0.000000,0.327435,-0.343878,-0.229070,0.127226,-0.343649,-0.234131,0.227330,-0.343764,-0.231600,0.185990,-0.356650,-0.205737,0.238456,-0.368964,-0.158893,0.258568,-0.364205,-0.202603
2026-06-09 14:00:30.877,1.799998,0.000000,0.000000,0.000000,0.327435,-0.343878,-0.229070,0.126940,-0.342646,-0.234232,0.227187,-0.343262,-0.231651,0.185990,-0.356650,-0.205737,0.238337,-0.367947,-0.158876,0.258568,-0.364205,-0.202603
2026-06-09 14:00:30.977,1.899998,0.000000,0.000000,0.000000,0.327435,-0.343878,-0.229070,0.126940,-0.342646,-0.234232,0.227187,-0.343262,-0.231651,0.185990,-0.356650,-0.205737,0.238337,-0.367947,-0.158876,0.258568,-0.364205,-0.202603
2026-06-09 14:00:31.077,1.999998,0.000000,0.000000,0.000000,0.327435,-0.343878,-0.229070,0.126940,-0.342646,-0.234232,0.227187,-0.343262,-0.231651,0.185990,-0.356650,-0.205737,0.238337,-0.367947,-0.158876,0.258568,-0.364205,-0.202603
2026-06-09 14:00:31.177,2.099998,0.000000,0.000000,0.000000,0.327435,-0.343878,-0.229070,0.126761,-0.342692,-0.234931,0.227098,-0.343285,-0.232001,0.185990,-0.356650,-0.205737,0.238168,-0.367990,-0.159538,0.258568,-0.364205,-0.202603
2026-06-09 14:00:31.277,2.199998,0.000000,0.000000,0.000000,0.327435,-0.343878,-0.229070,0.126475,-0.341689,-0.235034,0.226955,-0.342784,-0.232052,0.185990,-0.356650,-0.205737,0.238168,-0.367990,-0.159538,0.258568,-0.364205,-0.202603
2026-06-09 14:00:31.377,2.299998,0.000000,0.000000,0.000000,0.327435,-0.343878,-0.229070,0.127226,-0.343649,-0.234131,0.227330,-0.343764,-0.231600,0.186164,-0.356605,-0.205058,0.238337,-0.367947,-0.158876,0.258739,-0.364161,-0.201935
2026-06-09 14:00:31.477,2.399998,0.000000,0.000000,0.000000,0.327450,-0.343720,-0.226143,0.126543,-0.343513,-0.230978,0.226997,-0.343616,-0.228561,0.185500,-0.356472,-0.201988,0.238352,-0.367794,-0.156056,0.258754,-0.364007,-0.199092
2026-06-09 14:00:31.577,2.499998,0.000000,0.000000,0.000000,0.327775,-0.344648,-0.224680,0.127420,-0.343442,-0.230460,0.227598,-0.344045,-0.227570,0.185674,-0.356427,-0.201308,0.237979,-0.368791,-0.155245,0.258343,-0.365002,-0.198204
2026-06-09 14:00:31.677,2.599998,0.000000,0.000000,0.000000,0.328461,-0.344624,-0.224857,0.128134,-0.343257,-0.227667,0.228298,-0.343941,-0.226262,0.187073,-0.357279,-0.199396,0.239692,-0.367596,-0.153577,0.260017,-0.364867,-0.197215
2026-06-09 14:00:31.777,2.699997,0.000000,0.000000,0.000000,0.328301,-0.344511,-0.222622,0.128078,-0.344193,-0.226002,0.228190,-0.344352,-0.224312,0.186741,-0.357213,-0.197863,0.239772,-0.369524,-0.151477,0.259024,-0.364825,-0.195537
2026-06-09 14:00:31.877,2.799997,0.000000,0.000000,0.000000,0.327951,-0.344602,-0.223994,0.127900,-0.344239,-0.226699,0.227925,-0.344421,-0.225346,0.186568,-0.357258,-0.198542,0.239316,-0.368593,-0.152771,0.259520,-0.364846,-0.196376
2026-06-09 14:00:31.977,2.899997,0.000000,0.000000,0.000000,0.329323,-0.344555,-0.224348,0.129546,-0.343048,-0.225054,0.229434,-0.343801,-0.224701,0.188249,-0.356065,-0.196901,0.241524,-0.367418,-0.151931,0.261113,-0.363695,-0.195429
2026-06-09 14:00:32.077,2.999997,0.000000,0.000000,0.000000,0.329819,-0.345438,-0.222205,0.130022,-0.343845,-0.221301,0.229921,-0.344642,-0.221753,0.189139,-0.356896,-0.194141,0.243087,-0.369257,-0.149517,0.261706,-0.364579,-0.193386
2026-06-09 14:00:32.177,3.099997,0.000000,0.000000,0.000000,0.330695,-0.344507,-0.224702,0.131416,-0.343797,-0.221661,0.231056,-0.344152,-0.223181,0.190516,-0.357905,-0.195128,0.244730,-0.369276,-0.151348,0.263365,-0.364598,-0.195235
2026-06-09 14:00:32.277,3.199997,0.000000,0.000000,0.000000,0.334291,-0.343798,-0.233769,0.134062,-0.340823,-0.225792,0.234177,-0.342310,-0.229781,0.194698,-0.355919,-0.200013,0.250218,-0.368291,-0.156992,0.267263,-0.363750,-0.201998
2026-06-09 14:00:32.377,3.299997,0.000000,0.000000,0.000000,0.336729,-0.342775,-0.235958,0.136358,-0.340543,-0.222651,0.236544,-0.341659,-0.229305,0.197764,-0.355735,-0.199355,0.253598,-0.367113,-0.157164,0.269933,-0.363657,-0.202687
2026-06-09 14:00:32.477,3.399997,0.000000,0.000000,0.000000,0.337696,-0.343995,-0.240509,0.137385,-0.338599,-0.225469,0.237540,-0.341297,-0.232989,0.199784,-0.354765,-0.202148,0.256143,-0.366155,-0.160654,0.271858,-0.362725,-0.206107
2026-06-09 14:00:32.577,3.499997,0.000000,0.000000,0.000000,0.340621,-0.343311,-0.249437,0.141158,-0.337494,-0.227348,0.240889,-0.340403,-0.238393,0.204193,-0.352734,-0.206395,0.262382,-0.365656,-0.166514,0.276624,-0.361811,-0.212412
2026-06-09 14:00:32.677,3.599997,0.000000,0.000000,0.000000,0.342383,-0.342313,-0.251477,0.143104,-0.337306,-0.225600,0.242744,-0.339809,-0.238538,0.205908,-0.352596,-0.205381,0.265000,-0.365054,-0.167198,0.277792,-0.361809,-0.213428
2026-06-09 14:00:32.777,3.699996,0.000000,0.000000,0.000000,0.343539,-0.342787,-0.261330,0.146337,-0.338329,-0.228527,0.244938,-0.340558,-0.244928,0.209641,-0.352702,-0.210712,0.269485,-0.363161,-0.174073,0.280891,-0.361030,-0.220750
2026-06-09 14:00:32.877,3.799996,0.000000,0.000000,0.000000,0.343323,-0.339987,-0.266101,0.145647,-0.336365,-0.229415,0.244485,-0.338176,-0.247758,0.209814,-0.351757,-0.212323,0.270738,-0.362250,-0.177268,0.280827,-0.360169,-0.223696
2026-06-09 14:00:32.977,3.899996,0.000000,0.000000,0.000000,0.341922,-0.340194,-0.268694,0.145828,-0.336318,-0.228711,0.243875,-0.338256,-0.248702,0.209814,-0.351757,-0.212323,0.271299,-0.363290,-0.178094,0.281155,-0.360235,-0.225214
2026-06-09 14:00:33.077,3.999996,0.000000,0.000000,0.000000,0.341036,-0.340424,-0.272158,0.145199,-0.337395,-0.229141,0.243117,-0.338909,-0.250649,0.210148,-0.351824,-0.213867,0.272058,-0.362357,-0.180456,0.281312,-0.360345,-0.227403
2026-06-09 14:00:33.177,4.099996,0.000000,0.000000,0.000000,0.340489,-0.340721,-0.277186,0.146172,-0.336387,-0.230302,0.243331,-0.338554,-0.253744,0.209988,-0.349915,-0.216245,0.273207,-0.362509,-0.184312,0.281077,-0.359529,-0.231037
2026-06-09 14:00:33.277,4.199996,0.000000,0.000000,0.000000,0.340135,-0.340813,-0.278571,0.145992,-0.336434,-0.231006,0.243063,-0.338623,-0.254789,0.210482,-0.350993,-0.217718,0.273644,-0.361512,-0.185178,0.281406,-0.359595,-0.232557
2026-06-09 14:00:33.377,4.299996,0.000000,0.000000,0.000000,0.340520,-0.339865,-0.280310,0.146336,-0.336503,-0.232598,0.243428,-0.338184,-0.256454,0.210834,-0.350004,-0.218658,0.273970,-0.361577,-0.186688,0.281735,-0.359661,-0.234078
2026-06-09 14:00:33.477,4.399996,0.000000,0.000000,0.000000,0.340342,-0.339911,-0.281004,0.146516,-0.336456,-0.231893,0.243429,-0.338184,-0.256448,0.210992,-0.351014,-0.218580,0.274527,-0.362617,-0.187500,0.281562,-0.359706,-0.234751
2026-06-09 14:00:33.577,4.499996,0.000000,0.000000,0.000000,0.339649,-0.339935,-0.280825,0.145992,-0.336434,-0.231006,0.242820,-0.338185,-0.255916,0.211167,-0.350969,-0.217894,0.273970,-0.361577,-0.186688,0.281735,-0.359661,-0.234078
2026-06-09 14:00:33.677,4.599996,0.000000,0.000000,0.000000,0.338955,-0.339959,-0.280646,0.144402,-0.336530,-0.231348,0.241679,-0.338244,-0.255997,0.209462,-0.350051,-0.218304,0.273302,-0.361601,-0.186516,0.280216,-0.359752,-0.234404
2026-06-09 14:00:33.777,4.699996,0.000000,0.000000,0.000000,0.338778,-0.340005,-0.281340,0.145107,-0.336505,-0.231530,0.241942,-0.338255,-0.256435,0.209622,-0.351062,-0.218226,0.273192,-0.362663,-0.187155,0.280216,-0.359752,-0.234404
2026-06-09 14:00:33.877,4.799995,0.000000,0.000000,0.000000,0.338778,-0.340005,-0.281340,0.145363,-0.337510,-0.231433,0.242070,-0.338758,-0.256386,0.209462,-0.350051,-0.218304,0.273131,-0.361645,-0.187185,0.280889,-0.359729,-0.234577
2026-06-09 14:00:33.977,4.899995,0.000000,0.000000,0.000000,0.339487,-0.339821,-0.278564,0.144058,-0.336461,-0.229757,0.241773,-0.338141,-0.254160,0.209287,-0.350995,-0.216679,0.272975,-0.361535,-0.185006,0.279887,-0.359686,-0.232884
2026-06-09 14:00:34.077,4.999995,0.000000,0.000000,0.000000,0.339148,-0.339753,-0.276997,0.144573,-0.338471,-0.229569,0.241860,-0.339112,-0.253283,0.208778,-0.350973,-0.215817,0.271808,-0.361537,-0.183992,0.279609,-0.360635,-0.231263
2026-06-09 14:00:34.177,5.099995,0.000000,0.000000,0.000000,0.340181,-0.339797,-0.278743,0.145107,-0.336505,-0.231530,0.242644,-0.338151,-0.255136,0.209797,-0.351016,-0.217541,0.272866,-0.362598,-0.185648,0.281281,-0.360654,-0.233127
2026-06-09 14:00:34.277,5.199995,0.000000,0.000000,0.000000,0.339275,-0.339652,-0.294226,0.145119,-0.338205,-0.244121,0.242197,-0.338929,-0.269174,0.209734,-0.350751,-0.231542,0.272775,-0.360272,-0.199344,0.280607,-0.359380,-0.246842
2026-06-09 14:00:34.377,5.299995,0.000000,0.000000,0.000000,0.340519,-0.339330,-0.289361,0.145583,-0.337014,-0.241418,0.243051,-0.338172,-0.265390,0.210612,-0.350523,-0.228111,0.273693,-0.361067,-0.195945,0.281516,-0.360171,-0.243350
2026-06-09 14:00:34.477,5.399995,0.000000,0.000000,0.000000,0.340295,-0.340391,-0.289867,0.146108,-0.337037,-0.242305,0.243201,-0.338714,-0.266086,0.210436,-0.350569,-0.228797,0.273461,-0.360094,-0.196660,0.281297,-0.359202,-0.244145
2026-06-09 14:00:34.577,5.499995,0.000000,0.000000,0.000000,0.340519,-0.339330,-0.289361,0.146108,-0.337037,-0.242305,0.243313,-0.338183,-0.265833,0.210770,-0.351533,-0.228017,0.273693,-0.361067,-0.195945,0.281469,-0.359157,-0.243470
2026-06-09 14:00:34.677,5.599995,0.000000,0.000000,0.000000,0.341036,-0.339352,-0.290235,0.146812,-0.337012,-0.242486,0.243924,-0.338182,-0.266361,0.211122,-0.350545,-0.228974,0.274192,-0.361088,-0.196788,0.281971,-0.359178,-0.244319
2026-06-09 14:00:34.777,5.699995,0.000000,0.000000,0.000000,0.341166,-0.340321,-0.289352,0.146362,-0.338041,-0.242192,0.243764,-0.339181,-0.265772,0.210612,-0.350523,-0.228111,0.273693,-0.361067,-0.195945,0.281469,-0.359157,-0.243470
2026-06-09 14:00:34.877,5.799994,0.000000,0.000000,0.000000,0.341036,-0.339352,-0.290235,0.146812,-0.337012,-0.242486,0.243924,-0.338182,-0.266361,0.151249,-0.387005,-0.377352,0.274192,-0.361088,-0.196788,0.282143,-0.359133,-0.243644
2026-06-09 14:00:34.977,5.899994,0.000000,0.000000,0.000000,0.341036,-0.339352,-0.290235,0.146812,-0.337012,-0.242486,0.243924,-0.338182,-0.266361,0.211298,-0.350500,-0.228287,0.273522,-0.361111,-0.196615,0.281469,-0.359157,-0.243470
2026-06-09 14:00:35.077,5.999994,0.000000,0.000000,0.000000,0.341036,-0.339352,-0.290235,0.146812,-0.337012,-0.242486,0.243924,-0.338182,-0.266361,0.211122,-0.350545,-0.228974,0.274192,-0.361088,-0.196788,0.281297,-0.359202,-0.244145
2026-06-09 14:00:35.177,6.099994,0.000000,0.000000,0.000000,0.340989,-0.340366,-0.290046,0.146559,-0.336008,-0.242600,0.243774,-0.338187,-0.266323,0.211122,-0.350545,-0.228974,0.274192,-0.361088,-0.196788,0.281971,-0.359178,-0.244319
2026-06-09 14:00:35.277,6.199994,0.000000,0.000000,0.000000,0.341036,-0.339352,-0.290235,0.146812,-0.337012,-0.242486,0.243924,-0.338182,-0.266361,0.210964,-0.349535,-0.229069,0.273522,-0.361111,-0.196615,0.281971,-0.359178,-0.244319
2026-06-09 14:00:35.377,6.299994,0.000000,0.000000,0.000000,0.341036,-0.339352,-0.290235,0.147065,-0.338016,-0.242373,0.244051,-0.338684,-0.266304,0.211298,-0.350500,-0.228287,0.273522,-0.361111,-0.196615,0.281469,-0.359157,-0.243470
2026-06-09 14:00:35.477,6.399994,0.000000,0.000000,0.000000,0.340989,-0.340366,-0.290046,0.146812,-0.337012,-0.242486,0.243901,-0.338689,-0.266266,0.211122,-0.350545,-0.228974,0.274192,-0.361088,-0.196788,0.281971,-0.359178,-0.244319
2026-06-09 14:00:35.577,6.499994,0.000000,0.000000,0.000000,0.340858,-0.339398,-0.290930,0.146379,-0.336055,-0.243305,0.243619,-0.337726,-0.267118,0.211122,-0.350545,-0.228974,0.274021,-0.361132,-0.197458,0.281971,-0.359178,-0.244319
2026-06-09 14:00:35.677,6.599994,0.000000,0.000000,0.000000,0.340858,-0.339398,-0.290930,0.147065,-0.338016,-0.242373,0.243962,-0.338707,-0.266652,0.211122,-0.350545,-0.228974,0.274192,-0.361088,-0.196788,0.281924,-0.358164,-0.244440
2026-06-09 14:00:35.777,6.699994,0.000000,0.000000,0.000000,0.340989,-0.340366,-0.290046,0.146812,-0.337012,-0.242486,0.243901,-0.338689,-0.266266,0.211122,-0.350545,-0.228974,0.274192,-0.361088,-0.196788,0.281971,-0.359178,-0.244319
2026-06-09 14:00:35.877,6.799994,0.000000,0.000000,0.000000,0.340989,-0.340366,-0.290046,0.146559,-0.336008,-0.242600,0.243774,-0.338187,-0.266323,0.211122,-0.350545,-0.228974,0.274192,-0.361088,-0.196788,0.281971,-0.359178,-0.244319
2026-06-09 14:00:35.977,6.899993,0.000000,0.000000,0.000000,0.340989,-0.340366,-0.290046,0.146812,-0.337012,-0.242486,0.243901,-0.338689,-0.266266,0.211122,-0.350545,-0.228974,0.274192,-0.361088,-0.196788,0.281971,-0.359178,-0.244319
2026-06-09 14:00:36.077,6.999993,0.000000,0.000000,0.000000,0.341036,-0.339352,-0.290235,0.146812,-0.337012,-0.242486,0.243924,-0.338182,-0.266361,0.211122,-0.350545,-0.228974,0.274192,-0.361088,-0.196788,0.281971,-0.359178,-0.244319
2026-06-09 14:00:36.177,7.099993,0.000000,0.000000,0.000000,0.340989,-0.340366,-0.290046,0.146559,-0.336008,-0.242600,0.243774,-0.338187,-0.266323,0.211122,-0.350545,-0.228974,0.274192,-0.361088,-0.196788,0.281971,-0.359178,-0.244319
2026-06-09 14:00:36.277,7.199993,0.000000,0.000000,0.000000,0.341036,-0.339352,-0.290235,0.146812,-0.337012,-0.242486,0.243924,-0.338182,-0.266361,0.211122,-0.350545,-0.228974,0.274192,-0.361088,-0.196788,0.281924,-0.358164,-0.244440
2026-06-09 14:00:36.377,7.299993,0.000000,0.000000,0.000000,0.341036,-0.339352,-0.290235,0.146812,-0.337012,-0.242486,0.243924,-0.338182,-0.266361,0.211122,-0.350545,-0.228974,0.274192,-0.361088,-0.196788,0.281924,-0.358164,-0.244440
2026-06-09 14:00:36.477,7.399993,0.000000,0.000000,0.000000,0.340989,-0.340366,-0.290046,0.146812,-0.337012,-0.242486,0.243901,-0.338689,-0.266266,0.211122,-0.350545,-0.228974,0.274192,-0.361088,-0.196788,0.281971,-0.359178,-0.244319
2026-06-09 14:00:36.577,7.499993,0.000000,0.000000,0.000000,0.340989,-0.340366,-0.290046,0.146559,-0.336008,-0.242600,0.243774,-0.338187,-0.266323,0.211122,-0.350545,-0.228974,0.274192,-0.361088,-0.196788,0.281971,-0.359178,-0.244319
2026-06-09 14:00:36.677,7.599993,0.000000,0.000000,0.000000,0.341036,-0.339352,-0.290235,0.146812,-0.337012,-0.242486,0.243924,-0.338182,-0.266361,0.211122,-0.350545,-0.228974,0.274192,-0.361088,-0.196788,0.281971,-0.359178,-0.244319
2026-06-09 14:00:36.777,7.699993,0.000000,0.000000,0.000000,0.341036,-0.339352,-0.290235,0.146812,-0.337012,-0.242486,0.243924,-0.338182,-0.266361,0.211122,-0.350545,-0.228974,0.274192,-0.361088,-0.196788,0.281971,-0.359178,-0.244319
2026-06-09 14:00:36.877,7.799993,0.000000,0.000000,0.000000,0.340989,-0.340366,-0.290046,0.146812,-0.337012,-0.242486,0.243901,-0.338689,-0.266266,0.211122,-0.350545,-0.228974,0.274192,-0.361088,-0.196788,0.281971,-0.359178,-0.244319
2026-06-09 14:00:36.977,7.899992,0.000000,0.000000,0.000000,0.340989,-0.340366,-0.290046,0.146559,-0.336008,-0.242600,0.243774,-0.338187,-0.266323,0.211122,-0.350545,-0.228974,0.274192,-0.361088,-0.196788,0.281971,-0.359178,-0.244319
2026-06-09 14:00:37.077,7.999992,0.000000,0.000000,0.000000,0.341036,-0.339352,-0.290235,0.146559,-0.336008,-0.242600,0.243798,-0.337680,-0.266417,0.211122,-0.350545,-0.228974,0.274192,-0.361088,-0.196788,0.281971,-0.359178,-0.244319
2026-06-09 14:00:37.177,8.099992,0.000000,0.000000,0.000000,0.340989,-0.340366,-0.290046,0.146559,-0.336008,-0.242600,0.243774,-0.338187,-0.266323,0.211122,-0.350545,-0.228974,0.274192,-0.361088,-0.196788,0.281971,-0.359178,-0.244319
2026-06-09 14:00:37.277,8.199992,0.000000,0.000000,0.000000,0.340989,-0.340366,-0.290046,0.146559,-0.336008,-0.242600,0.243774,-0.338187,-0.266323,0.211122,-0.350545,-0.228974,0.274192,-0.361088,-0.196788,0.281971,-0.359178,-0.244319
2026-06-09 14:00:37.377,8.299992,0.000000,0.000000,0.000000,0.340989,-0.340366,-0.290046,0.146812,-0.337012,-0.242486,0.243901,-0.338689,-0.266266,0.211122,-0.350545,-0.228974,0.274192,-0.361088,-0.196788,0.281971,-0.359178,-0.244319
2026-06-09 14:00:37.477,8.399992,0.000000,0.000000,0.000000,0.341036,-0.339352,-0.290235,0.146812,-0.337012,-0.242486,0.243924,-0.338182,-0.266361,0.211122,-0.350545,-0.228974,0.274192,-0.361088,-0.196788,0.281971,-0.359178,-0.244319
2026-06-09 14:00:37.577,8.499992,0.000000,0.000000,0.000000,0.341036,-0.339352,-0.290235,0.146812,-0.337012,-0.242486,0.243924,-0.338182,-0.266361,0.211122,-0.350545,-0.228974,0.274192,-0.361088,-0.196788,0.281971,-0.359178,-0.244319
2026-06-09 14:00:37.677,8.599992,0.000000,0.000000,0.000000,0.340989,-0.340366,-0.290046,0.146559,-0.336008,-0.242600,0.243774,-0.338187,-0.266323,0.211122,-0.350545,-0.228974,0.274192,-0.361088,-0.196788,0.281971,-0.359178,-0.244319
2026-06-09 14:00:37.777,8.699992,0.000000,0.000000,0.000000,0.341036,-0.339352,-0.290235,0.146812,-0.337012,-0.242486,0.243924,-0.338182,-0.266361,0.211122,-0.350545,-0.228974,0.274192,-0.361088,-0.196788,0.281971,-0.359178,-0.244319
2026-06-09 14:00:37.877,8.799992,0.000000,0.000000,0.000000,0.341036,-0.339352,-0.290235,0.146812,-0.337012,-0.242486,0.243924,-0.338182,-0.266361,0.211122,-0.350545,-0.228974,0.274192,-0.361088,-0.196788,0.281971,-0.359178,-0.244319
2026-06-09 14:00:37.977,8.899992,0.000000,0.000000,0.000000,0.340989,-0.340366,-0.290046,0.146559,-0.336008,-0.242600,0.243774,-0.338187,-0.266323,0.211122,-0.350545,-0.228974,0.274192,-0.361088,-0.196788,0.281971,-0.359178,-0.244319
2026-06-09 14:00:38.077,8.999991,0.000000,0.000000,0.000000,0.341036,-0.339352,-0.290235,0.146559,-0.336008,-0.242600,0.243798,-0.337680,-0.266417,0.211122,-0.350545,-0.228974,0.274192,-0.361088,-0.196788,0.281971,-0.359178,-0.244319
2026-06-09 14:00:38.177,9.099991,0.000000,0.000000,0.000000,0.341036,-0.339352,-0.290235,0.146306,-0.335004,-0.242713,0.243671,-0.337178,-0.266474,0.211122,-0.350545,-0.228974,0.274192,-0.361088,-0.196788,0.281971,-0.359178,-0.244319
2026-06-09 14:00:38.277,9.199991,0.000000,0.000000,0.000000,0.341036,-0.339352,-0.290235,0.146812,-0.337012,-0.242486,0.243924,-0.338182,-0.266361,0.211122,-0.350545,-0.228974,0.274192,-0.361088,-0.196788,0.281971,-0.359178,-0.244319
2026-06-09 14:00:38.377,9.299991,0.000000,0.000000,0.000000,0.341036,-0.339352,-0.290235,0.146559,-0.336008,-0.242600,0.243798,-0.337680,-0.266417,0.211122,-0.350545,-0.228974,0.274192,-0.361088,-0.196788,0.281971,-0.359178,-0.244319
2026-06-09 14:00:38.477,9.399991,0.000000,0.000000,0.000000,0.340989,-0.340366,-0.290046,0.146812,-0.337012,-0.242486,0.243901,-0.338689,-0.266266,0.211122,-0.350545,-0.228974,0.274192,-0.361088,-0.196788,0.281971,-0.359178,-0.244319
2026-06-09 14:00:38.577,9.499991,0.000000,0.000000,0.000000,0.341036,-0.339352,-0.290235,0.146559,-0.336008,-0.242600,0.243798,-0.337680,-0.266417,0.211122,-0.350545,-0.228974,0.274192,-0.361088,-0.196788,0.281971,-0.359178,-0.244319
2026-06-09 14:00:38.677,9.599991,0.000000,0.000000,0.000000,0.340989,-0.340366,-0.290046,0.146559,-0.336008,-0.242600,0.243774,-0.338187,-0.266323,0.211122,-0.350545,-0.228974,0.274192,-0.361088,-0.196788,0.281971,-0.359178,-0.244319
2026-06-09 14:00:38.777,9.699991,0.000000,0.000000,0.000000,0.340989,-0.340366,-0.290046,0.146812,-0.337012,-0.242486,0.243901,-0.338689,-0.266266,0.211122,-0.350545,-0.228974,0.274192,-0.361088,-0.196788,0.281971,-0.359178,-0.244319
2026-06-09 14:00:38.877,9.799991,0.000000,0.000000,0.000000,0.340989,-0.340366,-0.290046,0.146559,-0.336008,-0.242600,0.243774,-0.338187,-0.266323,0.211122,-0.350545,-0.228974,0.274192,-0.361088,-0.196788,0.281971,-0.359178,-0.244319
2026-06-09 14:00:38.977,9.899991,0.000000,0.000000,0.000000,0.340989,-0.340366,-0.290046,0.146812,-0.337012,-0.242486,0.243901,-0.338689,-0.266266,0.211122,-0.350545,-0.228974,0.274192,-0.361088,-0.196788,0.281971,-0.359178,-0.244319
2026-06-09 14:00:39.077,9.999990,0.000000,0.000000,0.000000,0.341036,-0.339352,-0.290235,0.146306,-0.335004,-0.242713,0.243671,-0.337178,-0.266474,0.211122,-0.350545,-0.228974,0.274192,-0.361088,-0.196788,0.281971,-0.359178,-0.244319
2026-06-09 14:00:39.177,10.099990,0.000000,0.000000,0.000000,0.340989,-0.340366,-0.290046,0.146812,-0.337012,-0.242486,0.243901,-0.338689,-0.266266,0.211201,-0.351050,-0.228926,0.274192,-0.361088,-0.196788,0.281971,-0.359178,-0.244319
2026-06-09 14:00:39.277,10.199990,0.000000,0.000000,0.000000,0.341731,-0.339328,-0.290415,0.146812,-0.337012,-0.242486,0.244272,-0.338170,-0.266450,0.211122,-0.350545,-0.228974,0.274192,-0.361088,-0.196788,0.281971,-0.359178,-0.244319
2026-06-09 14:00:39.377,10.299990,0.000000,0.000000,0.000000,0.341036,-0.339352,-0.290235,0.146559,-0.336008,-0.242600,0.243798,-0.337680,-0.266417,0.211122,-0.350545,-0.228974,0.274192,-0.361088,-0.196788,0.281971,-0.359178,-0.244319
2026-06-09 14:00:39.477,10.399990,0.000000,0.000000,0.000000,0.340989,-0.340366,-0.290046,0.146559,-0.336008,-0.242600,0.243774,-0.338187,-0.266323,0.211122,-0.350545,-0.228974,0.274192,-0.361088,-0.196788,0.282017,-0.360192,-0.244197
2026-06-09 14:00:39.577,10.499990,0.000000,0.000000,0.000000,0.341036,-0.339352,-0.290235,0.146559,-0.336008,-0.242600,0.243798,-0.337680,-0.266417,0.211122,-0.350545,-0.228974,0.274192,-0.361088,-0.196788,0.281971,-0.359178,-0.244319
2026-06-09 14:00:39.677,10.599990,0.000000,0.000000,0.000000,0.340989,-0.340366,-0.290046,0.146559,-0.336008,-0.242600,0.243774,-0.338187,-0.266323,0.211122,-0.350545,-0.228974,0.274192,-0.361088,-0.196788,0.281971,-0.359178,-0.244319
2026-06-09 14:00:39.777,10.699990,0.000000,0.000000,0.000000,0.341036,-0.339352,-0.290235,0.146559,-0.336008,-0.242600,0.243798,-0.337680,-0.266417,0.211122,-0.350545,-0.228974,0.274192,-0.361088,-0.196788,0.281971,-0.359178,-0.244319
2026-06-09 14:00:39.877,10.799990,0.000000,0.000000,0.000000,0.340989,-0.340366,-0.290046,0.146559,-0.336008,-0.242600,0.243774,-0.338187,-0.266323,0.211122,-0.350545,-0.228974,0.274192,-0.361088,-0.196788,0.281971,-0.359178,-0.244319
2026-06-09 14:00:39.977,10.899990,0.000000,0.000000,0.000000,0.341683,-0.340342,-0.290225,0.146559,-0.336008,-0.242600,0.244121,-0.338175,-0.266412,0.211122,-0.350545,-0.228974,0.274192,-0.361088,-0.196788,0.281971,-0.359178,-0.244319
2026-06-09 14:00:40.077,10.999990,0.000000,0.000000,0.000000,0.341036,-0.339352,-0.290235,0.146812,-0.337012,-0.242486,0.243924,-0.338182,-0.266361,0.211043,-0.350040,-0.229021,0.274192,-0.361088,-0.196788,0.281971,-0.359178,-0.244319
2026-06-09 14:00:40.177,11.099989,0.000000,0.000000,0.000000,0.340989,-0.340366,-0.290046,0.146559,-0.336008,-0.242600,0.243774,-0.338187,-0.266323,0.211122,-0.350545,-0.228974,0.274192,-0.361088,-0.196788,0.281971,-0.359178,-0.244319
2026-06-09 14:00:40.277,11.199989,0.000000,0.000000,0.000000,0.341036,-0.339352,-0.290235,0.146812,-0.337012,-0.242486,0.243924,-0.338182,-0.266361,0.211122,-0.350545,-0.228974,0.274192,-0.361088,-0.196788,0.281971,-0.359178,-0.244319
2026-06-09 14:00:40.377,11.299989,0.000000,0.000000,0.000000,0.341036,-0.339352,-0.290235,0.146812,-0.337012,-0.242486,0.243924,-0.338182,-0.266361,0.211122,-0.350545,-0.228974,0.274192,-0.361088,-0.196788,0.281971,-0.359178,-0.244319
2026-06-09 14:00:40.477,11.399989,0.000000,0.000000,0.000000,0.340989,-0.340366,-0.290046,0.146559,-0.336008,-0.242600,0.243774,-0.338187,-0.266323,0.211122,-0.350545,-0.228974,0.274192,-0.361088,-0.196788,0.281971,-0.359178,-0.244319
2026-06-09 14:00:40.577,11.499989,0.000000,0.000000,0.000000,0.340989,-0.340366,-0.290046,0.146559,-0.336008,-0.242600,0.243774,-0.338187,-0.266323,0.211122,-0.350545,-0.228974,0.274192,-0.361088,-0.196788,0.281971,-0.359178,-0.244319
2026-06-09 14:00:40.677,11.599989,0.000000,0.000000,0.000000,0.340989,-0.340366,-0.290046,0.146812,-0.337012,-0.242486,0.243901,-0.338689,-0.266266,0.211122,-0.350545,-0.228974,0.274192,-0.361088,-0.196788,0.281971,-0.359178,-0.244319
2026-06-09 14:00:40.777,11.699989,0.000000,0.000000,0.000000,0.340989,-0.340366,-0.290046,0.146559,-0.336008,-0.242600,0.243774,-0.338187,-0.266323,0.211280,-0.351555,-0.228879,0.274192,-0.361088,-0.196788,0.281971,-0.359178,-0.244319
2026-06-09 14:00:40.877,11.799989,0.000000,0.000000,0.000000,0.341036,-0.339352,-0.290235,0.146559,-0.336008,-0.242600,0.243798,-0.337680,-0.266417,0.211122,-0.350545,-0.228974,0.274192,-0.361088,-0.196788,0.281971,-0.359178,-0.244319
2026-06-09 14:00:40.977,11.899989,0.000000,0.000000,0.000000,0.341036,-0.339352,-0.290235,0.146559,-0.336008,-0.242600,0.243798,-0.337680,-0.266417,0.211122,-0.350545,-0.228974,0.274192,-0.361088,-0.196788,0.281971,-0.359178,-0.244319
2026-06-09 14:00:41.077,11.999989,0.000000,0.000000,0.000000,0.341036,-0.339352,-0.290235,0.146812,-0.337012,-0.242486,0.243924,-0.338182,-0.266361,0.211122,-0.350545,-0.228974,0.274192,-0.361088,-0.196788,0.281971,-0.359178,-0.244319
2026-06-09 14:00:41.177,12.099988,0.000000,0.000000,0.000000,0.341036,-0.339352,-0.290235,0.146559,-0.336008,-0.242600,0.243798,-0.337680,-0.266417,0.211122,-0.350545,-0.228974,0.274192,-0.361088,-0.196788,0.281971,-0.359178,-0.244319
2026-06-09 14:00:41.277,12.199988,0.000000,0.000000,0.000000,0.341036,-0.339352,-0.290235,0.146559,-0.336008,-0.242600,0.243798,-0.337680,-0.266417,0.210964,-0.349535,-0.229069,0.274192,-0.361088,-0.196788,0.281971,-0.359178,-0.244319
2026-06-09 14:00:41.377,12.299988,0.000000,0.000000,0.000000,0.341731,-0.339328,-0.290415,0.146812,-0.337012,-0.242486,0.244272,-0.338170,-0.266450,0.211122,-0.350545,-0.228974,0.274192,-0.361088,-0.196788,0.281971,-0.359178,-0.244319
2026-06-09 14:00:41.477,12.399988,0.000000,0.000000,0.000000,0.341036,-0.339352,-0.290235,0.146812,-0.337012,-0.242486,0.243924,-0.338182,-0.266361,0.211122,-0.350545,-0.228974,0.274192,-0.361088,-0.196788,0.281971,-0.359178,-0.244319
2026-06-09 14:00:41.577,12.499988,0.000000,0.000000,0.000000,0.341036,-0.339352,-0.290235,0.146812,-0.337012,-0.242486,0.243924,-0.338182,-0.266361,0.211122,-0.350545,-0.228974,0.274192,-0.361088,-0.196788,0.281971,-0.359178,-0.244319
2026-06-09 14:00:41.677,12.599988,0.000000,0.000000,0.000000,0.341036,-0.339352,-0.290235,0.146559,-0.336008,-0.242600,0.243798,-0.337680,-0.266417,0.211122,-0.350545,-0.228974,0.274192,-0.361088,-0.196788,0.281971,-0.359178,-0.244319
2026-06-09 14:00:41.777,12.699988,0.000000,0.000000,0.000000,0.340989,-0.340366,-0.290046,0.146559,-0.336008,-0.242600,0.243774,-0.338187,-0.266323,0.211122,-0.350545,-0.228974,0.274192,-0.361088,-0.196788,0.281971,-0.359178,-0.244319
2026-06-09 14:00:41.877,12.799988,0.000000,0.000000,0.000000,0.341036,-0.339352,-0.290235,0.146812,-0.337012,-0.242486,0.243924,-0.338182,-0.266361,0.211122,-0.350545,-0.228974,0.274192,-0.361088,-0.196788,0.281924,-0.358164,-0.244440
2026-06-09 14:00:41.977,12.899988,0.000000,0.000000,0.000000,0.341036,-0.339352,-0.290235,0.146559,-0.336008,-0.242600,0.243798,-0.337680,-0.266417,0.211122,-0.350545,-0.228974,0.274192,-0.361088,-0.196788,0.281971,-0.359178,-0.244319
2026-06-09 14:00:42.077,12.999988,0.000000,0.000000,0.000000,0.340989,-0.340366,-0.290046,0.146559,-0.336008,-0.242600,0.243774,-0.338187,-0.266323,0.211122,-0.350545,-0.228974,0.274192,-0.361088,-0.196788,0.281971,-0.359178,-0.244319
2026-06-09 14:00:42.177,13.099988,0.000000,0.000000,0.000000,0.341036,-0.339352,-0.290235,0.146559,-0.336008,-0.242600,0.243798,-0.337680,-0.266417,0.211122,-0.350545,-0.228974,0.274192,-0.361088,-0.196788,0.281971,-0.359178,-0.244319
2026-06-09 14:00:42.277,13.199987,0.000000,0.000000,0.000000,0.340989,-0.340366,-0.290046,0.146559,-0.336008,-0.242600,0.243774,-0.338187,-0.266323,0.211122,-0.350545,-0.228974,0.274192,-0.361088,-0.196788,0.281971,-0.359178,-0.244319
2026-06-09 14:00:42.377,13.299987,0.000000,0.000000,0.000000,0.341036,-0.339352,-0.290235,0.146306,-0.335004,-0.242713,0.243671,-0.337178,-0.266474,0.211122,-0.350545,-0.228974,0.274192,-0.361088,-0.196788,0.281971,-0.359178,-0.244319
2026-06-09 14:00:42.477,13.399987,0.000000,0.000000,0.000000,0.341036,-0.339352,-0.290235,0.146559,-0.336008,-0.242600,0.243798,-0.337680,-0.266417,0.211122,-0.350545,-0.228974,0.274192,-0.361088,-0.196788,0.281971,-0.359178,-0.244319
2026-06-09 14:00:42.577,13.499987,0.000000,0.000000,0.000000,0.340989,-0.340366,-0.290046,0.146559,-0.336008,-0.242600,0.243774,-0.338187,-0.266323,0.211122,-0.350545,-0.228974,0.274192,-0.361088,-0.196788,0.281971,-0.359178,-0.244319
2026-06-09 14:00:42.677,13.599987,0.000000,0.000000,0.000000,0.340989,-0.340366,-0.290046,0.146812,-0.337012,-0.242486,0.243901,-0.338689,-0.266266,0.211122,-0.350545,-0.228974,0.274192,-0.361088,-0.196788,0.281971,-0.359178,-0.244319
2026-06-09 14:00:42.777,13.699987,0.000000,0.000000,0.000000,0.341036,-0.339352,-0.290235,0.146812,-0.337012,-0.242486,0.243924,-0.338182,-0.266361,0.211122,-0.350545,-0.228974,0.274192,-0.361088,-0.196788,0.281971,-0.359178,-0.244319
2026-06-09 14:00:42.877,13.799987,0.000000,0.000000,0.000000,0.341036,-0.339352,-0.290235,0.146559,-0.336008,-0.242600,0.243798,-0.337680,-0.266417,0.211122,-0.350545,-0.228974,0.274192,-0.361088,-0.196788,0.281971,-0.359178,-0.244319
2026-06-09 14:00:42.977,13.899987,0.000000,0.000000,0.000000,0.341036,-0.339352,-0.290235,0.146559,-0.336008,-0.242600,0.243798,-0.337680,-0.266417,0.211122,-0.350545,-0.228974,0.274192,-0.361088,-0.196788,0.281971,-0.359178,-0.244319
2026-06-09 14:00:43.077,13.999987,0.000000,0.000000,0.000000,0.341036,-0.339352,-0.290235,0.146812,-0.337012,-0.242486,0.243924,-0.338182,-0.266361,0.211122,-0.350545,-0.228974,0.274192,-0.361088,-0.196788,0.281971,-0.359178,-0.244319
2026-06-09 14:00:43.177,14.099987,0.000000,0.000000,0.000000,0.340989,-0.340366,-0.290046,0.146812,-0.337012,-0.242486,0.243901,-0.338689,-0.266266,0.211122,-0.350545,-0.228974,0.274192,-0.361088,-0.196788,0.281971,-0.359178,-0.244319
2026-06-09 14:00:43.277,14.199986,0.000000,0.000000,0.000000,0.340989,-0.340366,-0.290046,0.146559,-0.336008,-0.242600,0.243774,-0.338187,-0.266323,0.211122,-0.350545,-0.228974,0.274192,-0.361088,-0.196788,0.281971,-0.359178,-0.244319
2026-06-09 14:00:43.377,14.299986,0.000000,0.000000,0.000000,0.341036,-0.339352,-0.290235,0.146812,-0.337012,-0.242486,0.243924,-0.338182,-0.266361,0.211122,-0.350545,-0.228974,0.274192,-0.361088,-0.196788,0.281971,-0.359178,-0.244319
2026-06-09 14:00:43.477,14.399986,0.000000,0.000000,0.000000,0.340989,-0.340366,-0.290046,0.146812,-0.337012,-0.242486,0.243901,-0.338689,-0.266266,0.211122,-0.350545,-0.228974,0.274192,-0.361088,-0.196788,0.281971,-0.359178,-0.244319
2026-06-09 14:00:43.577,14.499986,0.000000,0.000000,0.000000,0.340989,-0.340366,-0.290046,0.146559,-0.336008,-0.242600,0.243774,-0.338187,-0.266323,0.211122,-0.350545,-0.228974,0.274192,-0.361088,-0.196788,0.281971,-0.359178,-0.244319
2026-06-09 14:00:43.677,14.599986,0.000000,0.000000,0.000000,0.340989,-0.340366,-0.290046,0.146559,-0.336008,-0.242600,0.243774,-0.338187,-0.266323,0.211122,-0.350545,-0.228974,0.274192,-0.361088,-0.196788,0.281971,-0.359178,-0.244319
2026-06-09 14:00:43.777,14.699986,0.000000,0.000000,0.000000,0.340989,-0.340366,-0.290046,0.146559,-0.336008,-0.242600,0.243774,-0.338187,-0.266323,0.211122,-0.350545,-0.228974,0.274192,-0.361088,-0.196788,0.281971,-0.359178,-0.244319
2026-06-09 14:00:43.877,14.799986,0.000000,0.000000,0.000000,0.340989,-0.340366,-0.290046,0.146559,-0.336008,-0.242600,0.243774,-0.338187,-0.266323,0.211122,-0.350545,-0.228974,0.274192,-0.361088,-0.196788,0.281971,-0.359178,-0.244319
2026-06-09 14:00:43.977,14.899986,0.000000,0.000000,0.000000,0.341036,-0.339352,-0.290235,0.146812,-0.337012,-0.242486,0.243924,-0.338182,-0.266361,0.211122,-0.350545,-0.228974,0.274192,-0.361088,-0.196788,0.281971,-0.359178,-0.244319
2026-06-09 14:00:44.077,14.999986,0.000000,0.000000,0.000000,0.340989,-0.340366,-0.290046,0.146812,-0.337012,-0.242486,0.243901,-0.338689,-0.266266,0.211122,-0.350545,-0.228974,0.274192,-0.361088,-0.196788,0.281971,-0.359178,-0.244319
2026-06-09 14:00:44.177,15.099986,0.000000,0.000000,0.000000,0.340989,-0.340366,-0.290046,0.146559,-0.336008,-0.242600,0.243774,-0.338187,-0.266323,0.211122,-0.350545,-0.228974,0.274192,-0.361088,-0.196788,0.281971,-0.359178,-0.244319
2026-06-09 14:00:44.277,15.199986,0.000000,0.000000,0.000000,0.341036,-0.339352,-0.290235,0.146559,-0.336008,-0.242600,0.243798,-0.337680,-0.266417,0.211122,-0.350545,-0.228974,0.274192,-0.361088,-0.196788,0.281971,-0.359178,-0.244319
2026-06-09 14:00:44.377,15.299985,0.000000,0.000000,0.000000,0.340989,-0.340366,-0.290046,0.146559,-0.336008,-0.242600,0.243774,-0.338187,-0.266323,0.211122,-0.350545,-0.228974,0.274192,-0.361088,-0.196788,0.281971,-0.359178,-0.244319
2026-06-09 14:00:44.477,15.399985,0.000000,0.000000,0.000000,0.341036,-0.339352,-0.290235,0.146812,-0.337012,-0.242486,0.243924,-0.338182,-0.266361,0.211122,-0.350545,-0.228974,0.274192,-0.361088,-0.196788,0.281971,-0.359178,-0.244319
2026-06-09 14:00:44.577,15.499985,0.000000,0.000000,0.000000,0.341036,-0.339352,-0.290235,0.146559,-0.336008,-0.242600,0.243798,-0.337680,-0.266417,0.211122,-0.350545,-0.228974,0.274192,-0.361088,-0.196788,0.281971,-0.359178,-0.244319
2026-06-09 14:00:44.677,15.599985,0.000000,0.000000,0.000000,0.341036,-0.339352,-0.290235,0.146812,-0.337012,-0.242486,0.243924,-0.338182,-0.266361,0.211122,-0.350545,-0.228974,0.274192,-0.361088,-0.196788,0.281971,-0.359178,-0.244319
2026-06-09 14:00:44.777,15.699985,0.000000,0.000000,0.000000,0.340989,-0.340366,-0.290046,0.146559,-0.336008,-0.242600,0.243774,-0.338187,-0.266323,0.211122,-0.350545,-0.228974,0.274192,-0.361088,-0.196788,0.281971,-0.359178,-0.244319
2026-06-09 14:00:44.877,15.799985,0.000000,0.000000,0.000000,0.341036,-0.339352,-0.290235,0.146812,-0.337012,-0.242486,0.243924,-0.338182,-0.266361,0.211122,-0.350545,-0.228974,0.274192,-0.361088,-0.196788,0.281948,-0.358671,-0.244379
2026-06-09 14:00:44.977,15.899985,0.000000,0.000000,0.000000,0.340989,-0.340366,-0.290046,0.146559,-0.336008,-0.242600,0.243774,-0.338187,-0.266323,0.210964,-0.349535,-0.229069,0.274192,-0.361088,-0.196788,0.281971,-0.359178,-0.244319
2026-06-09 14:00:45.077,15.999985,0.000000,0.000000,0.000000,0.340989,-0.340366,-0.290046,0.146559,-0.336008,-0.242600,0.243774,-0.338187,-0.266323,0.211122,-0.350545,-0.228974,0.274192,-0.361088,-0.196788,0.281971,-0.359178,-0.244319
2026-06-09 14:00:45.177,16.099985,0.000000,0.000000,0.000000,0.341036,-0.339352,-0.290235,0.146559,-0.336008,-0.242600,0.243798,-0.337680,-0.266417,0.211122,-0.350545,-0.228974,0.274192,-0.361088,-0.196788,0.281971,-0.359178,-0.244319
2026-06-09 14:00:45.277,16.199985,0.000000,0.000000,0.000000,0.340989,-0.340366,-0.290046,0.146306,-0.335004,-0.242713,0.243648,-0.337685,-0.266379,0.211122,-0.350545,-0.228974,0.274192,-0.361088,-0.196788,0.281971,-0.359178,-0.244319
2026-06-09 14:00:45.377,16.299984,0.000000,0.000000,0.000000,0.340989,-0.340366,-0.290046,0.146812,-0.337012,-0.242486,0.243901,-0.338689,-0.266266,0.211122,-0.350545,-0.228974,0.274192,-0.361088,-0.196788,0.281971,-0.359178,-0.244319
2026-06-09 14:00:45.477,16.399984,0.000000,0.000000,0.000000,0.341036,-0.339352,-0.290235,0.146559,-0.336008,-0.242600,0.243798,-0.337680,-0.266417,0.211122,-0.350545,-0.228974,0.274192,-0.361088,-0.196788,0.281971,-0.359178,-0.244319
2026-06-09 14:00:45.577,16.499984,0.000000,0.000000,0.000000,0.340989,-0.340366,-0.290046,0.146559,-0.336008,-0.242600,0.243774,-0.338187,-0.266323,0.211122,-0.350545,-0.228974,0.274192,-0.361088,-0.196788,0.281971,-0.359178,-0.244319
2026-06-09 14:00:45.677,16.599984,0.000000,0.000000,0.000000,0.340989,-0.340366,-0.290046,0.146812,-0.337012,-0.242486,0.243901,-0.338689,-0.266266,0.211122,-0.350545,-0.228974,0.274192,-0.361088,-0.196788,0.281971,-0.359178,-0.244319
2026-06-09 14:00:45.777,16.699984,0.000000,0.000000,0.000000,0.340989,-0.340366,-0.290046,0.146559,-0.336008,-0.242600,0.243774,-0.338187,-0.266323,0.211122,-0.350545,-0.228974,0.274192,-0.361088,-0.196788,0.282143,-0.359133,-0.243644
2026-06-09 14:00:45.877,16.799984,0.000000,0.000000,0.000000,0.341036,-0.339352,-0.290235,0.146559,-0.336008,-0.242600,0.243798,-0.337680,-0.266417,0.211122,-0.350545,-0.228974,0.274192,-0.361088,-0.196788,0.281971,-0.359178,-0.244319
2026-06-09 14:00:45.977,16.899984,0.000000,0.000000,0.000000,0.340989,-0.340366,-0.290046,0.146812,-0.337012,-0.242486,0.243901,-0.338689,-0.266266,0.211122,-0.350545,-0.228974,0.274192,-0.361088,-0.196788,0.281971,-0.359178,-0.244319
2026-06-09 14:00:46.077,16.999984,0.000000,0.000000,0.000000,0.340989,-0.340366,-0.290046,0.146559,-0.336008,-0.242600,0.243774,-0.338187,-0.266323,0.211122,-0.350545,-0.228974,0.274192,-0.361088,-0.196788,0.281971,-0.359178,-0.244319
2026-06-09 14:00:46.177,17.099984,0.000000,0.000000,0.000000,0.340989,-0.340366,-0.290046,0.146559,-0.336008,-0.242600,0.243774,-0.338187,-0.266323,0.211122,-0.350545,-0.228974,0.274862,-0.361064,-0.196960,0.281971,-0.359178,-0.244319
2026-06-09 14:00:46.277,17.199984,0.000000,0.000000,0.000000,0.341683,-0.340342,-0.290225,0.146559,-0.336008,-0.242600,0.244121,-0.338175,-0.266412,0.211122,-0.350545,-0.228974,0.274192,-0.361088,-0.196788,0.281971,-0.359178,-0.244319
2026-06-09 14:00:46.377,17.299984,0.000000,0.000000,0.000000,0.341683,-0.340342,-0.290225,0.146559,-0.336008,-0.242600,0.244121,-0.338175,-0.266412,0.211122,-0.350545,-0.228974,0.274021,-0.361132,-0.197458,0.282645,-0.359155,-0.244492
2026-06-09 14:00:46.477,17.399983,0.000000,0.000000,0.000000,0.341731,-0.339328,-0.290415,0.146812,-0.337012,-0.242486,0.244272,-0.338170,-0.266450,0.211122,-0.350545,-0.228974,0.274862,-0.361064,-0.196960,0.281971,-0.359178,-0.244319
2026-06-09 14:00:46.577,17.499983,0.000000,0.000000,0.000000,0.341731,-0.339328,-0.290415,0.146559,-0.336008,-0.242600,0.244145,-0.337668,-0.266507,0.211122,-0.350545,-0.228974,0.274192,-0.361088,-0.196788,0.281971,-0.359178,-0.244319
2026-06-09 14:00:46.677,17.599983,0.000000,0.000000,0.000000,0.341731,-0.339328,-0.290415,0.146812,-0.337012,-0.242486,0.244272,-0.338170,-0.266450,0.211122,-0.350545,-0.228974,0.274192,-0.361088,-0.196788,0.281971,-0.359178,-0.244319
2026-06-09 14:00:46.777,17.699983,0.000000,0.000000,0.000000,0.341731,-0.339328,-0.290415,0.146559,-0.336008,-0.242600,0.244145,-0.337668,-0.266507,0.211122,-0.350545,-0.228974,0.274192,-0.361088,-0.196788,0.281971,-0.359178,-0.244319
2026-06-09 14:00:46.877,17.799983,0.000000,0.000000,0.000000,0.341731,-0.339328,-0.290415,0.146306,-0.335004,-0.242713,0.244019,-0.337166,-0.266564,0.211122,-0.350545,-0.228974,0.274862,-0.361064,-0.196960,0.281924,-0.358164,-0.244440
2026-06-09 14:00:46.977,17.899983,0.000000,0.000000,0.000000,0.341731,-0.339328,-0.290415,0.146559,-0.336008,-0.242600,0.244145,-0.337668,-0.266507,0.211122,-0.350545,-0.228974,0.274192,-0.361088,-0.196788,0.282645,-0.359155,-0.244492
2026-06-09 14:00:47.077,17.999983,0.000000,0.000000,0.000000,0.341036,-0.339352,-0.290235,0.146559,-0.336008,-0.242600,0.243798,-0.337680,-0.266417,0.211122,-0.350545,-0.228974,0.274192,-0.361088,-0.196788,0.281971,-0.359178,-0.244319
2026-06-09 14:00:47.177,18.099983,0.000000,0.000000,0.000000,0.341683,-0.340342,-0.290225,0.146559,-0.336008,-0.242600,0.244121,-0.338175,-0.266412,0.211122,-0.350545,-0.228974,0.274192,-0.361088,-0.196788,0.282143,-0.359133,-0.243644
2026-06-09 14:00:47.277,18.199983,0.000000,0.000000,0.000000,0.340989,-0.340366,-0.290046,0.147065,-0.338016,-0.242373,0.244027,-0.339191,-0.266209,0.211122,-0.350545,-0.228974,0.274192,-0.361088,-0.196788,0.281971,-0.359178,-0.244319
2026-06-09 14:00:47.377,18.299983,0.000000,0.000000,0.000000,0.341731,-0.339328,-0.290415,0.146559,-0.336008,-0.242600,0.244145,-0.337668,-0.266507,0.210964,-0.349535,-0.229069,0.274021,-0.361132,-0.197458,0.281971,-0.359178,-0.244319
2026-06-09 14:00:47.477,18.399982,0.000000,0.000000,0.000000,0.341683,-0.340342,-0.290225,0.146559,-0.336008,-0.242600,0.244121,-0.338175,-0.266412,0.211122,-0.350545,-0.228974,0.274192,-0.361088,-0.196788,0.282645,-0.359155,-0.244492
2026-06-09 14:00:47.577,18.499982,0.000000,0.000000,0.000000,0.341683,-0.340342,-0.290225,0.146559,-0.336008,-0.242600,0.244121,-0.338175,-0.266412,0.211122,-0.350545,-0.228974,0.274192,-0.361088,-0.196788,0.281971,-0.359178,-0.244319
2026-06-09 14:00:47.677,18.599982,0.000000,0.000000,0.000000,0.341683,-0.340342,-0.290225,0.146812,-0.337012,-0.242486,0.244247,-0.338677,-0.266356,0.211122,-0.350545,-0.228974,0.274192,-0.361088,-0.196788,0.282143,-0.359133,-0.243644
2026-06-09 14:00:47.777,18.699982,0.000000,0.000000,0.000000,0.340989,-0.340366,-0.290046,0.146559,-0.336008,-0.242600,0.243774,-0.338187,-0.266323,0.211122,-0.350545,-0.228974,0.274192,-0.361088,-0.196788,0.282143,-0.359133,-0.243644
2026-06-09 14:00:47.877,18.799982,0.000000,0.000000,0.000000,0.341731,-0.339328,-0.290415,0.146812,-0.337012,-0.242486,0.244272,-0.338170,-0.266450,0.211122,-0.350545,-0.228974,0.274192,-0.361088,-0.196788,0.282645,-0.359155,-0.244492
2026-06-09 14:00:47.977,18.899982,0.000000,0.000000,0.000000,0.341731,-0.339328,-0.290415,0.146559,-0.336008,-0.242600,0.244145,-0.337668,-0.266507,0.211808,-0.350521,-0.229151,0.274192,-0.361088,-0.196788,0.282645,-0.359155,-0.244492
