Time (s),Series 1 Position (mm),Series 1 Velocity (mm/s),Series 2 Position (mm),Series 2 Velocity (mm/s),Series 3 Position (mm),Series 3 Velocity (mm/s)
0,200,0,202,0,200,0
0.4,200.05,0.25,202.04,0.22,200.04,0.19
0.4,200.2,0.49,202.17,0.44,200.15,0.38
0.3999999999999999,200.44,0.73,202.39,0.65,200.34,0.57
0.40000000000000013,200.78,0.98,202.7,0.86,200.61,0.76
0.3999999999999999,201.22,1.21,203.08,1.07,200.95,0.94
0.3999999999999999,201.75,1.44,203.55,1.28,201.36,1.12
0.3999999999999999,202.38,1.67,204.1,1.48,201.84,1.29
0.40000000000000036,203.09,1.89,204.73,1.67,202.39,1.46
0.3999999999999999,203.89,2.1,205.44,1.86,203.01,1.63
0.3999999999999999,204.77,2.3,206.22,2.04,203.69,1.78
0.40000000000000036,205.73,2.49,207.07,2.21,204.44,1.93
0.39999999999999947,206.76,2.67,207.99,2.37,205.24,2.07
0.40000000000000036,207.86,2.85,208.96,2.52,206.1,2.21
0.39999999999999947,209.04,3.01,210,2.66,207.01,2.33
0.40000000000000036,210.27,3.15,211.09,2.79,207.96,2.44
0.40000000000000036,211.56,3.29,212.23,2.91,208.96,2.55
0.39999999999999947,212.9,3.41,213.42,3.02,210,2.64
0.40000000000000036,214.29,3.52,214.65,3.11,211.07,2.73
0.39999999999999947,215.71,3.61,215.91,3.19,212.18,2.8
0.40000000000000036,217.17,3.69,217.2,3.26,213.31,2.86
0.40000000000000036,218.66,3.75,218.52,3.32,214.47,2.91
0.40000000000000036,220.17,3.79,219.86,3.36,215.64,2.94
0.3999999999999986,221.7,3.83,221.21,3.39,216.82,2.97
0.40000000000000036,223.23,3.84,222.57,3.4,218.01,2.98
0.40000000000000036,224.77,3.84,223.93,3.4,219.2,2.98
0.40000000000000036,226.3,3.83,225.29,3.39,220.39,2.97
0.40000000000000036,227.83,3.79,226.64,3.36,221.57,2.94
0.3999999999999986,229.34,3.75,227.98,3.32,222.75,2.91
0.40000000000000036,230.83,3.69,229.3,3.26,223.9,2.86
0.40000000000000036,232.29,3.61,230.59,3.19,225.03,2.8
0.40000000000000036,233.71,3.52,231.85,3.11,226.14,2.73
0.40000000000000036,235.1,3.41,233.08,3.02,227.21,2.64
0.3999999999999986,236.44,3.29,234.27,2.91,228.25,2.55
0.40000000000000036,237.73,3.15,235.41,2.79,229.25,2.44
0.40000000000000036,238.96,3.01,236.5,2.66,230.21,2.33
0.40000000000000036,240.14,2.85,237.54,2.52,231.11,2.21
0.40000000000000036,241.24,2.67,238.52,2.37,231.97,2.07
0.3999999999999986,242.27,2.49,239.43,2.21,232.77,1.93
0.40000000000000036,243.23,2.3,240.28,2.04,233.52,1.78
0.40000000000000036,244.11,2.1,241.06,1.86,234.2,1.63
0.3999999999999986,244.91,1.89,241.77,1.67,234.82,1.46
0.40000000000000213,245.62,1.67,242.4,1.48,235.37,1.29
0.3999999999999986,246.25,1.44,242.95,1.28,235.85,1.12
0.40000000000000213,246.78,1.21,243.42,1.07,236.26,0.94
0.3999999999999986,247.22,0.98,243.81,0.86,236.6,0.76
0.3999999999999986,247.56,0.73,244.11,0.65,236.87,0.57
0.40000000000000213,247.8,0.49,244.33,0.44,237.06,0.38
0.3999999999999986,247.95,0.25,244.46,0.22,237.17,0.19
0.40000000000000213,248,0.06,244.5,0.05,237.21,0.05
0.3999999999999986,248,-3.27,244.5,-3.7,237.21,-2.5
0.3999999999999986,245.38,-8.34,241.54,-6.69,235.21,-5.02
0.40000000000000213,241.33,-9.84,239.15,-4.97,233.2,-5.04
0.3999999999999986,237.51,-7.78,237.57,-4.49,231.18,-3.67
0.40000000000000213,235.11,-6.05,235.56,-5.6,230.26,-1.88
0.3999999999999986,232.68,-6.36,233.09,-8.38,229.67,-1.22
0.3999999999999986,230.02,-7.11,228.85,-12.69,229.28,-0.44
0.40000000000000213,226.98,-7.69,222.94,-13.55,229.32,-0.28
0.3999999999999986,223.87,-7.9,218.01,-10.08,229.06,-1.07
0.40000000000000213,220.66,-8.02,214.87,-8.71,228.47,-1.64
0.3999999999999986,217.45,-8.25,211.04,-9.59,227.75,-1.89
0.3999999999999986,214.06,-8.23,207.19,-5.91,226.95,-2.72
0.40000000000000213,210.87,-7.84,206.31,-2.12,225.57,-3.14
0.3999999999999986,207.79,-8.42,205.5,-2.08,224.44,-2.85
0.40000000000000213,204.13,-8.89,204.65,-3.86,223.29,-2.28
0.3999999999999986,200.68,-5.17,202.42,-3.32,222.62,-1.86
0.3999999999999986,200,-0.85,202,-0.52,221.8,-1.93
0.40000000000000213,200,0,202,0,221.07,-1.42
0.3999999999999986,200,7.46,202,1.56,220.67,-1.03
0.40000000000000213,205.96,13.93,203.25,6.83,220.25,0.75
0.3999999999999986,211.15,14.9,207.47,5.78,221.26,3.48
0.3999999999999986,217.88,15.65,207.88,4.67,223.04,4.56
0.40000000000000213,223.66,12.47,211.2,7.09,224.91,5.21
0.3999999999999986,227.85,10.27,213.55,6.26,227.21,6.12
0.40000000000000213,231.88,8.35,216.22,9.16,229.8,5.08
0.3999999999999986,234.53,6.08,220.88,11.62,231.27,3.43
0.3999999999999986,236.75,4.91,225.51,10.99,232.55,2.87
0.40000000000000213,238.46,3.28,229.67,9.69,233.57,1.77
0.3999999999999986,239.37,1.8,233.26,7.59,233.97,0.43
0.40000000000000213,239.9,1.2,235.74,5.11,233.91,-0.43
0.3999999999999986,240.33,0.97,237.35,3.59,233.62,-0.64
0.3999999999999986,240.68,0.91,238.61,2.74,233.4,-0.24
0.3999999999999986,241.06,0.9,239.54,2.03,233.43,0.1
0.4000000000000057,241.4,0.88,240.24,1.37,233.48,0.28
0.3999999999999986,241.77,0.89,240.64,0.77,233.66,0.51
0.3999999999999986,242.11,0.7,240.85,0.45,233.88,0.46
0.3999999999999986,242.32,0.42,241,0.53,234.02,0.14
0.3999999999999986,242.45,0.36,241.28,0.74,233.99,-0.11
0.4000000000000057,242.61,0.24,241.59,0.9,233.94,-0.26
0.3999999999999986,242.64,-0.07,242,1.15,233.79,-0.42
0.3999999999999986,242.56,-0.15,242.51,2.25,233.6,-0.61
0.3999999999999986,242.52,-0.01,243.8,3.22,233.3,-0.62
0.3999999999999986,242.55,0.49,245.09,2.38,233.1,-0.14
0.4000000000000057,242.91,1.59,245.71,0.47,233.19,0.85
0.3999999999999986,243.82,2.22,245.46,-1.34,233.78,2.11
0.3999999999999986,244.68,2.46,244.63,-1.88,234.88,3.11
0.3999999999999986,245.79,2.84,243.96,-1.11,236.27,2.79
0.3999999999999986,246.95,2.6,243.75,-0,237.12,1.45
0.4000000000000057,247.87,1.31,243.96,0.72,237.43,0.07
0.3999999999999986,248,0.17,244.32,0.68,237.18,-0.27
0.3999999999999986,248,-3.27,244.5,-3.47,237.21,-2.46
0.3999999999999986,245.38,-8.34,241.54,-6.69,235.21,-5.02
0.3999999999999986,241.33,-9.84,239.15,-4.97,233.2,-5.04
0.4000000000000057,237.51,-7.78,237.57,-4.49,231.18,-3.67
0.3999999999999986,235.11,-6.05,235.56,-5.6,230.26,-1.88
0.3999999999999986,232.68,-6.36,233.09,-8.38,229.67,-1.22
0.3999999999999986,230.02,-7.11,228.85,-12.69,229.28,-0.44
0.3999999999999986,226.98,-7.69,222.94,-13.55,229.32,-0.28
0.4000000000000057,223.87,-7.9,218.01,-10.08,229.06,-1.07
0.3999999999999986,220.66,-8.02,214.87,-8.71,228.47,-1.64
0.3999999999999986,217.45,-8.25,211.04,-9.59,227.75,-1.89
0.3999999999999986,214.06,-8.23,207.19,-5.91,226.95,-2.72
0.3999999999999986,210.87,-7.84,206.31,-2.12,225.57,-3.14
0.4000000000000057,207.79,-8.42,205.5,-2.08,224.44,-2.85
0.3999999999999986,204.13,-8.89,204.65,-3.86,223.29,-2.28
0.3999999999999986,200.68,-5.17,202.42,-3.32,222.62,-1.86
0.3999999999999986,200,-0.85,202,-0.52,221.8,-1.93
0.3999999999999986,200,0,202,0,221.07,-1.42
0.4000000000000057,200,7.46,202,1.56,220.67,-1.03
0.3999999999999986,205.96,13.93,203.25,6.83,220.25,0.75
0.3999999999999986,211.15,14.9,207.47,5.78,221.26,3.48
0.3999999999999986,217.88,15.65,207.88,4.67,223.04,4.56
0.3999999999999986,223.66,12.47,211.2,7.09,224.91,5.21
0.4000000000000057,227.85,10.27,213.55,6.26,227.21,6.12
0.3999999999999986,231.88,8.35,216.22,9.16,229.8,5.08
0.3999999999999986,234.53,6.08,220.88,11.62,231.27,3.43
0.3999999999999986,236.75,4.91,225.51,10.99,232.55,2.87
0.3999999999999986,238.46,3.28,229.67,9.69,233.57,1.77
0.4000000000000057,239.37,1.8,233.26,7.59,233.97,0.43
0.3999999999999986,239.9,1.2,235.74,5.11,233.91,-0.43
0.3999999999999986,240.33,0.97,237.35,3.59,233.62,-0.64
0.3999999999999986,240.68,0.91,238.61,2.74,233.4,-0.24
0.3999999999999986,241.06,0.9,239.54,2.03,233.43,0.1
0.4000000000000057,241.4,0.88,240.24,1.37,233.48,0.28
0.3999999999999986,241.77,0.89,240.64,0.77,233.66,0.51
0.3999999999999986,242.11,0.7,240.85,0.45,233.88,0.46
0.3999999999999986,242.32,0.42,241,0.53,234.02,0.14
0.3999999999999986,242.45,0.36,241.28,0.74,233.99,-0.11
0.4000000000000057,242.61,0.24,241.59,0.9,233.94,-0.26
0.3999999999999986,242.64,-0.07,242,1.15,233.79,-0.42
0.3999999999999986,242.56,-0.15,242.51,2.25,233.6,-0.61
0.3999999999999986,242.52,-0.01,243.8,3.22,233.3,-0.62
0.3999999999999986,242.55,0.49,245.09,2.38,233.1,-0.14
0.4000000000000057,242.91,1.59,245.71,0.47,233.19,0.85
0.3999999999999986,243.82,2.22,245.46,-1.34,233.78,2.11
0.3999999999999986,244.68,2.46,244.63,-1.88,234.88,3.11
0.3999999999999986,245.79,2.84,243.96,-1.11,236.27,2.79
0.3999999999999986,246.95,2.6,243.75,-0,237.12,1.45
0.4000000000000057,247.87,1.31,243.96,0.72,237.43,0.07
0.3999999999999986,248,0.17,244.32,0.68,237.18,-0.27
0.3999999999999986,248,-3.27,244.5,-3.47,237.21,-2.46
0.3999999999999986,245.38,-8.34,241.54,-6.69,235.21,-5.02
0.3999999999999986,241.33,-9.84,239.15,-4.97,233.2,-5.04
0.4000000000000057,237.51,-7.78,237.57,-4.49,231.18,-3.67
0.3999999999999986,235.11,-6.05,235.56,-5.6,230.26,-1.88
0.3999999999999986,232.68,-6.36,233.09,-8.38,229.67,-1.22
0.3999999999999986,230.02,-7.11,228.85,-12.69,229.28,-0.44
0.3999999999999986,226.98,-7.69,222.94,-13.55,229.32,-0.28
0.4000000000000057,223.87,-7.9,218.01,-10.08,229.06,-1.07
0.3999999999999986,220.66,-8.02,214.87,-8.71,228.47,-1.64
0.3999999999999986,217.45,-8.25,211.04,-9.59,227.75,-1.89
0.4000000000000057,214.06,-8.23,207.19,-5.91,226.95,-2.72
0.3999999999999915,210.87,-7.84,206.31,-2.12,225.57,-3.14
0.4000000000000057,207.79,-8.42,205.5,-2.08,224.44,-2.85
0.3999999999999915,204.13,-8.89,204.65,-3.86,223.29,-2.28
0.4000000000000057,200.68,-5.17,202.42,-3.32,222.62,-1.86
0.4000000000000057,200,-0.85,202,-0.52,221.8,-1.93
0.3999999999999915,200,0,202,0,221.07,-1.42
0.4000000000000057,200,7.46,202,1.56,220.67,-1.03
0.3999999999999915,205.96,13.93,203.25,6.83,220.25,0.75
0.4000000000000057,211.15,14.9,207.47,5.78,221.26,3.48
0.4000000000000057,217.88,15.65,207.88,4.67,223.04,4.56
0.3999999999999915,223.66,12.47,211.2,7.09,224.91,5.21
0.4000000000000057,227.85,10.27,213.55,6.26,227.21,6.12
0.3999999999999915,231.88,8.35,216.22,9.16,229.8,5.08
0.4000000000000057,234.53,6.08,220.88,11.62,231.27,3.43
0.4000000000000057,236.75,4.91,225.51,10.99,232.55,2.87
0.3999999999999915,238.46,3.28,229.67,9.69,233.57,1.77
0.4000000000000057,239.37,1.8,233.26,7.59,233.97,0.43
0.3999999999999915,239.9,1.2,235.74,5.11,233.91,-0.43
0.4000000000000057,240.33,0.97,237.35,3.59,233.62,-0.64
0.4000000000000057,240.68,0.91,238.61,2.74,233.4,-0.24
0.3999999999999915,241.06,0.9,239.54,2.03,233.43,0.1
0.4000000000000057,241.4,0.88,240.24,1.37,233.48,0.28
0.3999999999999915,241.77,0.89,240.64,0.77,233.66,0.51
0.4000000000000057,242.11,0.7,240.85,0.45,233.88,0.46
0.4000000000000057,242.32,0.42,241,0.53,234.02,0.14
0.3999999999999915,242.45,0.36,241.28,0.74,233.99,-0.11
0.4000000000000057,242.61,0.24,241.59,0.9,233.94,-0.26
0.3999999999999915,242.64,-0.07,242,1.15,233.79,-0.42
0.4000000000000057,242.56,-0.15,242.51,2.25,233.6,-0.61
0.4000000000000057,242.52,-0.01,243.8,3.22,233.3,-0.62
0.3999999999999915,242.55,0.49,245.09,2.38,233.1,-0.14
0.4000000000000057,242.91,1.59,245.71,0.47,233.19,0.85
0.3999999999999915,243.82,2.22,245.46,-1.34,233.78,2.11
0.4000000000000057,244.68,2.46,244.63,-1.88,234.88,3.11
0.4000000000000057,245.79,2.84,243.96,-1.11,236.27,2.79
0.3999999999999915,246.95,2.6,243.75,-0,237.12,1.45
0.4000000000000057,247.87,1.31,243.96,0.72,237.43,0.07
0.3999999999999915,248,0.17,244.32,0.68,237.18,-0.27
0.4000000000000057,248,-3.27,244.5,-3.47,237.21,-2.46
0.4000000000000057,245.38,-8.34,241.54,-6.69,235.21,-5.02
0.3999999999999915,241.33,-9.84,239.15,-4.97,233.2,-5.04
0.4000000000000057,237.51,-7.78,237.57,-4.49,231.18,-3.67
0.3999999999999915,235.11,-6.05,235.56,-5.6,230.26,-1.88
0.4000000000000057,232.68,-6.36,233.09,-8.38,229.67,-1.22
0.4000000000000057,230.02,-7.11,228.85,-12.69,229.28,-0.44
0.3999999999999915,226.98,-7.69,222.94,-13.55,229.32,-0.28
0.4000000000000057,223.87,-7.9,218.01,-10.08,229.06,-1.07
0.3999999999999915,220.66,-8.02,214.87,-8.71,228.47,-1.64
0.4000000000000057,217.45,-8.25,211.04,-9.59,227.75,-1.89
0.4000000000000057,214.06,-8.23,207.19,-5.91,226.95,-2.72
0.3999999999999915,210.87,-7.84,206.31,-2.12,225.57,-3.14
0.4000000000000057,207.79,-8.42,205.5,-2.08,224.44,-2.85
0.3999999999999915,204.13,-8.89,204.65,-3.86,223.29,-2.28
0.4000000000000057,200.68,-5.17,202.42,-3.32,222.62,-1.86
0.4000000000000057,200,-0.85,202,-0.52,221.8,-1.93
0.3999999999999915,200,0,202,0,221.07,-1.42
0.4000000000000057,200,7.46,202,1.56,220.67,-1.03
0.3999999999999915,205.96,13.93,203.25,6.83,220.25,0.75
0.4000000000000057,211.15,14.9,207.47,5.78,221.26,3.48
0.4000000000000057,217.88,15.65,207.88,4.67,223.04,4.56
0.3999999999999915,223.66,12.47,211.2,7.09,224.91,5.21
0.4000000000000057,227.85,10.27,213.55,6.26,227.21,6.12
0.3999999999999915,231.88,8.35,216.22,9.16,229.8,5.08
0.4000000000000057,234.53,6.08,220.88,11.62,231.27,3.43
0.4000000000000057,236.75,4.91,225.51,10.99,232.55,2.87
0.3999999999999915,238.46,3.28,229.67,9.69,233.57,1.77
0.4000000000000057,239.37,1.8,233.26,7.59,233.97,0.43
0.3999999999999915,239.9,1.2,235.74,5.11,233.91,-0.43
0.4000000000000057,240.33,0.97,237.35,3.59,233.62,-0.64
0.4000000000000057,240.68,0.91,238.61,2.74,233.4,-0.24
0.3999999999999915,241.06,0.9,239.54,2.03,233.43,0.1
0.4000000000000057,241.4,0.88,240.24,1.37,233.48,0.28
0.3999999999999915,241.77,0.89,240.64,0.77,233.66,0.51
0.4000000000000057,242.11,0.7,240.85,0.45,233.88,0.46
0.4000000000000057,242.32,0.42,241,0.53,234.02,0.14
0.3999999999999915,242.45,0.36,241.28,0.74,233.99,-0.11
0.4000000000000057,242.61,0.24,241.59,0.9,233.94,-0.26
0.3999999999999915,242.64,-0.07,242,1.15,233.79,-0.42
0.4000000000000057,242.56,-0.15,242.51,2.25,233.6,-0.61
0.4000000000000057,242.52,-0.01,243.8,3.22,233.3,-0.62
0.3999999999999915,242.55,0.49,245.09,2.38,233.1,-0.14
0.4000000000000057,242.91,1.59,245.71,0.47,233.19,0.85
0.3999999999999915,243.82,2.22,245.46,-1.34,233.78,2.11
0.4000000000000057,244.68,2.46,244.63,-1.88,234.88,3.11
0.4000000000000057,245.79,2.84,243.96,-1.11,236.27,2.79
0.3999999999999915,246.95,2.6,243.75,-0,237.12,1.45
0.4000000000000057,247.87,1.31,243.96,0.72,237.43,0.07
0.3999999999999915,248,0.17,244.32,0.68,237.18,-0.27
0.4000000000000057,248,-3.27,244.5,-3.47,237.21,-2.46
0.4000000000000057,245.38,-8.34,241.54,-6.69,235.21,-5.02
0.3999999999999915,241.33,-9.84,239.15,-4.97,233.2,-5.04
0.4000000000000057,237.51,-7.78,237.57,-4.49,231.18,-3.67
0.3999999999999915,235.11,-6.05,235.56,-5.6,230.26,-1.88
0.4000000000000057,232.68,-6.36,233.09,-8.38,229.67,-1.22
0.4000000000000057,230.02,-7.11,228.85,-12.69,229.28,-0.44
0.3999999999999915,226.98,-7.69,222.94,-13.55,229.32,-0.28
0.4000000000000057,223.87,-7.9,218.01,-10.08,229.06,-1.07
0.3999999999999915,220.66,-8.02,214.87,-8.71,228.47,-1.64
0.4000000000000057,217.45,-8.25,211.04,-9.59,227.75,-1.89
0.4000000000000057,214.06,-8.23,207.19,-5.91,226.95,-2.72
0.3999999999999915,210.87,-7.84,206.31,-2.12,225.57,-3.14
0.4000000000000057,207.79,-8.42,205.5,-2.08,224.44,-2.85
0.3999999999999915,204.13,-8.89,204.65,-3.86,223.29,-2.28
0.4000000000000057,200.68,-5.17,202.42,-3.32,222.62,-1.86
0.4000000000000057,200,-0.85,202,-0.52,221.8,-1.93
0.3999999999999915,200,0,202,0,221.07,-1.42
0.4000000000000057,200,7.46,202,1.56,220.67,-1.03
0.3999999999999915,205.96,13.93,203.25,6.83,220.25,0.75
0.4000000000000057,211.15,14.9,207.47,5.78,221.26,3.48
0.4000000000000057,217.88,15.65,207.88,4.67,223.04,4.56
0.3999999999999915,223.66,12.47,211.2,7.09,224.91,5.21
0.4000000000000057,227.85,10.27,213.55,6.26,227.21,6.12
0.3999999999999915,231.88,8.35,216.22,9.16,229.8,5.08
0.4000000000000057,234.53,6.08,220.88,11.62,231.27,3.43
0.4000000000000057,236.75,4.91,225.51,10.99,232.55,2.87
0.3999999999999915,238.46,3.28,229.67,9.69,233.57,1.77
0.4000000000000057,239.37,1.8,233.26,7.59,233.97,0.43
0.3999999999999915,239.9,1.2,235.74,5.11,233.91,-0.43
0.4000000000000057,240.33,0.97,237.35,3.59,233.62,-0.64
0.4000000000000057,240.68,0.91,238.61,2.74,233.4,-0.24
0.3999999999999915,241.06,0.9,239.54,2.03,233.43,0.1
0.4000000000000057,241.4,0.88,240.24,1.37,233.48,0.28
0.3999999999999915,241.77,0.89,240.64,0.77,233.66,0.51
0.4000000000000057,242.11,0.7,240.85,0.45,233.88,0.46
0.4000000000000057,242.32,0.42,241,0.53,234.02,0.14
0.3999999999999915,242.45,0.36,241.28,0.74,233.99,-0.11
0.4000000000000057,242.61,0.24,241.59,0.9,233.94,-0.26
0.3999999999999915,242.64,-0.07,242,1.15,233.79,-0.42
0.4000000000000057,242.56,-0.15,242.51,2.25,233.6,-0.61
0.4000000000000057,242.52,-0.01,243.8,3.22,233.3,-0.62
0.3999999999999915,242.55,0.49,245.09,2.38,233.1,-0.14
0.4000000000000057,242.91,1.59,245.71,0.47,233.19,0.85
0.3999999999999915,243.82,2.22,245.46,-1.34,233.78,2.11
0.4000000000000057,244.68,2.46,244.63,-1.88,234.88,3.11
0.4000000000000057,245.79,2.84,243.96,-1.11,236.27,2.79
0.3999999999999915,246.95,2.6,243.75,-0,237.12,1.45
0.4000000000000057,247.87,1.31,243.96,0.72,237.43,0.07
0.3999999999999915,248,0.17,244.32,0.68,237.18,-0.27
0.4000000000000057,248,-3.27,244.5,-3.47,237.21,-2.46
0.4000000000000057,245.38,-8.34,241.54,-6.69,235.21,-5.02
0.3999999999999915,241.33,-9.84,239.15,-4.97,233.2,-5.04
0.4000000000000057,237.51,-7.78,237.57,-4.49,231.18,-3.67
0.3999999999999915,235.11,-6.05,235.56,-5.6,230.26,-1.88
0.4000000000000057,232.68,-6.36,233.09,-8.38,229.67,-1.22
0.4000000000000057,230.02,-7.11,228.85,-12.69,229.28,-0.44
0.3999999999999915,226.98,-7.69,222.94,-13.55,229.32,-0.28
0.4000000000000057,223.87,-7.9,218.01,-10.08,229.06,-1.07
0.3999999999999915,220.66,-8.02,214.87,-8.71,228.47,-1.64
0.4000000000000057,217.45,-8.25,211.04,-9.59,227.75,-1.89
0.4000000000000057,214.06,-8.23,207.19,-5.91,226.95,-2.72
0.3999999999999915,210.87,-7.84,206.31,-2.12,225.57,-3.14
0.4000000000000057,207.79,-8.42,205.5,-2.08,224.44,-2.85
0.3999999999999915,204.13,-8.89,204.65,-3.86,223.29,-2.28
0.4000000000000057,200.68,-5.17,202.42,-3.32,222.62,-1.86
0.4000000000000057,200,-0.85,202,-0.52,221.8,-1.93
0.3999999999999915,200,0,202,0,221.07,-1.42
0.4000000000000057,200,7.46,202,1.56,220.67,-1.03
0.3999999999999915,205.96,13.93,203.25,6.83,220.25,0.75
0.4000000000000057,211.15,14.9,207.47,5.78,221.26,3.48
0.4000000000000057,217.88,15.65,207.88,4.67,223.04,4.56
0.4000000000000057,223.66,12.47,211.2,7.09,224.91,5.21
0.39999999999997726,227.85,10.27,213.55,6.26,227.21,6.12
0.4000000000000057,231.88,8.35,216.22,9.16,229.8,5.08
0.4000000000000057,234.53,6.08,220.88,11.62,231.27,3.43
0.4000000000000057,236.75,4.91,225.51,10.99,232.55,2.87
0.4000000000000057,238.46,3.28,229.67,9.69,233.57,1.77
0.39999999999997726,239.37,1.8,233.26,7.59,233.97,0.43
0.4000000000000057,239.9,1.2,235.74,5.11,233.91,-0.43
0.4000000000000057,240.33,0.97,237.35,3.59,233.62,-0.64
0.4000000000000057,240.68,0.91,238.61,2.74,233.4,-0.24
0.4000000000000057,241.06,0.9,239.54,2.03,233.43,0.1
0.39999999999997726,241.4,0.88,240.24,1.37,233.48,0.28
0.4000000000000057,241.77,0.89,240.64,0.77,233.66,0.51
0.4000000000000057,242.11,0.7,240.85,0.45,233.88,0.46
0.4000000000000057,242.32,0.42,241,0.53,234.02,0.14
0.4000000000000057,242.45,0.36,241.28,0.74,233.99,-0.11
0.39999999999997726,242.61,0.24,241.59,0.9,233.94,-0.26
0.4000000000000057,242.64,-0.07,242,1.15,233.79,-0.42
0.4000000000000057,242.56,-0.15,242.51,2.25,233.6,-0.61
0.4000000000000057,242.52,-0.01,243.8,3.22,233.3,-0.62
0.4000000000000057,242.55,0.49,245.09,2.38,233.1,-0.14
0.39999999999997726,242.91,1.59,245.71,0.47,233.19,0.85
0.4000000000000057,243.82,2.22,245.46,-1.34,233.78,2.11
0.4000000000000057,244.68,2.46,244.63,-1.88,234.88,3.11
0.4000000000000057,245.79,2.84,243.96,-1.11,236.27,2.79
0.4000000000000057,246.95,2.6,243.75,-0,237.12,1.45
0.39999999999997726,247.87,1.31,243.96,0.72,237.43,0.07
0.4000000000000057,248,0.17,244.32,0.68,237.18,-0.27
0.4000000000000057,248,-3.27,244.5,-3.47,237.21,-2.46
0.4000000000000057,245.38,-8.34,241.54,-6.69,235.21,-5.02
0.4000000000000057,241.33,-9.84,239.15,-4.97,233.2,-5.04
0.39999999999997726,237.51,-7.78,237.57,-4.49,231.18,-3.67
0.4000000000000057,235.11,-6.05,235.56,-5.6,230.26,-1.88
0.4000000000000057,232.68,-6.36,233.09,-8.38,229.67,-1.22
0.4000000000000057,230.02,-7.11,228.85,-12.69,229.28,-0.44
0.4000000000000057,226.98,-7.69,222.94,-13.55,229.32,-0.28
0.39999999999997726,223.87,-7.9,218.01,-10.08,229.06,-1.07
0.4000000000000057,220.66,-8.02,214.87,-8.71,228.47,-1.64
0.4000000000000057,217.45,-8.25,211.04,-9.59,227.75,-1.89
0.4000000000000057,214.06,-8.23,207.19,-5.91,226.95,-2.72
0.4000000000000057,210.87,-7.84,206.31,-2.12,225.57,-3.14
0.39999999999997726,207.79,-8.42,205.5,-2.08,224.44,-2.85
0.4000000000000057,204.13,-8.89,204.65,-3.86,223.29,-2.28
0.4000000000000057,200.68,-5.17,202.42,-3.32,222.62,-1.86
0.4000000000000057,200,-0.85,202,-0.52,221.8,-1.93
0.4000000000000057,200,0,202,0,221.07,-1.42
0.39999999999997726,200,7.46,202,1.56,220.67,-1.03
0.4000000000000057,205.96,13.93,203.25,6.83,220.25,0.75
0.4000000000000057,211.15,14.9,207.47,5.78,221.26,3.48
0.4000000000000057,217.88,15.65,207.88,4.67,223.04,4.56
0.4000000000000057,223.66,12.47,211.2,7.09,224.91,5.21
0.39999999999997726,227.85,10.27,213.55,6.26,227.21,6.12
0.4000000000000057,231.88,8.35,216.22,9.16,229.8,5.08
0.4000000000000057,234.53,6.08,220.88,11.62,231.27,3.43
0.4000000000000057,236.75,4.91,225.51,10.99,232.55,2.87
0.4000000000000057,238.46,3.28,229.67,9.69,233.57,1.77
0.39999999999997726,239.37,1.8,233.26,7.59,233.97,0.43
0.4000000000000057,239.9,1.2,235.74,5.11,233.91,-0.43
0.4000000000000057,240.33,0.97,237.35,3.59,233.62,-0.64
0.4000000000000057,240.68,0.91,238.61,2.74,233.4,-0.24
0.4000000000000057,241.06,0.9,239.54,2.03,233.43,0.1
0.39999999999997726,241.4,0.88,240.24,1.37,233.48,0.28
0.4000000000000057,241.77,0.89,240.64,0.77,233.66,0.51
0.4000000000000057,242.11,0.7,240.85,0.45,233.88,0.46
0.4000000000000057,242.32,0.42,241,0.53,234.02,0.14
0.4000000000000057,242.45,0.36,241.28,0.74,233.99,-0.11
0.39999999999997726,242.61,0.24,241.59,0.9,233.94,-0.26
0.4000000000000057,242.64,-0.07,242,1.15,233.79,-0.42
0.4000000000000057,242.56,-0.15,242.51,2.25,233.6,-0.61
0.4000000000000057,242.52,-0.01,243.8,3.22,233.3,-0.62
0.4000000000000057,242.55,0.49,245.09,2.38,233.1,-0.14
0.39999999999997726,242.91,1.59,245.71,0.47,233.19,0.85
0.4000000000000057,243.82,2.22,245.46,-1.34,233.78,2.11
0.4000000000000057,244.68,2.46,244.63,-1.88,234.88,3.11
0.4000000000000057,245.79,2.84,243.96,-1.11,236.27,2.79
0.4000000000000057,246.95,2.6,243.75,-0,237.12,1.45
0.39999999999997726,247.87,1.31,243.96,0.72,237.43,0.07
0.4000000000000057,248,0.17,244.32,0.68,237.18,-0.27
0.4000000000000057,248,-3.27,244.5,-3.47,237.21,-2.46
0.4000000000000057,245.38,-8.34,241.54,-6.69,235.21,-5.02
0.4000000000000057,241.33,-9.84,239.15,-4.97,233.2,-5.04
0.39999999999997726,237.51,-7.78,237.57,-4.49,231.18,-3.67
0.4000000000000057,235.11,-6.05,235.56,-5.6,230.26,-1.88
0.4000000000000057,232.68,-6.36,233.09,-8.38,229.67,-1.22
0.4000000000000057,230.02,-7.11,228.85,-12.69,229.28,-0.44
0.4000000000000057,226.98,-7.69,222.94,-13.55,229.32,-0.28
0.39999999999997726,223.87,-7.9,218.01,-10.08,229.06,-1.07
0.4000000000000057,220.66,-8.02,214.87,-8.71,228.47,-1.64
0.4000000000000057,217.45,-8.25,211.04,-9.59,227.75,-1.89
0.4000000000000057,214.06,-8.23,207.19,-5.91,226.95,-2.72
0.4000000000000057,210.87,-7.84,206.31,-2.12,225.57,-3.14
0.39999999999997726,207.79,-8.42,205.5,-2.08,224.44,-2.85
0.4000000000000057,204.13,-8.89,204.65,-3.86,223.29,-2.28
0.4000000000000057,200.68,-5.17,202.42,-3.32,222.62,-1.86
0.4000000000000057,200,-0.85,202,-0.52,221.8,-1.93
0.4000000000000057,200,0,202,0,221.07,-1.42
0.39999999999997726,200,7.46,202,1.56,220.67,-1.03
0.4000000000000057,205.96,13.93,203.25,6.83,220.25,0.75
0.4000000000000057,211.15,14.9,207.47,5.78,221.26,3.48
0.4000000000000057,217.88,15.65,207.88,4.67,223.04,4.56
0.4000000000000057,223.66,12.47,211.2,7.09,224.91,5.21
0.39999999999997726,227.85,10.27,213.55,6.26,227.21,6.12
0.4000000000000057,231.88,8.35,216.22,9.16,229.8,5.08
0.4000000000000057,234.53,6.08,220.88,11.62,231.27,3.43
0.4000000000000057,236.75,4.91,225.51,10.99,232.55,2.87
0.4000000000000057,238.46,3.28,229.67,9.69,233.57,1.77
0.39999999999997726,239.37,1.8,233.26,7.59,233.97,0.43
0.4000000000000057,239.9,1.2,235.74,5.11,233.91,-0.43
0.4000000000000057,240.33,0.97,237.35,3.59,233.62,-0.64
0.4000000000000057,240.68,0.91,238.61,2.74,233.4,-0.24
0.4000000000000057,241.06,0.9,239.54,2.03,233.43,0.1
0.39999999999997726,241.4,0.88,240.24,1.37,233.48,0.28
0.4000000000000057,241.77,0.89,240.64,0.77,233.66,0.51
0.4000000000000057,242.11,0.7,240.85,0.45,233.88,0.46
0.4000000000000057,242.32,0.42,241,0.53,234.02,0.14
0.4000000000000057,242.45,0.36,241.28,0.74,233.99,-0.11
0.39999999999997726,242.61,0.24,241.59,0.9,233.94,-0.26
0.4000000000000057,242.64,-0.07,242,1.15,233.79,-0.42
0.4000000000000057,242.56,-0.15,242.51,2.25,233.6,-0.61
0.4000000000000057,242.52,-0.01,243.8,3.22,233.3,-0.62
0.4000000000000057,242.55,0.49,245.09,2.38,233.1,-0.14
0.39999999999997726,242.91,1.59,245.71,0.47,233.19,0.85
0.4000000000000057,243.82,2.22,245.46,-1.34,233.78,2.11
0.4000000000000057,244.68,2.46,244.63,-1.88,234.88,3.11
0.4000000000000057,245.79,2.84,243.96,-1.11,236.27,2.79
0.4000000000000057,246.95,2.6,243.75,-0,237.12,1.45
0.39999999999997726,247.87,1.31,243.96,0.72,237.43,0.07
0.4000000000000057,248,0.17,244.32,0.68,237.18,-0.27
0.4000000000000057,248,-3.27,244.5,-3.47,237.21,-2.46
0.4000000000000057,245.38,-8.34,241.54,-6.69,235.21,-5.02
0.4000000000000057,241.33,-9.84,239.15,-4.97,233.2,-5.04
0.39999999999997726,237.51,-7.78,237.57,-4.49,231.18,-3.67
0.4000000000000057,235.11,-6.05,235.56,-5.6,230.26,-1.88
0.4000000000000057,232.68,-6.36,233.09,-8.38,229.67,-1.22
0.4000000000000057,230.02,-7.11,228.85,-12.69,229.28,-0.44
0.4000000000000057,226.98,-7.69,222.94,-13.55,229.32,-0.28
0.39999999999997726,223.87,-7.9,218.01,-10.08,229.06,-1.07
0.4000000000000057,220.66,-8.02,214.87,-8.71,228.47,-1.64
0.4000000000000057,217.45,-8.25,211.04,-9.59,227.75,-1.89
0.4000000000000057,214.06,-8.23,207.19,-5.91,226.95,-2.72
0.4000000000000057,210.87,-7.84,206.31,-2.12,225.57,-3.14
0.39999999999997726,207.79,-8.42,205.5,-2.08,224.44,-2.85
0.4000000000000057,204.13,-8.89,204.65,-3.86,223.29,-2.28
0.4000000000000057,200.68,-5.17,202.42,-3.32,222.62,-1.86
0.4000000000000057,200,-0.85,202,-0.52,221.8,-1.93
0.4000000000000057,200,0,202,0,221.07,-1.42
0.39999999999997726,200,7.46,202,1.56,220.67,-1.03
0.4000000000000057,205.96,13.93,203.25,6.83,220.25,0.75
0.4000000000000057,211.15,14.9,207.47,5.78,221.26,3.48
0.4000000000000057,217.88,15.65,207.88,4.67,223.04,4.56
0.4000000000000057,223.66,12.47,211.2,7.09,224.91,5.21
0.39999999999997726,227.85,10.27,213.55,6.26,227.21,6.12
0.4000000000000057,231.88,8.35,216.22,9.16,229.8,5.08
0.4000000000000057,234.53,6.08,220.88,11.62,231.27,3.43
0.4000000000000057,236.75,4.91,225.51,10.99,232.55,2.87
0.4000000000000057,238.46,3.28,229.67,9.69,233.57,1.77
0.39999999999997726,239.37,1.8,233.26,7.59,233.97,0.43
0.4000000000000057,239.9,1.2,235.74,5.11,233.91,-0.43
0.4000000000000057,240.33,0.97,237.35,3.59,233.62,-0.64
0.4000000000000057,240.68,0.91,238.61,2.74,233.4,-0.24
0.4000000000000057,241.06,0.9,239.54,2.03,233.43,0.1
0.39999999999997726,241.4,0.88,240.24,1.37,233.48,0.28
0.4000000000000057,241.77,0.89,240.64,0.77,233.66,0.51
0.4000000000000057,242.11,0.7,240.85,0.45,233.88,0.46
0.4000000000000057,242.32,0.42,241,0.53,234.02,0.14
0.4000000000000057,242.45,0.36,241.28,0.74,233.99,-0.11
0.39999999999997726,242.61,0.24,241.59,0.9,233.94,-0.26
0.4000000000000057,242.64,-0.07,242,1.15,233.79,-0.42
0.4000000000000057,242.56,-0.15,242.51,2.25,233.6,-0.61
0.4000000000000057,242.52,-0.01,243.8,3.22,233.3,-0.62
0.4000000000000057,242.55,0.49,245.09,2.38,233.1,-0.14
0.39999999999997726,242.91,1.59,245.71,0.47,233.19,0.85
0.4000000000000057,243.82,2.22,245.46,-1.34,233.78,2.11
0.4000000000000057,244.68,2.46,244.63,-1.88,234.88,3.11
0.4000000000000057,245.79,2.84,243.96,-1.11,236.27,2.79
0.4000000000000057,246.95,2.6,243.75,-0,237.12,1.45
0.39999999999997726,247.87,1.31,243.96,0.72,237.43,0.07
0.4000000000000057,248,0.17,244.32,0.68,237.18,-0.27
0.4000000000000057,248,-3.27,244.5,-3.47,237.21,-2.46
0.4000000000000057,245.38,-8.34,241.54,-6.69,235.21,-5.02
0.4000000000000057,241.33,-9.84,239.15,-4.97,233.2,-5.04
0.39999999999997726,237.51,-7.78,237.57,-4.49,231.18,-3.67
0.4000000000000057,235.11,-6.05,235.56,-5.6,230.26,-1.88
0.4000000000000057,232.68,-6.36,233.09,-8.38,229.67,-1.22
0.4000000000000057,230.02,-7.11,228.85,-12.69,229.28,-0.44
0.4000000000000057,226.98,-7.69,222.94,-13.55,229.32,-0.28
0.39999999999997726,223.87,-7.9,218.01,-10.08,229.06,-1.07
0.4000000000000057,220.66,-8.02,214.87,-8.71,228.47,-1.64
0.4000000000000057,217.45,-8.25,211.04,-9.59,227.75,-1.89
0.4000000000000057,214.06,-8.23,207.19,-5.91,226.95,-2.72
0.4000000000000057,210.87,-7.84,206.31,-2.12,225.57,-3.14
0.39999999999997726,207.79,-8.42,205.5,-2.08,224.44,-2.85
0.4000000000000057,204.13,-8.89,204.65,-3.86,223.29,-2.28
0.4000000000000057,200.68,-5.17,202.42,-3.32,222.62,-1.86
0.4000000000000057,200,-0.85,202,-0.52,221.8,-1.93
0.4000000000000057,200,0,202,0,221.07,-1.42
0.39999999999997726,200,7.46,202,1.56,220.67,-1.03
0.4000000000000057,205.96,13.93,203.25,6.83,220.25,0.75
0.4000000000000057,211.15,14.9,207.47,5.78,221.26,3.48
0.4000000000000057,217.88,15.65,207.88,4.67,223.04,4.56
0.4000000000000057,223.66,12.47,211.2,7.09,224.91,5.21
0.39999999999997726,227.85,10.27,213.55,6.26,227.21,6.12
0.4000000000000057,231.88,8.35,216.22,9.16,229.8,5.08
0.4000000000000057,234.53,6.08,220.88,11.62,231.27,3.43
0.4000000000000057,236.75,4.91,225.51,10.99,232.55,2.87
0.4000000000000057,238.46,3.28,229.67,9.69,233.57,1.77
0.39999999999997726,239.37,1.8,233.26,7.59,233.97,0.43
0.4000000000000057,239.9,1.2,235.74,5.11,233.91,-0.43
0.4000000000000057,240.33,0.97,237.35,3.59,233.62,-0.64
0.4000000000000057,240.68,0.91,238.61,2.74,233.4,-0.24
0.4000000000000057,241.06,0.9,239.54,2.03,233.43,0.1
0.39999999999997726,241.4,0.88,240.24,1.37,233.48,0.28
0.4000000000000057,241.77,0.89,240.64,0.77,233.66,0.51
0.4000000000000057,242.11,0.7,240.85,0.45,233.88,0.46
0.4000000000000057,242.32,0.42,241,0.53,234.02,0.14
0.4000000000000057,242.45,0.36,241.28,0.74,233.99,-0.11
0.39999999999997726,242.61,0.24,241.59,0.9,233.94,-0.26
0.4000000000000057,242.64,-0.07,242,1.15,233.79,-0.42
0.4000000000000057,242.56,-0.15,242.51,2.25,233.6,-0.61
0.4000000000000057,242.52,-0.01,243.8,3.22,233.3,-0.62
0.4000000000000057,242.55,0.49,245.09,2.38,233.1,-0.14
0.39999999999997726,242.91,1.59,245.71,0.47,233.19,0.85
0.4000000000000057,243.82,2.22,245.46,-1.34,233.78,2.11
0.4000000000000057,244.68,2.46,244.63,-1.88,234.88,3.11
0.4000000000000057,245.79,2.84,243.96,-1.11,236.27,2.79
0.4000000000000057,246.95,2.6,243.75,-0,237.12,1.45
0.39999999999997726,247.87,1.31,243.96,0.72,237.43,0.07
0.4000000000000057,248,0.17,244.32,0.68,237.18,-0.27
0.4000000000000057,248,-3.27,244.5,-3.47,237.21,-2.46
0.4000000000000057,245.38,-8.34,241.54,-6.69,235.21,-5.02
0.4000000000000057,241.33,-9.84,239.15,-4.97,233.2,-5.04
0.39999999999997726,237.51,-7.78,237.57,-4.49,231.18,-3.67
0.4000000000000057,235.11,-6.05,235.56,-5.6,230.26,-1.88
0.4000000000000057,232.68,-6.36,233.09,-8.38,229.67,-1.22
0.4000000000000057,230.02,-7.11,228.85,-12.69,229.28,-0.44
0.4000000000000057,226.98,-7.69,222.94,-13.55,229.32,-0.28
0.39999999999997726,223.87,-7.9,218.01,-10.08,229.06,-1.07
0.4000000000000057,220.66,-8.02,214.87,-8.71,228.47,-1.64
0.4000000000000057,217.45,-8.25,211.04,-9.59,227.75,-1.89
0.4000000000000057,214.06,-8.23,207.19,-5.91,226.95,-2.72
0.4000000000000057,210.87,-7.84,206.31,-2.12,225.57,-3.14
0.39999999999997726,207.79,-8.42,205.5,-2.08,224.44,-2.85
0.4000000000000057,204.13,-8.89,204.65,-3.86,223.29,-2.28
0.4000000000000057,200.68,-5.17,202.42,-3.32,222.62,-1.86
0.4000000000000057,200,-0.85,202,-0.52,221.8,-1.93
0.4000000000000057,200,0,202,0,221.07,-1.42
0.39999999999997726,200,7.46,202,1.56,220.67,-1.03
0.4000000000000057,205.96,13.93,203.25,6.83,220.25,0.75
0.4000000000000057,211.15,14.9,207.47,5.78,221.26,3.48
0.4000000000000057,217.88,15.65,207.88,4.67,223.04,4.56
0.4000000000000057,223.66,12.47,211.2,7.09,224.91,5.21
0.39999999999997726,227.85,10.27,213.55,6.26,227.21,6.12
0.4000000000000057,231.88,8.35,216.22,9.16,229.8,5.08
0.4000000000000057,234.53,6.08,220.88,11.62,231.27,3.43
0.4000000000000057,236.75,4.91,225.51,10.99,232.55,2.87
0.4000000000000057,238.46,3.28,229.67,9.69,233.57,1.77
0.39999999999997726,239.37,1.8,233.26,7.59,233.97,0.43
0.4000000000000057,239.9,1.2,235.74,5.11,233.91,-0.43
0.4000000000000057,240.33,0.97,237.35,3.59,233.62,-0.64
0.4000000000000057,240.68,0.91,238.61,2.74,233.4,-0.24
0.4000000000000057,241.06,0.9,239.54,2.03,233.43,0.1
0.39999999999997726,241.4,0.88,240.24,1.37,233.48,0.28
0.4000000000000057,241.77,0.89,240.64,0.77,233.66,0.51
0.4000000000000057,242.11,0.7,240.85,0.45,233.88,0.46
0.4000000000000057,242.32,0.42,241,0.53,234.02,0.14
0.4000000000000057,242.45,0.36,241.28,0.74,233.99,-0.11
0.39999999999997726,242.61,0.24,241.59,0.9,233.94,-0.26
0.4000000000000057,242.64,-0.07,242,1.15,233.79,-0.42
0.4000000000000057,242.56,-0.15,242.51,2.25,233.6,-0.61
0.4000000000000057,242.52,-0.01,243.8,3.22,233.3,-0.62
0.4000000000000057,242.55,0.49,245.09,2.38,233.1,-0.14
0.39999999999997726,242.91,1.59,245.71,0.47,233.19,0.85
0.4000000000000057,243.82,2.22,245.46,-1.34,233.78,2.11
0.4000000000000057,244.68,2.46,244.63,-1.88,234.88,3.11
0.4000000000000057,245.79,2.84,243.96,-1.11,236.27,2.79
0.4000000000000057,246.95,2.6,243.75,-0,237.12,1.45
0.39999999999997726,247.87,1.31,243.96,0.72,237.43,0.07
0.4000000000000057,248,0.17,244.32,0.68,237.18,-0.27
0.4000000000000057,248,-3.27,244.5,-3.47,237.21,-2.46
0.4000000000000057,245.38,-8.34,241.54,-6.69,235.21,-5.02
0.4000000000000057,241.33,-9.84,239.15,-4.97,233.2,-5.04
0.39999999999997726,237.51,-7.78,237.57,-4.49,231.18,-3.67
0.4000000000000057,235.11,-6.05,235.56,-5.6,230.26,-1.88
0.4000000000000057,232.68,-6.36,233.09,-8.38,229.67,-1.22
0.4000000000000057,230.02,-7.11,228.85,-12.69,229.28,-0.44
0.4000000000000057,226.98,-7.69,222.94,-13.55,229.32,-0.28
0.39999999999997726,223.87,-7.9,218.01,-10.08,229.06,-1.07
0.4000000000000057,220.66,-8.02,214.87,-8.71,228.47,-1.64
0.4000000000000057,217.45,-8.25,211.04,-9.59,227.75,-1.89
0.4000000000000057,214.06,-8.23,207.19,-5.91,226.95,-2.72
0.4000000000000057,210.87,-7.84,206.31,-2.12,225.57,-3.14
0.39999999999997726,207.79,-8.42,205.5,-2.08,224.44,-2.85
0.4000000000000057,204.13,-8.89,204.65,-3.86,223.29,-2.28
0.4000000000000057,200.68,-5.17,202.42,-3.32,222.62,-1.86
0.4000000000000057,200,-0.85,202,-0.52,221.8,-1.93
0.4000000000000057,200,0,202,0,221.07,-1.42
0.39999999999997726,200,7.46,202,1.56,220.67,-1.03
0.4000000000000057,205.96,13.93,203.25,6.83,220.25,0.75
0.4000000000000057,211.15,14.9,207.47,5.78,221.26,3.48
0.4000000000000057,217.88,15.65,207.88,4.67,223.04,4.56
0.4000000000000057,223.66,12.47,211.2,7.09,224.91,5.21
0.39999999999997726,227.85,10.27,213.55,6.26,227.21,6.12
0.4000000000000057,231.88,8.35,216.22,9.16,229.8,5.08
0.4000000000000057,234.53,6.08,220.88,11.62,231.27,3.43
0.4000000000000057,236.75,4.91,225.51,10.99,232.55,2.87
0.4000000000000057,238.46,3.28,229.67,9.69,233.57,1.77
0.39999999999997726,239.37,1.8,233.26,7.59,233.97,0.43
0.4000000000000057,239.9,1.2,235.74,5.11,233.91,-0.43
0.4000000000000057,240.33,0.97,237.35,3.59,233.62,-0.64
0.4000000000000057,240.68,0.91,238.61,2.74,233.4,-0.24
0.4000000000000057,241.06,0.9,239.54,2.03,233.43,0.1
0.39999999999997726,241.4,0.88,240.24,1.37,233.48,0.28
0.4000000000000057,241.77,0.89,240.64,0.77,233.66,0.51
0.4000000000000057,242.11,0.7,240.85,0.45,233.88,0.46
0.4000000000000057,242.32,0.42,241,0.53,234.02,0.14
0.4000000000000057,242.45,0.36,241.28,0.74,233.99,-0.11
0.39999999999997726,242.61,0.24,241.59,0.9,233.94,-0.26
0.4000000000000057,242.64,-0.07,242,1.15,233.79,-0.42
0.4000000000000057,242.56,-0.15,242.51,2.25,233.6,-0.61
0.39999999999997726,242.52,-0.01,243.8,3.22,233.3,-0.62
0.4000000000000341,242.55,0.49,245.09,2.38,233.1,-0.14
0.39999999999997726,242.91,1.59,245.71,0.47,233.19,0.85
0.4000000000000341,243.82,2.22,245.46,-1.34,233.78,2.11
0.39999999999997726,244.68,2.46,244.63,-1.88,234.88,3.11
0.39999999999997726,245.79,2.84,243.96,-1.11,236.27,2.79
0.4000000000000341,246.95,2.6,243.75,-0,237.12,1.45
0.39999999999997726,247.87,1.31,243.96,0.72,237.43,0.07
0.4000000000000341,248,0.17,244.32,0.68,237.18,-0.27
0.39999999999997726,248,-3.27,244.5,-3.47,237.21,-2.46
0.39999999999997726,245.38,-8.34,241.54,-6.69,235.21,-5.02
0.4000000000000341,241.33,-9.84,239.15,-4.97,233.2,-5.04
0.39999999999997726,237.51,-7.78,237.57,-4.49,231.18,-3.67
0.4000000000000341,235.11,-6.05,235.56,-5.6,230.26,-1.88
0.39999999999997726,232.68,-6.36,233.09,-8.38,229.67,-1.22
0.39999999999997726,230.02,-7.11,228.85,-12.69,229.28,-0.44
0.4000000000000341,226.98,-7.69,222.94,-13.55,229.32,-0.28
0.39999999999997726,223.87,-7.9,218.01,-10.08,229.06,-1.07
0.4000000000000341,220.66,-8.02,214.87,-8.71,228.47,-1.64
0.39999999999997726,217.45,-8.25,211.04,-9.59,227.75,-1.89
0.39999999999997726,214.06,-8.23,207.19,-5.91,226.95,-2.72
0.4000000000000341,210.87,-7.84,206.31,-2.12,225.57,-3.14
0.39999999999997726,207.79,-8.42,205.5,-2.08,224.44,-2.85
0.4000000000000341,204.13,-8.89,204.65,-3.86,223.29,-2.28
0.39999999999997726,200.68,-5.17,202.42,-3.32,222.62,-1.86
0.39999999999997726,200,-0.85,202,-0.52,221.8,-1.93
0.4000000000000341,200,0,202,0,221.07,-1.42
0.39999999999997726,200,7.46,202,1.56,220.67,-1.03
0.4000000000000341,205.96,13.93,203.25,6.83,220.25,0.75
0.39999999999997726,211.15,14.9,207.47,5.78,221.26,3.48
0.39999999999997726,217.88,15.65,207.88,4.67,223.04,4.56
0.4000000000000341,223.66,12.47,211.2,7.09,224.91,5.21
0.39999999999997726,227.85,10.27,213.55,6.26,227.21,6.12
0.4000000000000341,231.88,8.35,216.22,9.16,229.8,5.08
0.39999999999997726,234.53,6.08,220.88,11.62,231.27,3.43
0.39999999999997726,236.75,4.91,225.51,10.99,232.55,2.87
0.4000000000000341,238.46,3.28,229.67,9.69,233.57,1.77
0.39999999999997726,239.37,1.8,233.26,7.59,233.97,0.43
0.4000000000000341,239.9,1.2,235.74,5.11,233.91,-0.43
0.39999999999997726,240.33,0.97,237.35,3.59,233.62,-0.64
0.39999999999997726,240.68,0.91,238.61,2.74,233.4,-0.24
0.4000000000000341,241.06,0.9,239.54,2.03,233.43,0.1
0.39999999999997726,241.4,0.88,240.24,1.37,233.48,0.28
0.4000000000000341,241.77,0.89,240.64,0.77,233.66,0.51
0.39999999999997726,242.11,0.7,240.85,0.45,233.88,0.46
0.39999999999997726,242.32,0.42,241,0.53,234.02,0.14
0.4000000000000341,242.45,0.36,241.28,0.74,233.99,-0.11
0.39999999999997726,242.61,0.24,241.59,0.9,233.94,-0.26
0.4000000000000341,242.64,-0.07,242,1.15,233.79,-0.42
0.39999999999997726,242.56,-0.15,242.51,2.25,233.6,-0.61
0.39999999999997726,242.52,-0.01,243.8,3.22,233.3,-0.62
0.4000000000000341,242.55,0.49,245.09,2.38,233.1,-0.14
0.39999999999997726,242.91,1.59,245.71,0.47,233.19,0.85
0.4000000000000341,243.82,2.22,245.46,-1.34,233.78,2.11
0.39999999999997726,244.68,2.46,244.63,-1.88,234.88,3.11
0.39999999999997726,245.79,2.84,243.96,-1.11,236.27,2.79
0.4000000000000341,246.95,2.6,243.75,-0,237.12,1.45
0.39999999999997726,247.87,1.31,243.96,0.72,237.43,0.07
0.4000000000000341,248,0.17,244.32,0.68,237.18,-0.27
0.39999999999997726,248,-3.27,244.5,-3.47,237.21,-2.46
0.39999999999997726,245.38,-8.34,241.54,-6.69,235.21,-5.02
0.4000000000000341,241.33,-9.84,239.15,-4.97,233.2,-5.04
0.39999999999997726,237.51,-7.78,237.57,-4.49,231.18,-3.67
0.4000000000000341,235.11,-6.05,235.56,-5.6,230.26,-1.88
0.39999999999997726,232.68,-6.36,233.09,-8.38,229.67,-1.22
0.39999999999997726,230.02,-7.11,228.85,-12.69,229.28,-0.44
0.4000000000000341,226.98,-7.69,222.94,-13.55,229.32,-0.28
0.39999999999997726,223.87,-7.9,218.01,-10.08,229.06,-1.07
0.4000000000000341,220.66,-8.02,214.87,-8.71,228.47,-1.64
0.39999999999997726,217.45,-8.25,211.04,-9.59,227.75,-1.89
0.39999999999997726,214.06,-8.23,207.19,-5.91,226.95,-2.72
0.4000000000000341,210.87,-7.84,206.31,-2.12,225.57,-3.14
0.39999999999997726,207.79,-8.42,205.5,-2.08,224.44,-2.85
0.4000000000000341,204.13,-8.89,204.65,-3.86,223.29,-2.28
0.39999999999997726,200.68,-5.17,202.42,-3.32,222.62,-1.86
0.39999999999997726,200,-0.85,202,-0.52,221.8,-1.93
0.4000000000000341,200,0,202,0,221.07,-1.42
0.39999999999997726,200,7.46,202,1.56,220.67,-1.03
0.4000000000000341,205.96,13.93,203.25,6.83,220.25,0.75
0.39999999999997726,211.15,14.9,207.47,5.78,221.26,3.48
0.39999999999997726,217.88,15.65,207.88,4.67,223.04,4.56
0.4000000000000341,223.66,12.47,211.2,7.09,224.91,5.21
0.39999999999997726,227.85,10.27,213.55,6.26,227.21,6.12
0.4000000000000341,231.88,8.35,216.22,9.16,229.8,5.08
0.39999999999997726,234.53,6.08,220.88,11.62,231.27,3.43
0.39999999999997726,236.75,4.91,225.51,10.99,232.55,2.87
0.4000000000000341,238.46,3.28,229.67,9.69,233.57,1.77
0.39999999999997726,239.37,1.8,233.26,7.59,233.97,0.43
0.4000000000000341,239.9,1.2,235.74,5.11,233.91,-0.43
0.39999999999997726,240.33,0.97,237.35,3.59,233.62,-0.64
0.39999999999997726,240.68,0.91,238.61,2.74,233.4,-0.24
0.4000000000000341,241.06,0.9,239.54,2.03,233.43,0.1
0.39999999999997726,241.4,0.88,240.24,1.37,233.48,0.28
0.4000000000000341,241.77,0.89,240.64,0.77,233.66,0.51
0.39999999999997726,242.11,0.7,240.85,0.45,233.88,0.46
0.39999999999997726,242.32,0.42,241,0.53,234.02,0.14
0.4000000000000341,242.45,0.36,241.28,0.74,233.99,-0.11
0.39999999999997726,242.61,0.24,241.59,0.9,233.94,-0.26
0.4000000000000341,242.64,-0.07,242,1.15,233.79,-0.42
0.39999999999997726,242.56,-0.15,242.51,2.25,233.6,-0.61
0.39999999999997726,242.52,-0.01,243.8,3.22,233.3,-0.62
0.4000000000000341,242.55,0.49,245.09,2.38,233.1,-0.14
0.39999999999997726,242.91,1.59,245.71,0.47,233.19,0.85
0.4000000000000341,243.82,2.22,245.46,-1.34,233.78,2.11
0.39999999999997726,244.68,2.46,244.63,-1.88,234.88,3.11
0.39999999999997726,245.79,2.84,243.96,-1.11,236.27,2.79
0.4000000000000341,246.95,2.6,243.75,-0,237.12,1.45
0.39999999999997726,247.87,1.31,243.96,0.72,237.43,0.07
0.4000000000000341,248,0.17,244.32,0.68,237.18,-0.27
0.39999999999997726,248,-3.27,244.5,-3.47,237.21,-2.46
0.39999999999997726,245.38,-8.34,241.54,-6.69,235.21,-5.02
0.4000000000000341,241.33,-9.84,239.15,-4.97,233.2,-5.04
0.39999999999997726,237.51,-7.78,237.57,-4.49,231.18,-3.67
0.4000000000000341,235.11,-6.05,235.56,-5.6,230.26,-1.88
0.39999999999997726,232.68,-6.36,233.09,-8.38,229.67,-1.22
0.39999999999997726,230.02,-7.11,228.85,-12.69,229.28,-0.44
0.4000000000000341,226.98,-7.69,222.94,-13.55,229.32,-0.28
0.39999999999997726,223.87,-7.9,218.01,-10.08,229.06,-1.07
0.4000000000000341,220.66,-8.02,214.87,-8.71,228.47,-1.64
0.39999999999997726,217.45,-8.25,211.04,-9.59,227.75,-1.89
0.39999999999997726,214.06,-8.23,207.19,-5.91,226.95,-2.72
0.4000000000000341,210.87,-7.84,206.31,-2.12,225.57,-3.14
0.39999999999997726,207.79,-8.42,205.5,-2.08,224.44,-2.85
0.4000000000000341,204.13,-8.89,204.65,-3.86,223.29,-2.28
0.39999999999997726,200.68,-5.17,202.42,-3.32,222.62,-1.86
0.39999999999997726,200,-0.85,202,-0.52,221.8,-1.93
0.4000000000000341,200,0,202,0,221.07,-1.42
0.39999999999997726,200,7.46,202,1.56,220.67,-1.03
0.4000000000000341,205.96,13.93,203.25,6.83,220.25,0.75
0.39999999999997726,211.15,14.9,207.47,5.78,221.26,3.48
0.39999999999997726,217.88,15.65,207.88,4.67,223.04,4.56
0.4000000000000341,223.66,12.47,211.2,7.09,224.91,5.21
0.39999999999997726,227.85,10.27,213.55,6.26,227.21,6.12
0.4000000000000341,231.88,8.35,216.22,9.16,229.8,5.08
0.39999999999997726,234.53,6.08,220.88,11.62,231.27,3.43
0.39999999999997726,236.75,4.91,225.51,10.99,232.55,2.87
0.4000000000000341,238.46,3.28,229.67,9.69,233.57,1.77
0.39999999999997726,239.37,1.8,233.26,7.59,233.97,0.43
0.4000000000000341,239.9,1.2,235.74,5.11,233.91,-0.43
0.39999999999997726,240.33,0.97,237.35,3.59,233.62,-0.64
0.39999999999997726,240.68,0.91,238.61,2.74,233.4,-0.24
0.4000000000000341,241.06,0.9,239.54,2.03,233.43,0.1
0.39999999999997726,241.4,0.88,240.24,1.37,233.48,0.28
0.4000000000000341,241.77,0.89,240.64,0.77,233.66,0.51
0.39999999999997726,242.11,0.7,240.85,0.45,233.88,0.46
0.39999999999997726,242.32,0.42,241,0.53,234.02,0.14
0.4000000000000341,242.45,0.36,241.28,0.74,233.99,-0.11
0.39999999999997726,242.61,0.24,241.59,0.9,233.94,-0.26
0.4000000000000341,242.64,-0.07,242,1.15,233.79,-0.42
0.39999999999997726,242.56,-0.15,242.51,2.25,233.6,-0.61
0.39999999999997726,242.52,-0.01,243.8,3.22,233.3,-0.62
0.4000000000000341,242.55,0.49,245.09,2.38,233.1,-0.14
0.39999999999997726,242.91,1.59,245.71,0.47,233.19,0.85
0.4000000000000341,243.82,2.22,245.46,-1.34,233.78,2.11
0.39999999999997726,244.68,2.46,244.63,-1.88,234.88,3.11
0.39999999999997726,245.79,2.84,243.96,-1.11,236.27,2.79
0.4000000000000341,246.95,2.6,243.75,-0,237.12,1.45
0.39999999999997726,247.87,1.31,243.96,0.72,237.43,0.07
0.4000000000000341,248,0.17,244.32,0.68,237.18,-0.27
0.39999999999997726,248,-3.27,244.5,-3.47,237.21,-2.46
0.39999999999997726,245.38,-8.34,241.54,-6.69,235.21,-5.02
0.4000000000000341,241.33,-9.84,239.15,-4.97,233.2,-5.04
0.39999999999997726,237.51,-7.78,237.57,-4.49,231.18,-3.67
0.4000000000000341,235.11,-6.05,235.56,-5.6,230.26,-1.88
0.39999999999997726,232.68,-6.36,233.09,-8.38,229.67,-1.22
0.39999999999997726,230.02,-7.11,228.85,-12.69,229.28,-0.44
0.4000000000000341,226.98,-7.69,222.94,-13.55,229.32,-0.28
0.39999999999997726,223.87,-7.9,218.01,-10.08,229.06,-1.07
0.4000000000000341,220.66,-8.02,214.87,-8.71,228.47,-1.64
0.39999999999997726,217.45,-8.25,211.04,-9.59,227.75,-1.89
0.39999999999997726,214.06,-8.23,207.19,-5.91,226.95,-2.72
0.4000000000000341,210.87,-7.84,206.31,-2.12,225.57,-3.14
0.39999999999997726,207.79,-8.42,205.5,-2.08,224.44,-2.85
0.4000000000000341,204.13,-8.89,204.65,-3.86,223.29,-2.28
0.39999999999997726,200.68,-5.17,202.42,-3.32,222.62,-1.86
0.39999999999997726,200,-0.85,202,-0.52,221.8,-1.93
0.4000000000000341,200,0,202,0,221.07,-1.42
0.39999999999997726,200,7.46,202,1.56,220.67,-1.03
0.4000000000000341,205.96,13.93,203.25,6.83,220.25,0.75
0.39999999999997726,211.15,14.9,207.47,5.78,221.26,3.48
0.39999999999997726,217.88,15.65,207.88,4.67,223.04,4.56
0.4000000000000341,223.66,12.47,211.2,7.09,224.91,5.21
0.39999999999997726,227.85,10.27,213.55,6.26,227.21,6.12
0.4000000000000341,231.88,8.35,216.22,9.16,229.8,5.08
0.39999999999997726,234.53,6.08,220.88,11.62,231.27,3.43
0.39999999999997726,236.75,4.91,225.51,10.99,232.55,2.87
0.4000000000000341,238.46,3.28,229.67,9.69,233.57,1.77
0.39999999999997726,239.37,1.8,233.26,7.59,233.97,0.43
0.4000000000000341,239.9,1.2,235.74,5.11,233.91,-0.43
0.39999999999997726,240.33,0.97,237.35,3.59,233.62,-0.64
0.39999999999997726,240.68,0.91,238.61,2.74,233.4,-0.24
0.4000000000000341,241.06,0.9,239.54,2.03,233.43,0.1
0.39999999999997726,241.4,0.88,240.24,1.37,233.48,0.28
0.4000000000000341,241.77,0.89,240.64,0.77,233.66,0.51
0.39999999999997726,242.11,0.7,240.85,0.45,233.88,0.46
0.39999999999997726,242.32,0.42,241,0.53,234.02,0.14
0.4000000000000341,242.45,0.36,241.28,0.74,233.99,-0.11
0.39999999999997726,242.61,0.24,241.59,0.9,233.94,-0.26
0.4000000000000341,242.64,-0.07,242,1.15,233.79,-0.42
0.39999999999997726,242.56,-0.15,242.51,2.25,233.6,-0.61
0.39999999999997726,242.52,-0.01,243.8,3.22,233.3,-0.62
0.4000000000000341,242.55,0.49,245.09,2.38,233.1,-0.14
0.39999999999997726,242.91,1.59,245.71,0.47,233.19,0.85
0.4000000000000341,243.82,2.22,245.46,-1.34,233.78,2.11
0.39999999999997726,244.68,2.46,244.63,-1.88,234.88,3.11
0.39999999999997726,245.79,2.84,243.96,-1.11,236.27,2.79
0.4000000000000341,246.95,2.6,243.75,-0,237.12,1.45
0.39999999999997726,247.87,1.31,243.96,0.72,237.43,0.07
0.4000000000000341,248,0.17,244.32,0.68,237.18,-0.27
0.39999999999997726,248,-3.27,244.5,-3.47,237.21,-2.46
0.39999999999997726,245.38,-8.34,241.54,-6.69,235.21,-5.02
0.4000000000000341,241.33,-9.84,239.15,-4.97,233.2,-5.04
0.39999999999997726,237.51,-7.78,237.57,-4.49,231.18,-3.67
0.4000000000000341,235.11,-6.05,235.56,-5.6,230.26,-1.88
0.39999999999997726,232.68,-6.36,233.09,-8.38,229.67,-1.22
0.39999999999997726,230.02,-7.11,228.85,-12.69,229.28,-0.44
0.4000000000000341,226.98,-7.69,222.94,-13.55,229.32,-0.28
0.39999999999997726,223.87,-7.9,218.01,-10.08,229.06,-1.07
0.4000000000000341,220.66,-8.02,214.87,-8.71,228.47,-1.64
0.39999999999997726,217.45,-8.25,211.04,-9.59,227.75,-1.89
0.39999999999997726,214.06,-8.23,207.19,-5.91,226.95,-2.72
0.4000000000000341,210.87,-7.84,206.31,-2.12,225.57,-3.14
0.39999999999997726,207.79,-8.42,205.5,-2.08,224.44,-2.85
0.4000000000000341,204.13,-8.89,204.65,-3.86,223.29,-2.28
0.39999999999997726,200.68,-5.17,202.42,-3.32,222.62,-1.86
0.39999999999997726,200,-0.85,202,-0.52,221.8,-1.93
0.4000000000000341,200,0,202,0,221.07,-1.42
0.39999999999997726,200,7.46,202,1.56,220.67,-1.03
0.4000000000000341,205.96,13.93,203.25,6.83,220.25,0.75
0.39999999999997726,211.15,14.9,207.47,5.78,221.26,3.48
0.39999999999997726,217.88,15.65,207.88,4.67,223.04,4.56
0.4000000000000341,223.66,12.47,211.2,7.09,224.91,5.21
0.39999999999997726,227.85,10.27,213.55,6.26,227.21,6.12
0.4000000000000341,231.88,8.35,216.22,9.16,229.8,5.08
0.39999999999997726,234.53,6.08,220.88,11.62,231.27,3.43
0.39999999999997726,236.75,4.91,225.51,10.99,232.55,2.87
0.4000000000000341,238.46,3.28,229.67,9.69,233.57,1.77
0.39999999999997726,239.37,1.8,233.26,7.59,233.97,0.43
0.4000000000000341,239.9,1.2,235.74,5.11,233.91,-0.43
0.39999999999997726,240.33,0.97,237.35,3.59,233.62,-0.64
0.39999999999997726,240.68,0.91,238.61,2.74,233.4,-0.24
0.4000000000000341,241.06,0.9,239.54,2.03,233.43,0.1
0.39999999999997726,241.4,0.88,240.24,1.37,233.48,0.28
0.4000000000000341,241.77,0.89,240.64,0.77,233.66,0.51
0.39999999999997726,242.11,0.7,240.85,0.45,233.88,0.46
0.39999999999997726,242.32,0.42,241,0.53,234.02,0.14
0.4000000000000341,242.45,0.36,241.28,0.74,233.99,-0.11
0.39999999999997726,242.61,0.24,241.59,0.9,233.94,-0.26
0.4000000000000341,242.64,-0.07,242,1.15,233.79,-0.42
0.39999999999997726,242.56,-0.15,242.51,2.25,233.6,-0.61
0.39999999999997726,242.52,-0.01,243.8,3.22,233.3,-0.62
0.4000000000000341,242.55,0.49,245.09,2.38,233.1,-0.14
0.39999999999997726,242.91,1.59,245.71,0.47,233.19,0.85
0.4000000000000341,243.82,2.22,245.46,-1.34,233.78,2.11
0.39999999999997726,244.68,2.46,244.63,-1.88,234.88,3.11
0.39999999999997726,245.79,2.84,243.96,-1.11,236.27,2.79
0.4000000000000341,246.95,2.6,243.75,-0,237.12,1.45
0.39999999999997726,247.87,1.31,243.96,0.72,237.43,0.07
0.4000000000000341,248,0.17,244.32,0.68,237.18,-0.27
0.39999999999997726,248,-3.27,244.5,-3.47,237.21,-2.46
0.39999999999997726,245.38,-8.34,241.54,-6.69,235.21,-5.02
0.4000000000000341,241.33,-9.84,239.15,-4.97,233.2,-5.04
0.39999999999997726,237.51,-7.78,237.57,-4.49,231.18,-3.67
0.4000000000000341,235.11,-6.05,235.56,-5.6,230.26,-1.88
0.39999999999997726,232.68,-6.36,233.09,-8.38,229.67,-1.22
0.39999999999997726,230.02,-7.11,228.85,-12.69,229.28,-0.44
0.4000000000000341,226.98,-7.69,222.94,-13.55,229.32,-0.28
0.39999999999997726,223.87,-7.9,218.01,-10.08,229.06,-1.07
0.4000000000000341,220.66,-8.02,214.87,-8.71,228.47,-1.64
0.39999999999997726,217.45,-8.25,211.04,-9.59,227.75,-1.89
0.39999999999997726,214.06,-8.23,207.19,-5.91,226.95,-2.72
0.4000000000000341,210.87,-7.84,206.31,-2.12,225.57,-3.14
0.39999999999997726,207.79,-8.42,205.5,-2.08,224.44,-2.85
0.4000000000000341,204.13,-8.89,204.65,-3.86,223.29,-2.28
0.39999999999997726,200.68,-5.17,202.42,-3.32,222.62,-1.86
0.39999999999997726,200,-0.85,202,-0.52,221.8,-1.93
0.4000000000000341,200,0,202,0,221.07,-1.42
0.39999999999997726,200,7.46,202,1.56,220.67,-1.03
0.4000000000000341,205.96,13.93,203.25,6.83,220.25,0.75
0.39999999999997726,211.15,14.9,207.47,5.78,221.26,3.48
0.39999999999997726,217.88,15.65,207.88,4.67,223.04,4.56
0.4000000000000341,223.66,12.47,211.2,7.09,224.91,5.21
0.39999999999997726,227.85,10.27,213.55,6.26,227.21,6.12
0.4000000000000341,231.88,8.35,216.22,9.16,229.8,5.08
0.39999999999997726,234.53,6.08,220.88,11.62,231.27,3.43
0.39999999999997726,236.75,4.91,225.51,10.99,232.55,2.87
0.4000000000000341,238.46,3.28,229.67,9.69,233.57,1.77
0.39999999999997726,239.37,1.8,233.26,7.59,233.97,0.43
0.4000000000000341,239.9,1.2,235.74,5.11,233.91,-0.43
0.39999999999997726,240.33,0.97,237.35,3.59,233.62,-0.64
0.39999999999997726,240.68,0.91,238.61,2.74,233.4,-0.24
0.4000000000000341,241.06,0.9,239.54,2.03,233.43,0.1
0.39999999999997726,241.4,0.88,240.24,1.37,233.48,0.28
0.4000000000000341,241.77,0.89,240.64,0.77,233.66,0.51
0.39999999999997726,242.11,0.7,240.85,0.45,233.88,0.46
0.39999999999997726,242.32,0.42,241,0.53,234.02,0.14
0.4000000000000341,242.45,0.36,241.28,0.74,233.99,-0.11
0.39999999999997726,242.61,0.24,241.59,0.9,233.94,-0.26
0.4000000000000341,242.64,-0.07,242,1.15,233.79,-0.42
0.39999999999997726,242.56,-0.15,242.51,2.25,233.6,-0.61
0.39999999999997726,242.52,-0.01,243.8,3.22,233.3,-0.62
0.4000000000000341,242.55,0.49,245.09,2.38,233.1,-0.14
0.39999999999997726,242.91,1.59,245.71,0.47,233.19,0.85
0.4000000000000341,243.82,2.22,245.46,-1.34,233.78,2.11
0.39999999999997726,244.68,2.46,244.63,-1.88,234.88,3.11
0.39999999999997726,245.79,2.84,243.96,-1.11,236.27,2.79
0.4000000000000341,246.95,2.6,243.75,-0,237.12,1.45
0.39999999999997726,247.87,1.31,243.96,0.72,237.43,0.07
0.4000000000000341,248,0.17,244.32,0.68,237.18,-0.27
0.39999999999997726,248,-3.27,244.5,-3.47,237.21,-2.46
0.39999999999997726,245.38,-8.34,241.54,-6.69,235.21,-5.02
0.4000000000000341,241.33,-9.84,239.15,-4.97,233.2,-5.04
0.39999999999997726,237.51,-7.78,237.57,-4.49,231.18,-3.67
0.4000000000000341,235.11,-6.05,235.56,-5.6,230.26,-1.88
0.39999999999997726,232.68,-6.36,233.09,-8.38,229.67,-1.22
0.39999999999997726,230.02,-7.11,228.85,-12.69,229.28,-0.44
0.4000000000000341,226.98,-7.69,222.94,-13.55,229.32,-0.28
0.39999999999997726,223.87,-7.9,218.01,-10.08,229.06,-1.07
0.4000000000000341,220.66,-8.02,214.87,-8.71,228.47,-1.64
0.39999999999997726,217.45,-8.25,211.04,-9.59,227.75,-1.89
0.39999999999997726,214.06,-8.23,207.19,-5.91,226.95,-2.72
0.4000000000000341,210.87,-7.84,206.31,-2.12,225.57,-3.14
0.39999999999997726,207.79,-8.42,205.5,-2.08,224.44,-2.85
0.4000000000000341,204.13,-8.89,204.65,-3.86,223.29,-2.28
0.39999999999997726,200.68,-5.17,202.42,-3.32,222.62,-1.86
0.39999999999997726,200,-0.85,202,-0.52,221.8,-1.93
0.4000000000000341,200,0,202,0,221.07,-1.42
0.39999999999997726,200,7.46,202,1.56,220.67,-1.03
0.4000000000000341,205.96,13.93,203.25,6.83,220.25,0.75
0.39999999999997726,211.15,14.9,207.47,5.78,221.26,3.48
0.39999999999997726,217.88,15.65,207.88,4.67,223.04,4.56
0.4000000000000341,223.66,12.47,211.2,7.09,224.91,5.21
0.39999999999997726,227.85,10.27,213.55,6.26,227.21,6.12
0.4000000000000341,231.88,8.35,216.22,9.16,229.8,5.08
0.39999999999997726,234.53,6.08,220.88,11.62,231.27,3.43
0.39999999999997726,236.75,4.91,225.51,10.99,232.55,2.87
0.4000000000000341,238.46,3.28,229.67,9.69,233.57,1.77
0.39999999999997726,239.37,1.8,233.26,7.59,233.97,0.43
0.4000000000000341,239.9,1.2,235.74,5.11,233.91,-0.43
0.39999999999997726,240.33,0.97,237.35,3.59,233.62,-0.64
0.39999999999997726,240.68,0.91,238.61,2.74,233.4,-0.24
0.4000000000000341,241.06,0.9,239.54,2.03,233.43,0.1
0.39999999999997726,241.4,0.88,240.24,1.37,233.48,0.28
0.4000000000000341,241.77,0.89,240.64,0.77,233.66,0.51
0.39999999999997726,242.11,0.7,240.85,0.45,233.88,0.46
0.39999999999997726,242.32,0.42,241,0.53,234.02,0.14
0.4000000000000341,242.45,0.36,241.28,0.74,233.99,-0.11
0.39999999999997726,242.61,0.24,241.59,0.9,233.94,-0.26
0.4000000000000341,242.64,-0.07,242,1.15,233.79,-0.42
0.39999999999997726,242.56,-0.15,242.51,2.25,233.6,-0.61
0.39999999999997726,242.52,-0.01,243.8,3.22,233.3,-0.62
0.4000000000000341,242.55,0.49,245.09,2.38,233.1,-0.14
0.39999999999997726,242.91,1.59,245.71,0.47,233.19,0.85
0.4000000000000341,243.82,2.22,245.46,-1.34,233.78,2.11
0.39999999999997726,244.68,2.46,244.63,-1.88,234.88,3.11
0.39999999999997726,245.79,2.84,243.96,-1.11,236.27,2.79
0.4000000000000341,246.95,2.6,243.75,-0,237.12,1.45
0.39999999999997726,247.87,1.31,243.96,0.72,237.43,0.07
0.4000000000000341,248,0.17,244.32,0.68,237.18,-0.27
0.39999999999997726,248,-3.27,244.5,-3.47,237.21,-2.46
0.39999999999997726,245.38,-8.34,241.54,-6.69,235.21,-5.02
0.4000000000000341,241.33,-9.84,239.15,-4.97,233.2,-5.04
0.39999999999997726,237.51,-7.78,237.57,-4.49,231.18,-3.67
0.4000000000000341,235.11,-6.05,235.56,-5.6,230.26,-1.88
0.39999999999997726,232.68,-6.36,233.09,-8.38,229.67,-1.22
0.39999999999997726,230.02,-7.11,228.85,-12.69,229.28,-0.44
0.4000000000000341,226.98,-7.69,222.94,-13.55,229.32,-0.28
0.39999999999997726,223.87,-7.9,218.01,-10.08,229.06,-1.07
0.4000000000000341,220.66,-8.02,214.87,-8.71,228.47,-1.64
0.39999999999997726,217.45,-8.25,211.04,-9.59,227.75,-1.89
0.39999999999997726,214.06,-8.23,207.19,-5.91,226.95,-2.72
0.4000000000000341,210.87,-7.84,206.31,-2.12,225.57,-3.14
0.39999999999997726,207.79,-8.42,205.5,-2.08,224.44,-2.85
0.4000000000000341,204.13,-8.89,204.65,-3.86,223.29,-2.28
0.39999999999997726,200.68,-5.17,202.42,-3.32,222.62,-1.86
0.39999999999997726,200,-0.85,202,-0.52,221.8,-1.93
0.4000000000000341,200,0,202,0,221.07,-1.42
0.39999999999997726,200,7.46,202,1.56,220.67,-1.03
0.4000000000000341,205.96,13.93,203.25,6.83,220.25,0.75
0.39999999999997726,211.15,14.9,207.47,5.78,221.26,3.48
0.39999999999997726,217.88,15.65,207.88,4.67,223.04,4.56
0.4000000000000341,223.66,12.47,211.2,7.09,224.91,5.21
0.39999999999997726,227.85,10.27,213.55,6.26,227.21,6.12
0.4000000000000341,231.88,8.35,216.22,9.16,229.8,5.08
0.39999999999997726,234.53,6.08,220.88,11.62,231.27,3.43
0.39999999999997726,236.75,4.91,225.51,10.99,232.55,2.87
0.4000000000000341,238.46,3.28,229.67,9.69,233.57,1.77
0.39999999999997726,239.37,1.8,233.26,7.59,233.97,0.43
0.4000000000000341,239.9,1.2,235.74,5.11,233.91,-0.43
0.39999999999997726,240.33,0.97,237.35,3.59,233.62,-0.64
0.39999999999997726,240.68,0.91,238.61,2.74,233.4,-0.24
0.4000000000000341,241.06,0.9,239.54,2.03,233.43,0.1
0.39999999999997726,241.4,0.88,240.24,1.37,233.48,0.28
0.4000000000000341,241.77,0.89,240.64,0.77,233.66,0.51
0.39999999999997726,242.11,0.7,240.85,0.45,233.88,0.46
0.39999999999997726,242.32,0.42,241,0.53,234.02,0.14
0.4000000000000341,242.45,0.36,241.28,0.74,233.99,-0.11
0.39999999999997726,242.61,0.24,241.59,0.9,233.94,-0.26
0.4000000000000341,242.64,-0.07,242,1.15,233.79,-0.42
0.39999999999997726,242.56,-0.15,242.51,2.25,233.6,-0.61
0.39999999999997726,242.52,-0.01,243.8,3.22,233.3,-0.62
0.4000000000000341,242.55,0.49,245.09,2.38,233.1,-0.14
0.39999999999997726,242.91,1.59,245.71,0.47,233.19,0.85
0.4000000000000341,243.82,2.22,245.46,-1.34,233.78,2.11
0.39999999999997726,244.68,2.46,244.63,-1.88,234.88,3.11
0.39999999999997726,245.79,2.84,243.96,-1.11,236.27,2.79
0.4000000000000341,246.95,2.6,243.75,-0,237.12,1.45
0.39999999999997726,247.87,1.31,243.96,0.72,237.43,0.07
0.4000000000000341,248,0.17,244.32,0.45,237.18,-0.31
0.39999999999997726,248,-0.06,244.32,-0.05,237.18,-0.05
0.39999999999997726,247.95,-0.25,244.28,-0.22,237.14,-0.19
0.4000000000000341,247.8,-0.49,244.15,-0.43,237.02,-0.38
0.39999999999997726,247.56,-0.73,243.93,-0.65,236.83,-0.57
0.4000000000000341,247.22,-0.98,243.63,-0.86,236.57,-0.76
0.39999999999997726,246.78,-1.21,243.24,-1.07,236.23,-0.94
0.39999999999997726,246.25,-1.44,242.78,-1.27,235.82,-1.12
0.4000000000000341,245.62,-1.67,242.23,-1.47,235.33,-1.29
0.39999999999997726,244.91,-1.89,241.6,-1.66,234.78,-1.46
0.4000000000000341,244.11,-2.1,240.9,-1.85,234.17,-1.62
0.39999999999997726,243.23,-2.3,240.12,-2.03,233.48,-1.78
0.39999999999997726,242.27,-2.49,239.27,-2.2,232.74,-1.93
0.4000000000000341,241.24,-2.67,238.36,-2.36,231.94,-2.07
0.39999999999997726,240.14,-2.85,237.39,-2.51,231.08,-2.2
0.4000000000000341,238.96,-3.01,236.36,-2.65,230.18,-2.33
0.39999999999997726,237.73,-3.15,235.27,-2.78,229.22,-2.44
0.39999999999997726,236.44,-3.29,234.13,-2.9,228.22,-2.55
0.4000000000000341,235.1,-3.41,232.95,-3.01,227.19,-2.64
0.39999999999997726,233.71,-3.52,231.73,-3.1,226.11,-2.72
0.4000000000000341,232.29,-3.61,230.47,-3.18,225.01,-2.79
0.39999999999997726,230.83,-3.69,229.18,-3.25,223.88,-2.85
0.39999999999997726,229.34,-3.75,227.87,-3.3,222.72,-2.9
0.4000000000000341,227.83,-3.79,226.54,-3.35,221.55,-2.94
0.39999999999997726,226.3,-3.83,225.19,-3.37,220.37,-2.96
0.4000000000000341,224.77,-3.84,223.84,-3.39,219.18,-2.98
0.39999999999997726,223.23,-3.84,222.48,-3.39,217.99,-2.98
0.39999999999997726,221.7,-3.83,221.13,-3.37,216.8,-2.96
0.4000000000000341,220.17,-3.79,219.78,-3.35,215.62,-2.94
0.39999999999997726,218.66,-3.75,218.45,-3.3,214.45,-2.9
0.4000000000000341,217.17,-3.69,217.14,-3.25,213.3,-2.85
0.39999999999997726,215.71,-3.61,215.85,-3.18,212.17,-2.79
0.39999999999997726,214.29,-3.52,214.6,-3.1,211.06,-2.72
0.4000000000000341,212.9,-3.41,213.37,-3.01,209.99,-2.64
0.39999999999997726,211.56,-3.29,212.19,-2.9,208.95,-2.55
0.4000000000000341,210.27,-3.15,211.05,-2.78,207.95,-2.44
0.39999999999997726,209.04,-3.01,209.97,-2.65,207,-2.33
0.39999999999997726,207.86,-2.85,208.93,-2.51,206.09,-2.2
0.4000000000000341,206.76,-2.67,207.96,-2.36,205.24,-2.07
0.39999999999997726,205.73,-2.49,207.05,-2.2,204.43,-1.93
0.4000000000000341,204.77,-2.3,206.2,-2.03,203.69,-1.78
0.39999999999997726,203.89,-2.1,205.43,-1.85,203.01,-1.62
0.39999999999997726,203.09,-1.89,204.72,-1.66,202.39,-1.46
0.4000000000000341,202.38,-1.67,204.1,-1.47,201.84,-1.29
0.39999999999997726,201.75,-1.44,203.55,-1.27,201.36,-1.12
0.4000000000000341,201.22,-1.21,203.08,-1.07,200.95,-0.94
0.39999999999997726,200.78,-0.98,202.69,-0.86,200.61,-0.76
0.39999999999997726,200.44,-0.73,202.39,-0.65,200.34,-0.57
0.4000000000000341,200.2,-0.49,202.17,-0.43,200.15,-0.38
0.39999999999997726,200.05,-0.25,202.04,-0.22,200.04,-0.19
0.4000000000000341,200,0,202,0,200,0
