Time (s),Position U1 (mm),Velocity U1 (mm/s),Position U2 (mm),Velocity U2 (mm/s),Position U3 (mm),Velocity U3 (mm/s)
0.00,200.00,0.11,202.00,0.11,200.00,0.09
0.40,200.05,0.23,202.04,0.22,200.04,0.18
0.80,200.18,0.46,202.17,0.43,200.14,0.35
1.20,200.41,0.69,202.39,0.65,200.32,0.53
1.60,200.73,0.91,202.69,0.86,200.57,0.70
2.00,201.14,1.13,203.08,1.07,200.88,0.87
2.40,201.64,1.35,203.55,1.27,201.26,1.04
2.80,202.22,1.56,204.10,1.47,201.71,1.20
3.20,202.88,1.76,204.72,1.66,202.22,1.36
3.60,203.62,1.96,205.43,1.85,202.80,1.51
4.00,204.44,2.14,206.20,2.03,203.43,1.66
4.40,205.34,2.32,207.05,2.20,204.12,1.79
4.80,206.30,2.49,207.96,2.36,204.87,1.93
5.20,207.33,2.65,208.94,2.51,205.66,2.05
5.60,208.43,2.80,209.97,2.65,206.51,2.16
6.00,209.58,2.94,211.06,2.78,207.40,2.27
6.40,210.78,3.07,212.19,2.90,208.33,2.37
6.80,212.03,3.18,213.37,3.01,209.29,2.45
7.20,213.32,3.28,214.60,3.10,210.29,2.53
7.60,214.65,3.36,215.85,3.18,211.32,2.60
8.00,216.01,3.44,217.14,3.25,212.37,2.65
8.40,217.40,3.49,218.45,3.30,213.44,2.70
8.80,218.81,3.54,219.79,3.35,214.53,2.73
9.20,220.23,3.57,221.13,3.37,215.63,2.76
9.60,221.66,3.58,222.49,3.39,216.73,2.77
10.00,223.10,3.58,223.84,3.39,217.84,2.77
10.40,224.53,3.57,225.20,3.37,218.95,2.76
10.80,225.95,3.54,226.54,3.35,220.05,2.73
11.20,227.36,3.49,227.87,3.30,221.13,2.70
11.60,228.75,3.44,229.19,3.25,222.21,2.65
12.00,230.11,3.36,230.47,3.18,223.26,2.60
12.40,231.44,3.28,231.73,3.10,224.28,2.53
12.80,232.73,3.18,232.95,3.01,225.28,2.45
13.20,233.98,3.07,234.13,2.90,226.25,2.37
13.60,235.18,2.94,235.27,2.78,227.18,2.27
14.00,236.33,2.80,236.36,2.65,228.06,2.16
14.40,237.42,2.65,237.39,2.51,228.91,2.05
14.80,238.45,2.49,238.37,2.36,229.70,1.93
15.20,239.42,2.32,239.28,2.20,230.45,1.79
15.60,240.31,2.14,240.12,2.03,231.14,1.66
16.00,241.13,1.96,240.90,1.85,231.77,1.51
16.40,241.88,1.76,241.60,1.66,232.35,1.36
16.80,242.54,1.56,242.23,1.47,232.86,1.20
17.20,243.12,1.35,242.78,1.27,233.31,1.04
17.60,243.62,1.13,243.25,1.07,233.69,0.87
18.00,244.03,0.91,243.64,0.86,234.01,0.70
18.40,244.35,0.69,243.94,0.65,234.25,0.53
18.80,244.57,0.46,244.15,0.43,234.43,0.35
19.20,244.71,0.23,244.28,0.22,234.54,0.18
19.60,244.76,0.06,244.33,0.05,234.57,0.04
20.00,244.76,0.28,244.33,0.28,234.57,-0.41
20.40,244.99,-0.45,244.55,-0.29,234.25,-1.27
20.80,244.40,-2.95,244.10,-2.35,233.55,-2.41
21.20,242.63,-5.68,242.67,-4.55,232.32,-3.66
21.60,239.85,-7.57,240.46,-6.10,230.63,-4.49
22.00,236.57,-8.31,237.79,-7.01,228.73,-4.76
22.40,233.21,-8.34,234.85,-7.80,226.82,-4.66
22.80,229.90,-8.22,231.56,-8.70,225.00,-4.39
23.20,226.63,-8.14,227.89,-9.40,223.31,-4.00
23.60,223.39,-8.03,224.04,-9.36,221.80,-3.48
24.00,220.21,-7.89,220.40,-8.30,220.52,-2.95
24.40,217.08,-7.94,217.40,-6.34,219.44,-2.60
24.80,213.85,-8.52,215.33,-4.06,218.45,-2.49
25.20,210.26,-9.67,214.15,-2.60,217.45,-2.51
25.60,206.11,-10.84,213.25,-3.24,216.44,-2.49
26.00,201.58,-7.64,211.55,-6.36,215.46,-2.30
26.40,200.00,-1.98,208.16,-10.41,214.59,-1.99
26.80,200.00,0.00,203.22,-7.70,213.87,-1.64
27.20,200.00,0.00,202.00,-1.53,213.29,-1.20
27.60,200.00,1.61,202.00,0.00,212.90,-0.50
28.00,201.29,8.95,202.00,0.00,212.89,0.75
28.40,207.16,14.83,202.00,1.90,213.50,2.59
28.80,213.16,14.14,203.52,7.09,214.96,4.65
29.20,218.47,12.03,207.67,10.09,217.23,6.29
29.60,222.78,9.65,211.59,10.17,219.99,6.95
30.00,226.19,7.78,215.81,11.37,222.79,6.59
30.40,229.01,6.58,220.69,12.61,225.26,5.52
30.80,231.45,5.69,225.90,12.46,227.20,4.13
31.20,233.56,4.71,230.66,10.47,228.56,2.71
31.60,235.22,3.53,234.28,7.43,229.37,1.49
32.00,236.38,2.35,236.60,4.58,229.75,0.62
32.40,237.10,1.45,237.94,2.68,229.87,0.20
32.80,237.54,0.99,238.75,1.80,229.91,0.20
33.20,237.89,0.92,239.39,1.64,230.03,0.45
33.60,238.28,1.05,240.06,1.81,230.27,0.68
34.00,238.73,1.13,240.84,1.95,230.57,0.73
34.40,239.18,1.02,241.63,1.77,230.85,0.55
34.80,239.55,0.77,242.25,1.24,231.01,0.22
35.20,239.80,0.54,242.62,0.79,231.03,-0.12
35.60,239.97,0.45,242.89,1.06,230.92,-0.36
36.00,240.16,0.56,243.46,2.12,230.74,-0.39
36.40,240.42,0.78,244.58,3.16,230.61,-0.12
36.80,240.78,1.00,245.99,3.09,230.65,0.45
37.20,241.23,1.24,247.05,1.72,230.97,1.18
37.60,241.78,1.55,247.36,-0.08,231.59,1.80
38.00,242.47,1.84,246.99,-1.29,232.41,2.04
38.40,243.25,1.89,246.33,-1.52,233.22,1.83
38.80,243.98,1.64,245.77,-1.07,233.87,1.34
39.20,244.56,1.26,245.48,-0.47,234.29,0.85
39.60,245.00,0.25,245.39,-1.43,234.55,0.35
40.00,244.76,-0.01,244.33,-1.05,234.57,-0.38
40.40,244.99,-0.45,244.55,-0.29,234.25,-1.27
40.80,244.40,-2.95,244.10,-2.35,233.55,-2.41
41.20,242.63,-5.68,242.67,-4.55,232.32,-3.66
41.60,239.85,-7.57,240.46,-6.10,230.63,-4.49
42.00,236.57,-8.31,237.79,-7.01,228.73,-4.76
42.40,233.21,-8.34,234.85,-7.80,226.82,-4.66
42.80,229.90,-8.22,231.56,-8.70,225.00,-4.39
43.20,226.63,-8.14,227.89,-9.40,223.31,-4.00
43.60,223.39,-8.03,224.04,-9.36,221.80,-3.48
44.00,220.21,-7.89,220.40,-8.30,220.52,-2.95
44.40,217.08,-7.94,217.40,-6.34,219.44,-2.60
44.80,213.85,-8.52,215.33,-4.06,218.45,-2.49
45.20,210.26,-9.67,214.15,-2.60,217.45,-2.51
45.60,206.11,-10.84,213.25,-3.24,216.44,-2.49
46.00,201.58,-7.64,211.55,-6.36,215.46,-2.30
46.40,200.00,-1.98,208.16,-10.41,214.59,-1.99
46.80,200.00,0.00,203.22,-7.70,213.87,-1.64
47.20,200.00,0.00,202.00,-1.53,213.29,-1.20
47.60,200.00,1.61,202.00,0.00,212.90,-0.50
48.00,201.29,8.95,202.00,0.00,212.89,0.75
48.40,207.16,14.83,202.00,1.90,213.50,2.59
48.80,213.16,14.14,203.52,7.09,214.96,4.65
49.20,218.47,12.03,207.67,10.09,217.23,6.29
49.60,222.78,9.65,211.59,10.17,219.99,6.95
50.00,226.19,7.78,215.81,11.37,222.79,6.59
50.40,229.01,6.58,220.69,12.61,225.26,5.52
50.80,231.45,5.69,225.90,12.46,227.20,4.13
51.20,233.56,4.71,230.66,10.47,228.56,2.71
51.60,235.22,3.53,234.28,7.43,229.37,1.49
52.00,236.38,2.35,236.60,4.58,229.75,0.62
52.40,237.10,1.45,237.94,2.68,229.87,0.20
52.80,237.54,0.99,238.75,1.80,229.91,0.20
53.20,237.89,0.92,239.39,1.64,230.03,0.45
53.60,238.28,1.05,240.06,1.81,230.27,0.68
54.00,238.73,1.13,240.84,1.95,230.57,0.73
54.40,239.18,1.02,241.63,1.77,230.85,0.55
54.80,239.55,0.77,242.25,1.24,231.01,0.22
55.20,239.80,0.54,242.62,0.79,231.03,-0.12
55.60,239.97,0.45,242.89,1.06,230.92,-0.36
56.00,240.16,0.56,243.46,2.12,230.74,-0.39
56.40,240.42,0.78,244.58,3.16,230.61,-0.12
56.80,240.78,1.00,245.99,3.09,230.65,0.45
57.20,241.23,1.24,247.05,1.72,230.97,1.18
57.60,241.78,1.55,247.36,-0.08,231.59,1.80
58.00,242.47,1.84,246.99,-1.29,232.41,2.04
58.40,243.25,1.89,246.33,-1.52,233.22,1.83
58.80,243.98,1.64,245.77,-1.07,233.87,1.34
59.20,244.56,1.26,245.48,-0.47,234.29,0.85
59.60,245.00,0.25,245.39,-1.43,234.55,0.35
60.00,244.76,-0.01,244.33,-1.05,234.57,-0.38
60.40,244.99,-0.45,244.55,-0.29,234.25,-1.27
60.80,244.40,-2.95,244.10,-2.35,233.55,-2.41
61.20,242.63,-5.68,242.67,-4.55,232.32,-3.66
61.60,239.85,-7.57,240.46,-6.10,230.63,-4.49
62.00,236.57,-8.31,237.79,-7.01,228.73,-4.76
62.40,233.21,-8.34,234.85,-7.80,226.82,-4.66
62.80,229.90,-8.22,231.56,-8.70,225.00,-4.39
63.20,226.63,-8.14,227.89,-9.40,223.31,-4.00
63.60,223.39,-8.03,224.04,-9.36,221.80,-3.48
64.00,220.21,-7.89,220.40,-8.30,220.52,-2.95
64.40,217.08,-7.94,217.40,-6.34,219.44,-2.60
64.80,213.85,-8.52,215.33,-4.06,218.45,-2.49
65.20,210.26,-9.67,214.15,-2.60,217.45,-2.51
65.60,206.11,-10.84,213.25,-3.24,216.44,-2.49
66.00,201.58,-7.64,211.55,-6.36,215.46,-2.30
66.40,200.00,-1.98,208.16,-10.41,214.59,-1.99
66.80,200.00,0.00,203.22,-7.70,213.87,-1.64
67.20,200.00,0.00,202.00,-1.53,213.29,-1.20
67.60,200.00,1.61,202.00,0.00,212.90,-0.50
68.00,201.29,8.95,202.00,0.00,212.89,0.75
68.40,207.16,14.83,202.00,1.90,213.50,2.59
68.80,213.16,14.14,203.52,7.09,214.96,4.65
69.20,218.47,12.03,207.67,10.09,217.23,6.29
69.60,222.78,9.65,211.59,10.17,219.99,6.95
70.00,226.19,7.78,215.81,11.37,222.79,6.59
70.40,229.01,6.58,220.69,12.61,225.26,5.52
70.80,231.45,5.69,225.90,12.46,227.20,4.13
71.20,233.56,4.71,230.66,10.47,228.56,2.71
71.60,235.22,3.53,234.28,7.43,229.37,1.49
72.00,236.38,2.35,236.60,4.58,229.75,0.62
72.40,237.10,1.45,237.94,2.68,229.87,0.20
72.80,237.54,0.99,238.75,1.80,229.91,0.20
73.20,237.89,0.92,239.39,1.64,230.03,0.45
73.60,238.28,1.05,240.06,1.81,230.27,0.68
74.00,238.73,1.13,240.84,1.95,230.57,0.73
74.40,239.18,1.02,241.63,1.77,230.85,0.55
74.80,239.55,0.77,242.25,1.24,231.01,0.22
75.20,239.80,0.54,242.62,0.79,231.03,-0.12
75.60,239.97,0.45,242.89,1.06,230.92,-0.36
76.00,240.16,0.56,243.46,2.12,230.74,-0.39
76.40,240.42,0.78,244.58,3.16,230.61,-0.12
76.80,240.78,1.00,245.99,3.09,230.65,0.45
77.20,241.23,1.24,247.05,1.72,230.97,1.18
77.60,241.78,1.55,247.36,-0.08,231.59,1.80
78.00,242.47,1.84,246.99,-1.29,232.41,2.04
78.40,243.25,1.89,246.33,-1.52,233.22,1.83
78.80,243.98,1.64,245.77,-1.07,233.87,1.34
79.20,244.56,1.26,245.48,-0.47,234.29,0.85
79.60,245.00,0.25,245.39,-1.43,234.55,0.35
80.00,244.76,-0.01,244.33,-1.05,234.57,-0.38
80.40,244.99,-0.45,244.55,-0.29,234.25,-1.27
80.80,244.40,-2.95,244.10,-2.35,233.55,-2.41
81.20,242.63,-5.68,242.67,-4.55,232.32,-3.66
81.60,239.85,-7.57,240.46,-6.10,230.63,-4.49
82.00,236.57,-8.31,237.79,-7.01,228.73,-4.76
82.40,233.21,-8.34,234.85,-7.80,226.82,-4.66
82.80,229.90,-8.22,231.56,-8.70,225.00,-4.39
83.20,226.63,-8.14,227.89,-9.40,223.31,-4.00
83.60,223.39,-8.03,224.04,-9.36,221.80,-3.48
84.00,220.21,-7.89,220.40,-8.30,220.52,-2.95
84.40,217.08,-7.94,217.40,-6.34,219.44,-2.60
84.80,213.85,-8.52,215.33,-4.06,218.45,-2.49
85.20,210.26,-9.67,214.15,-2.60,217.45,-2.51
85.60,206.11,-10.84,213.25,-3.24,216.44,-2.49
86.00,201.58,-7.64,211.55,-6.36,215.46,-2.30
86.40,200.00,-1.98,208.16,-10.41,214.59,-1.99
86.80,200.00,0.00,203.22,-7.70,213.87,-1.64
87.20,200.00,0.00,202.00,-1.53,213.29,-1.20
87.60,200.00,1.61,202.00,0.00,212.90,-0.50
88.00,201.29,8.95,202.00,0.00,212.89,0.75
88.40,207.16,14.83,202.00,1.90,213.50,2.59
88.80,213.16,14.14,203.52,7.09,214.96,4.65
89.20,218.47,12.03,207.67,10.09,217.23,6.29
89.60,222.78,9.65,211.59,10.17,219.99,6.95
90.00,226.19,7.78,215.81,11.37,222.79,6.59
90.40,229.01,6.58,220.69,12.61,225.26,5.52
90.80,231.45,5.69,225.90,12.46,227.20,4.13
91.20,233.56,4.71,230.66,10.47,228.56,2.71
91.60,235.22,3.53,234.28,7.43,229.37,1.49
92.00,236.38,2.35,236.60,4.58,229.75,0.62
92.40,237.10,1.45,237.94,2.68,229.87,0.20
92.80,237.54,0.99,238.75,1.80,229.91,0.20
93.20,237.89,0.92,239.39,1.64,230.03,0.45
93.60,238.28,1.05,240.06,1.81,230.27,0.68
94.00,238.73,1.13,240.84,1.95,230.57,0.73
94.40,239.18,1.02,241.63,1.77,230.85,0.55
94.80,239.55,0.77,242.25,1.24,231.01,0.22
95.20,239.80,0.54,242.62,0.79,231.03,-0.12
95.60,239.97,0.45,242.89,1.06,230.92,-0.36
96.00,240.16,0.56,243.46,2.12,230.74,-0.39
96.40,240.42,0.78,244.58,3.16,230.61,-0.12
96.80,240.78,1.00,245.99,3.09,230.65,0.45
97.20,241.23,1.24,247.05,1.72,230.97,1.18
97.60,241.78,1.55,247.36,-0.08,231.59,1.80
98.00,242.47,1.84,246.99,-1.29,232.41,2.04
98.40,243.25,1.89,246.33,-1.52,233.22,1.83
98.80,243.98,1.64,245.77,-1.07,233.87,1.34
99.20,244.56,1.26,245.48,-0.47,234.29,0.85
99.60,245.00,0.25,245.39,-1.43,234.55,0.35
100.00,244.76,-0.01,244.33,-1.05,234.57,-0.38
100.40,244.99,-0.45,244.55,-0.29,234.25,-1.27
100.80,244.40,-2.95,244.10,-2.35,233.55,-2.41
101.20,242.63,-5.68,242.67,-4.55,232.32,-3.66
101.60,239.85,-7.57,240.46,-6.10,230.63,-4.49
102.00,236.57,-8.31,237.79,-7.01,228.73,-4.76
102.40,233.21,-8.34,234.85,-7.80,226.82,-4.66
102.80,229.90,-8.22,231.56,-8.70,225.00,-4.39
103.20,226.63,-8.14,227.89,-9.40,223.31,-4.00
103.60,223.39,-8.03,224.04,-9.36,221.80,-3.48
104.00,220.21,-7.89,220.40,-8.30,220.52,-2.95
104.40,217.08,-7.94,217.40,-6.34,219.44,-2.60
104.80,213.85,-8.52,215.33,-4.06,218.45,-2.49
105.20,210.26,-9.67,214.15,-2.60,217.45,-2.51
105.60,206.11,-10.84,213.25,-3.24,216.44,-2.49
106.00,201.58,-7.64,211.55,-6.36,215.46,-2.30
106.40,200.00,-1.98,208.16,-10.41,214.59,-1.99
106.80,200.00,0.00,203.22,-7.70,213.87,-1.64
107.20,200.00,0.00,202.00,-1.53,213.29,-1.20
107.60,200.00,1.61,202.00,0.00,212.90,-0.50
108.00,201.29,8.95,202.00,0.00,212.89,0.75
108.40,207.16,14.83,202.00,1.90,213.50,2.59
108.80,213.16,14.14,203.52,7.09,214.96,4.65
109.20,218.47,12.03,207.67,10.09,217.23,6.29
109.60,222.78,9.65,211.59,10.17,219.99,6.95
110.00,226.19,7.78,215.81,11.37,222.79,6.59
110.40,229.01,6.58,220.69,12.61,225.26,5.52
110.80,231.45,5.69,225.90,12.46,227.20,4.13
111.20,233.56,4.71,230.66,10.47,228.56,2.71
111.60,235.22,3.53,234.28,7.43,229.37,1.49
112.00,236.38,2.35,236.60,4.58,229.75,0.62
112.40,237.10,1.45,237.94,2.68,229.87,0.20
112.80,237.54,0.99,238.75,1.80,229.91,0.20
113.20,237.89,0.92,239.39,1.64,230.03,0.45
113.60,238.28,1.05,240.06,1.81,230.27,0.68
114.00,238.73,1.13,240.84,1.95,230.57,0.73
114.40,239.18,1.02,241.63,1.77,230.85,0.55
114.80,239.55,0.77,242.25,1.24,231.01,0.22
115.20,239.80,0.54,242.62,0.79,231.03,-0.12
115.60,239.97,0.45,242.89,1.06,230.92,-0.36
116.00,240.16,0.56,243.46,2.12,230.74,-0.39
116.40,240.42,0.78,244.58,3.16,230.61,-0.12
116.80,240.78,1.00,245.99,3.09,230.65,0.45
117.20,241.23,1.24,247.05,1.72,230.97,1.18
117.60,241.78,1.55,247.36,-0.08,231.59,1.80
118.00,242.47,1.84,246.99,-1.29,232.41,2.04
118.40,243.25,1.89,246.33,-1.52,233.22,1.83
118.80,243.98,1.64,245.77,-1.07,233.87,1.34
119.20,244.56,1.26,245.48,-0.47,234.29,0.85
119.60,245.00,0.25,245.39,-1.43,234.55,0.35
120.00,244.76,-0.01,244.33,-1.05,234.57,-0.38
120.40,244.99,-0.45,244.55,-0.29,234.25,-1.27
120.80,244.40,-2.95,244.10,-2.35,233.55,-2.41
121.20,242.63,-5.68,242.67,-4.55,232.32,-3.66
121.60,239.85,-7.57,240.46,-6.10,230.63,-4.49
122.00,236.57,-8.31,237.79,-7.01,228.73,-4.76
122.40,233.21,-8.34,234.85,-7.80,226.82,-4.66
122.80,229.90,-8.22,231.56,-8.70,225.00,-4.39
123.20,226.63,-8.14,227.89,-9.40,223.31,-4.00
123.60,223.39,-8.03,224.04,-9.36,221.80,-3.48
124.00,220.21,-7.89,220.40,-8.30,220.52,-2.95
124.40,217.08,-7.94,217.40,-6.34,219.44,-2.60
124.80,213.85,-8.52,215.33,-4.06,218.45,-2.49
125.20,210.26,-9.67,214.15,-2.60,217.45,-2.51
125.60,206.11,-10.84,213.25,-3.24,216.44,-2.49
126.00,201.58,-7.64,211.55,-6.36,215.46,-2.30
126.40,200.00,-1.98,208.16,-10.41,214.59,-1.99
126.80,200.00,0.00,203.22,-7.70,213.87,-1.64
127.20,200.00,0.00,202.00,-1.53,213.29,-1.20
127.60,200.00,1.61,202.00,0.00,212.90,-0.50
128.00,201.29,8.95,202.00,0.00,212.89,0.75
128.40,207.16,14.83,202.00,1.90,213.50,2.59
128.80,213.16,14.14,203.52,7.09,214.96,4.65
129.20,218.47,12.03,207.67,10.09,217.23,6.29
129.60,222.78,9.65,211.59,10.17,219.99,6.95
130.00,226.19,7.78,215.81,11.37,222.79,6.59
130.40,229.01,6.58,220.69,12.61,225.26,5.52
130.80,231.45,5.69,225.90,12.46,227.20,4.13
131.20,233.56,4.71,230.66,10.47,228.56,2.71
131.60,235.22,3.53,234.28,7.43,229.37,1.49
132.00,236.38,2.35,236.60,4.58,229.75,0.62
132.40,237.10,1.45,237.94,2.68,229.87,0.20
132.80,237.54,0.99,238.75,1.80,229.91,0.20
133.20,237.89,0.92,239.39,1.64,230.03,0.45
133.60,238.28,1.05,240.06,1.81,230.27,0.68
134.00,238.73,1.13,240.84,1.95,230.57,0.73
134.40,239.18,1.02,241.63,1.77,230.85,0.55
134.80,239.55,0.77,242.25,1.24,231.01,0.22
135.20,239.80,0.54,242.62,0.79,231.03,-0.12
135.60,239.97,0.45,242.89,1.06,230.92,-0.36
136.00,240.16,0.56,243.46,2.12,230.74,-0.39
136.40,240.42,0.78,244.58,3.16,230.61,-0.12
136.80,240.78,1.00,245.99,3.09,230.65,0.45
137.20,241.23,1.24,247.05,1.72,230.97,1.18
137.60,241.78,1.55,247.36,-0.08,231.59,1.80
138.00,242.47,1.84,246.99,-1.29,232.41,2.04
138.40,243.25,1.89,246.33,-1.52,233.22,1.83
138.80,243.98,1.64,245.77,-1.07,233.87,1.34
139.20,244.56,1.26,245.48,-0.47,234.29,0.85
139.60,245.00,0.25,245.39,-1.43,234.55,0.35
140.00,244.76,-0.01,244.33,-1.05,234.57,-0.38
140.40,244.99,-0.45,244.55,-0.29,234.25,-1.27
140.80,244.40,-2.95,244.10,-2.35,233.55,-2.41
141.20,242.63,-5.68,242.67,-4.55,232.32,-3.66
141.60,239.85,-7.57,240.46,-6.10,230.63,-4.49
142.00,236.57,-8.31,237.79,-7.01,228.73,-4.76
142.40,233.21,-8.34,234.85,-7.80,226.82,-4.66
142.80,229.90,-8.22,231.56,-8.70,225.00,-4.39
143.20,226.63,-8.14,227.89,-9.40,223.31,-4.00
143.60,223.39,-8.03,224.04,-9.36,221.80,-3.48
144.00,220.21,-7.89,220.40,-8.30,220.52,-2.95
144.40,217.08,-7.94,217.40,-6.34,219.44,-2.60
144.80,213.85,-8.52,215.33,-4.06,218.45,-2.49
145.20,210.26,-9.67,214.15,-2.60,217.45,-2.51
145.60,206.11,-10.84,213.25,-3.24,216.44,-2.49
146.00,201.58,-7.64,211.55,-6.36,215.46,-2.30
146.40,200.00,-1.98,208.16,-10.41,214.59,-1.99
146.80,200.00,0.00,203.22,-7.70,213.87,-1.64
147.20,200.00,0.00,202.00,-1.53,213.29,-1.20
147.60,200.00,1.61,202.00,0.00,212.90,-0.50
148.00,201.29,8.95,202.00,0.00,212.89,0.75
148.40,207.16,14.83,202.00,1.90,213.50,2.59
148.80,213.16,14.14,203.52,7.09,214.96,4.65
149.20,218.47,12.03,207.67,10.09,217.23,6.29
149.60,222.78,9.65,211.59,10.17,219.99,6.95
150.00,226.19,7.78,215.81,11.37,222.79,6.59
150.40,229.01,6.58,220.69,12.61,225.26,5.52
150.80,231.45,5.69,225.90,12.46,227.20,4.13
151.20,233.56,4.71,230.66,10.47,228.56,2.71
151.60,235.22,3.53,234.28,7.43,229.37,1.49
152.00,236.38,2.35,236.60,4.58,229.75,0.62
152.40,237.10,1.45,237.94,2.68,229.87,0.20
152.80,237.54,0.99,238.75,1.80,229.91,0.20
153.20,237.89,0.92,239.39,1.64,230.03,0.45
153.60,238.28,1.05,240.06,1.81,230.27,0.68
154.00,238.73,1.13,240.84,1.95,230.57,0.73
154.40,239.18,1.02,241.63,1.77,230.85,0.55
154.80,239.55,0.77,242.25,1.24,231.01,0.22
155.20,239.80,0.54,242.62,0.79,231.03,-0.12
155.60,239.97,0.45,242.89,1.06,230.92,-0.36
156.00,240.16,0.56,243.46,2.12,230.74,-0.39
156.40,240.42,0.78,244.58,3.16,230.61,-0.12
156.80,240.78,1.00,245.99,3.09,230.65,0.45
157.20,241.23,1.24,247.05,1.72,230.97,1.18
157.60,241.78,1.55,247.36,-0.08,231.59,1.80
158.00,242.47,1.84,246.99,-1.29,232.41,2.04
158.40,243.25,1.89,246.33,-1.52,233.22,1.83
158.80,243.98,1.64,245.77,-1.07,233.87,1.34
159.20,244.56,1.26,245.48,-0.47,234.29,0.85
159.60,245.00,0.25,245.39,-1.43,234.55,0.35
160.00,244.76,-0.01,244.33,-1.05,234.57,-0.38
160.40,244.99,-0.45,244.55,-0.29,234.25,-1.27
160.80,244.40,-2.95,244.10,-2.35,233.55,-2.41
161.20,242.63,-5.68,242.67,-4.55,232.32,-3.66
161.60,239.85,-7.57,240.46,-6.10,230.63,-4.49
162.00,236.57,-8.31,237.79,-7.01,228.73,-4.76
162.40,233.21,-8.34,234.85,-7.80,226.82,-4.66
162.80,229.90,-8.22,231.56,-8.70,225.00,-4.39
163.20,226.63,-8.14,227.89,-9.40,223.31,-4.00
163.60,223.39,-8.03,224.04,-9.36,221.80,-3.48
164.00,220.21,-7.89,220.40,-8.30,220.52,-2.95
164.40,217.08,-7.94,217.40,-6.34,219.44,-2.60
164.80,213.85,-8.52,215.33,-4.06,218.45,-2.49
165.20,210.26,-9.67,214.15,-2.60,217.45,-2.51
165.60,206.11,-10.84,213.25,-3.24,216.44,-2.49
166.00,201.58,-7.64,211.55,-6.36,215.46,-2.30
166.40,200.00,-1.98,208.16,-10.41,214.59,-1.99
166.80,200.00,0.00,203.22,-7.70,213.87,-1.64
167.20,200.00,0.00,202.00,-1.53,213.29,-1.20
167.60,200.00,1.61,202.00,0.00,212.90,-0.50
168.00,201.29,8.95,202.00,0.00,212.89,0.75
168.40,207.16,14.83,202.00,1.90,213.50,2.59
168.80,213.16,14.14,203.52,7.09,214.96,4.65
169.20,218.47,12.03,207.67,10.09,217.23,6.29
169.60,222.78,9.65,211.59,10.17,219.99,6.95
170.00,226.19,7.78,215.81,11.37,222.79,6.59
170.40,229.01,6.58,220.69,12.61,225.26,5.52
170.80,231.45,5.69,225.90,12.46,227.20,4.13
171.20,233.56,4.71,230.66,10.47,228.56,2.71
171.60,235.22,3.53,234.28,7.43,229.37,1.49
172.00,236.38,2.35,236.60,4.58,229.75,0.62
172.40,237.10,1.45,237.94,2.68,229.87,0.20
172.80,237.54,0.99,238.75,1.80,229.91,0.20
173.20,237.89,0.92,239.39,1.64,230.03,0.45
173.60,238.28,1.05,240.06,1.81,230.27,0.68
174.00,238.73,1.13,240.84,1.95,230.57,0.73
174.40,239.18,1.02,241.63,1.77,230.85,0.55
174.80,239.55,0.77,242.25,1.24,231.01,0.22
175.20,239.80,0.54,242.62,0.79,231.03,-0.12
175.60,239.97,0.45,242.89,1.06,230.92,-0.36
176.00,240.16,0.56,243.46,2.12,230.74,-0.39
176.40,240.42,0.78,244.58,3.16,230.61,-0.12
176.80,240.78,1.00,245.99,3.09,230.65,0.45
177.20,241.23,1.24,247.05,1.72,230.97,1.18
177.60,241.78,1.55,247.36,-0.08,231.59,1.80
178.00,242.47,1.84,246.99,-1.29,232.41,2.04
178.40,243.25,1.89,246.33,-1.52,233.22,1.83
178.80,243.98,1.64,245.77,-1.07,233.87,1.34
179.20,244.56,1.26,245.48,-0.47,234.29,0.85
179.60,245.00,0.25,245.39,-1.43,234.55,0.35
180.00,244.76,-0.01,244.33,-1.05,234.57,-0.38
180.40,244.99,-0.45,244.55,-0.29,234.25,-1.27
180.80,244.40,-2.95,244.10,-2.35,233.55,-2.41
181.20,242.63,-5.68,242.67,-4.55,232.32,-3.66
181.60,239.85,-7.57,240.46,-6.10,230.63,-4.49
182.00,236.57,-8.31,237.79,-7.01,228.73,-4.76
182.40,233.21,-8.34,234.85,-7.80,226.82,-4.66
182.80,229.90,-8.22,231.56,-8.70,225.00,-4.39
183.20,226.63,-8.14,227.89,-9.40,223.31,-4.00
183.60,223.39,-8.03,224.04,-9.36,221.80,-3.48
184.00,220.21,-7.89,220.40,-8.30,220.52,-2.95
184.40,217.08,-7.94,217.40,-6.34,219.44,-2.60
184.80,213.85,-8.52,215.33,-4.06,218.45,-2.49
185.20,210.26,-9.67,214.15,-2.60,217.45,-2.51
185.60,206.11,-10.84,213.25,-3.24,216.44,-2.49
186.00,201.58,-7.64,211.55,-6.36,215.46,-2.30
186.40,200.00,-1.98,208.16,-10.41,214.59,-1.99
186.80,200.00,0.00,203.22,-7.70,213.87,-1.64
187.20,200.00,0.00,202.00,-1.53,213.29,-1.20
187.60,200.00,1.61,202.00,0.00,212.90,-0.50
188.00,201.29,8.95,202.00,0.00,212.89,0.75
188.40,207.16,14.83,202.00,1.90,213.50,2.59
188.80,213.16,14.14,203.52,7.09,214.96,4.65
189.20,218.47,12.03,207.67,10.09,217.23,6.29
189.60,222.78,9.65,211.59,10.17,219.99,6.95
190.00,226.19,7.78,215.81,11.37,222.79,6.59
190.40,229.01,6.58,220.69,12.61,225.26,5.52
190.80,231.45,5.69,225.90,12.46,227.20,4.13
191.20,233.56,4.71,230.66,10.47,228.56,2.71
191.60,235.22,3.53,234.28,7.43,229.37,1.49
192.00,236.38,2.35,236.60,4.58,229.75,0.62
192.40,237.10,1.45,237.94,2.68,229.87,0.20
192.80,237.54,0.99,238.75,1.80,229.91,0.20
193.20,237.89,0.92,239.39,1.64,230.03,0.45
193.60,238.28,1.05,240.06,1.81,230.27,0.68
194.00,238.73,1.13,240.84,1.95,230.57,0.73
194.40,239.18,1.02,241.63,1.77,230.85,0.55
194.80,239.55,0.77,242.25,1.24,231.01,0.22
195.20,239.80,0.54,242.62,0.79,231.03,-0.12
195.60,239.97,0.45,242.89,1.06,230.92,-0.36
196.00,240.16,0.56,243.46,2.12,230.74,-0.39
196.40,240.42,0.78,244.58,3.16,230.61,-0.12
196.80,240.78,1.00,245.99,3.09,230.65,0.45
197.20,241.23,1.24,247.05,1.72,230.97,1.18
197.60,241.78,1.55,247.36,-0.08,231.59,1.80
198.00,242.47,1.84,246.99,-1.29,232.41,2.04
198.40,243.25,1.89,246.33,-1.52,233.22,1.83
198.80,243.98,1.64,245.77,-1.07,233.87,1.34
199.20,244.56,1.26,245.48,-0.47,234.29,0.85
199.60,245.00,0.25,245.39,-1.43,234.55,0.35
200.00,244.76,-0.01,244.33,-1.05,234.57,-0.38
200.40,244.99,-0.45,244.55,-0.29,234.25,-1.27
200.80,244.40,-2.95,244.10,-2.35,233.55,-2.41
201.20,242.63,-5.68,242.67,-4.55,232.32,-3.66
201.60,239.85,-7.57,240.46,-6.10,230.63,-4.49
202.00,236.57,-8.31,237.79,-7.01,228.73,-4.76
202.40,233.21,-8.34,234.85,-7.80,226.82,-4.66
202.80,229.90,-8.22,231.56,-8.70,225.00,-4.39
203.20,226.63,-8.14,227.89,-9.40,223.31,-4.00
203.60,223.39,-8.03,224.04,-9.36,221.80,-3.48
204.00,220.21,-7.89,220.40,-8.30,220.52,-2.95
204.40,217.08,-7.94,217.40,-6.34,219.44,-2.60
204.80,213.85,-8.52,215.33,-4.06,218.45,-2.49
205.20,210.26,-9.67,214.15,-2.60,217.45,-2.51
205.60,206.11,-10.84,213.25,-3.24,216.44,-2.49
206.00,201.58,-7.64,211.55,-6.36,215.46,-2.30
206.40,200.00,-1.98,208.16,-10.41,214.59,-1.99
206.80,200.00,0.00,203.22,-7.70,213.87,-1.64
207.20,200.00,0.00,202.00,-1.53,213.29,-1.20
207.60,200.00,1.61,202.00,0.00,212.90,-0.50
208.00,201.29,8.95,202.00,0.00,212.89,0.75
208.40,207.16,14.83,202.00,1.90,213.50,2.59
208.80,213.16,14.14,203.52,7.09,214.96,4.65
209.20,218.47,12.03,207.67,10.09,217.23,6.29
209.60,222.78,9.65,211.59,10.17,219.99,6.95
210.00,226.19,7.78,215.81,11.37,222.79,6.59
210.40,229.01,6.58,220.69,12.61,225.26,5.52
210.80,231.45,5.69,225.90,12.46,227.20,4.13
211.20,233.56,4.71,230.66,10.47,228.56,2.71
211.60,235.22,3.53,234.28,7.43,229.37,1.49
212.00,236.38,2.35,236.60,4.58,229.75,0.62
212.40,237.10,1.45,237.94,2.68,229.87,0.20
212.80,237.54,0.99,238.75,1.80,229.91,0.20
213.20,237.89,0.92,239.39,1.64,230.03,0.45
213.60,238.28,1.05,240.06,1.81,230.27,0.68
214.00,238.73,1.13,240.84,1.95,230.57,0.73
214.40,239.18,1.02,241.63,1.77,230.85,0.55
214.80,239.55,0.77,242.25,1.24,231.01,0.22
215.20,239.80,0.54,242.62,0.79,231.03,-0.12
215.60,239.97,0.45,242.89,1.06,230.92,-0.36
216.00,240.16,0.56,243.46,2.12,230.74,-0.39
216.40,240.42,0.78,244.58,3.16,230.61,-0.12
216.80,240.78,1.00,245.99,3.09,230.65,0.45
217.20,241.23,1.24,247.05,1.72,230.97,1.18
217.60,241.78,1.55,247.36,-0.08,231.59,1.80
218.00,242.47,1.84,246.99,-1.29,232.41,2.04
218.40,243.25,1.89,246.33,-1.52,233.22,1.83
218.80,243.98,1.64,245.77,-1.07,233.87,1.34
219.20,244.56,1.26,245.48,-0.47,234.29,0.85
219.60,245.00,0.25,245.39,-1.43,234.55,0.35
220.00,244.76,-0.01,244.33,-1.05,234.57,-0.38
220.40,244.99,-0.45,244.55,-0.29,234.25,-1.27
220.80,244.40,-2.95,244.10,-2.35,233.55,-2.41
221.20,242.63,-5.68,242.67,-4.55,232.32,-3.66
221.60,239.85,-7.57,240.46,-6.10,230.63,-4.49
222.00,236.57,-8.31,237.79,-7.01,228.73,-4.76
222.40,233.21,-8.34,234.85,-7.80,226.82,-4.66
222.80,229.90,-8.22,231.56,-8.70,225.00,-4.39
223.20,226.63,-8.14,227.89,-9.40,223.31,-4.00
223.60,223.39,-8.03,224.04,-9.36,221.80,-3.48
224.00,220.21,-7.89,220.40,-8.30,220.52,-2.95
224.40,217.08,-7.94,217.40,-6.34,219.44,-2.60
224.80,213.85,-8.52,215.33,-4.06,218.45,-2.49
225.20,210.26,-9.67,214.15,-2.60,217.45,-2.51
225.60,206.11,-10.84,213.25,-3.24,216.44,-2.49
226.00,201.58,-7.64,211.55,-6.36,215.46,-2.30
226.40,200.00,-1.98,208.16,-10.41,214.59,-1.99
226.80,200.00,0.00,203.22,-7.70,213.87,-1.64
227.20,200.00,0.00,202.00,-1.53,213.29,-1.20
227.60,200.00,1.61,202.00,0.00,212.90,-0.50
228.00,201.29,8.95,202.00,0.00,212.89,0.75
228.40,207.16,14.83,202.00,1.90,213.50,2.59
228.80,213.16,14.14,203.52,7.09,214.96,4.65
229.20,218.47,12.03,207.67,10.09,217.23,6.29
229.60,222.78,9.65,211.59,10.17,219.99,6.95
230.00,226.19,7.78,215.81,11.37,222.79,6.59
230.40,229.01,6.58,220.69,12.61,225.26,5.52
230.80,231.45,5.69,225.90,12.46,227.20,4.13
231.20,233.56,4.71,230.66,10.47,228.56,2.71
231.60,235.22,3.53,234.28,7.43,229.37,1.49
232.00,236.38,2.35,236.60,4.58,229.75,0.62
232.40,237.10,1.45,237.94,2.68,229.87,0.20
232.80,237.54,0.99,238.75,1.80,229.91,0.20
233.20,237.89,0.92,239.39,1.64,230.03,0.45
233.60,238.28,1.05,240.06,1.81,230.27,0.68
234.00,238.73,1.13,240.84,1.95,230.57,0.73
234.40,239.18,1.02,241.63,1.77,230.85,0.55
234.80,239.55,0.77,242.25,1.24,231.01,0.22
235.20,239.80,0.54,242.62,0.79,231.03,-0.12
235.60,239.97,0.45,242.89,1.06,230.92,-0.36
236.00,240.16,0.56,243.46,2.12,230.74,-0.39
236.40,240.42,0.78,244.58,3.16,230.61,-0.12
236.80,240.78,1.00,245.99,3.09,230.65,0.45
237.20,241.23,1.24,247.05,1.72,230.97,1.18
237.60,241.78,1.55,247.36,-0.08,231.59,1.80
238.00,242.47,1.84,246.99,-1.29,232.41,2.04
238.40,243.25,1.89,246.33,-1.52,233.22,1.83
238.80,243.98,1.64,245.77,-1.07,233.87,1.34
239.20,244.56,1.26,245.48,-0.47,234.29,0.85
239.60,245.00,0.25,245.39,-1.43,234.55,0.35
240.00,244.76,-0.01,244.33,-1.05,234.57,-0.38
240.40,244.99,-0.45,244.55,-0.29,234.25,-1.27
240.80,244.40,-2.95,244.10,-2.35,233.55,-2.41
241.20,242.63,-5.68,242.67,-4.55,232.32,-3.66
241.60,239.85,-7.57,240.46,-6.10,230.63,-4.49
242.00,236.57,-8.31,237.79,-7.01,228.73,-4.76
242.40,233.21,-8.34,234.85,-7.80,226.82,-4.66
242.80,229.90,-8.22,231.56,-8.70,225.00,-4.39
243.20,226.63,-8.14,227.89,-9.40,223.31,-4.00
243.60,223.39,-8.03,224.04,-9.36,221.80,-3.48
244.00,220.21,-7.89,220.40,-8.30,220.52,-2.95
244.40,217.08,-7.94,217.40,-6.34,219.44,-2.60
244.80,213.85,-8.52,215.33,-4.06,218.45,-2.49
245.20,210.26,-9.67,214.15,-2.60,217.45,-2.51
245.60,206.11,-10.84,213.25,-3.24,216.44,-2.49
246.00,201.58,-7.64,211.55,-6.36,215.46,-2.30
246.40,200.00,-1.98,208.16,-10.41,214.59,-1.99
246.80,200.00,0.00,203.22,-7.70,213.87,-1.64
247.20,200.00,0.00,202.00,-1.53,213.29,-1.20
247.60,200.00,1.61,202.00,0.00,212.90,-0.50
248.00,201.29,8.95,202.00,0.00,212.89,0.75
248.40,207.16,14.83,202.00,1.90,213.50,2.59
248.80,213.16,14.14,203.52,7.09,214.96,4.65
249.20,218.47,12.03,207.67,10.09,217.23,6.29
249.60,222.78,9.65,211.59,10.17,219.99,6.95
250.00,226.19,7.78,215.81,11.37,222.79,6.59
250.40,229.01,6.58,220.69,12.61,225.26,5.52
250.80,231.45,5.69,225.90,12.46,227.20,4.13
251.20,233.56,4.71,230.66,10.47,228.56,2.71
251.60,235.22,3.53,234.28,7.43,229.37,1.49
252.00,236.38,2.35,236.60,4.58,229.75,0.62
252.40,237.10,1.45,237.94,2.68,229.87,0.20
252.80,237.54,0.99,238.75,1.80,229.91,0.20
253.20,237.89,0.92,239.39,1.64,230.03,0.45
253.60,238.28,1.05,240.06,1.81,230.27,0.68
254.00,238.73,1.13,240.84,1.95,230.57,0.73
254.40,239.18,1.02,241.63,1.77,230.85,0.55
254.80,239.55,0.77,242.25,1.24,231.01,0.22
255.20,239.80,0.54,242.62,0.79,231.03,-0.12
255.60,239.97,0.45,242.89,1.06,230.92,-0.36
256.00,240.16,0.56,243.46,2.12,230.74,-0.39
256.40,240.42,0.78,244.58,3.16,230.61,-0.12
256.80,240.78,1.00,245.99,3.09,230.65,0.45
257.20,241.23,1.24,247.05,1.72,230.97,1.18
257.60,241.78,1.55,247.36,-0.08,231.59,1.80
258.00,242.47,1.84,246.99,-1.29,232.41,2.04
258.40,243.25,1.89,246.33,-1.52,233.22,1.83
258.80,243.98,1.64,245.77,-1.07,233.87,1.34
259.20,244.56,1.26,245.48,-0.47,234.29,0.85
259.60,245.00,0.25,245.39,-1.43,234.55,0.35
260.00,244.76,-0.01,244.33,-1.05,234.57,-0.38
260.40,244.99,-0.45,244.55,-0.29,234.25,-1.27
260.80,244.40,-2.95,244.10,-2.35,233.55,-2.41
261.20,242.63,-5.68,242.67,-4.55,232.32,-3.66
261.60,239.85,-7.57,240.46,-6.10,230.63,-4.49
262.00,236.57,-8.31,237.79,-7.01,228.73,-4.76
262.40,233.21,-8.34,234.85,-7.80,226.82,-4.66
262.80,229.90,-8.22,231.56,-8.70,225.00,-4.39
263.20,226.63,-8.14,227.89,-9.40,223.31,-4.00
263.60,223.39,-8.03,224.04,-9.36,221.80,-3.48
264.00,220.21,-7.89,220.40,-8.30,220.52,-2.95
264.40,217.08,-7.94,217.40,-6.34,219.44,-2.60
264.80,213.85,-8.52,215.33,-4.06,218.45,-2.49
265.20,210.26,-9.67,214.15,-2.60,217.45,-2.51
265.60,206.11,-10.84,213.25,-3.24,216.44,-2.49
266.00,201.58,-7.64,211.55,-6.36,215.46,-2.30
266.40,200.00,-1.98,208.16,-10.41,214.59,-1.99
266.80,200.00,0.00,203.22,-7.70,213.87,-1.64
267.20,200.00,0.00,202.00,-1.53,213.29,-1.20
267.60,200.00,1.61,202.00,0.00,212.90,-0.50
268.00,201.29,8.95,202.00,0.00,212.89,0.75
268.40,207.16,14.83,202.00,1.90,213.50,2.59
268.80,213.16,14.14,203.52,7.09,214.96,4.65
269.20,218.47,12.03,207.67,10.09,217.23,6.29
269.60,222.78,9.65,211.59,10.17,219.99,6.95
270.00,226.19,7.78,215.81,11.37,222.79,6.59
270.40,229.01,6.58,220.69,12.61,225.26,5.52
270.80,231.45,5.69,225.90,12.46,227.20,4.13
271.20,233.56,4.71,230.66,10.47,228.56,2.71
271.60,235.22,3.53,234.28,7.43,229.37,1.49
272.00,236.38,2.35,236.60,4.58,229.75,0.62
272.40,237.10,1.45,237.94,2.68,229.87,0.20
272.80,237.54,0.99,238.75,1.80,229.91,0.20
273.20,237.89,0.92,239.39,1.64,230.03,0.45
273.60,238.28,1.05,240.06,1.81,230.27,0.68
274.00,238.73,1.13,240.84,1.95,230.57,0.73
274.40,239.18,1.02,241.63,1.77,230.85,0.55
274.80,239.55,0.77,242.25,1.24,231.01,0.22
275.20,239.80,0.54,242.62,0.79,231.03,-0.12
275.60,239.97,0.45,242.89,1.06,230.92,-0.36
276.00,240.16,0.56,243.46,2.12,230.74,-0.39
276.40,240.42,0.78,244.58,3.16,230.61,-0.12
276.80,240.78,1.00,245.99,3.09,230.65,0.45
277.20,241.23,1.24,247.05,1.72,230.97,1.18
277.60,241.78,1.55,247.36,-0.08,231.59,1.80
278.00,242.47,1.84,246.99,-1.29,232.41,2.04
278.40,243.25,1.89,246.33,-1.52,233.22,1.83
278.80,243.98,1.64,245.77,-1.07,233.87,1.34
279.20,244.56,1.26,245.48,-0.47,234.29,0.85
279.60,245.00,0.25,245.39,-1.43,234.55,0.35
280.00,244.76,-0.01,244.33,-1.05,234.57,-0.38
280.40,244.99,-0.45,244.55,-0.29,234.25,-1.27
280.80,244.40,-2.95,244.10,-2.35,233.55,-2.41
281.20,242.63,-5.68,242.67,-4.55,232.32,-3.66
281.60,239.85,-7.57,240.46,-6.10,230.63,-4.49
282.00,236.57,-8.31,237.79,-7.01,228.73,-4.76
282.40,233.21,-8.34,234.85,-7.80,226.82,-4.66
282.80,229.90,-8.22,231.56,-8.70,225.00,-4.39
283.20,226.63,-8.14,227.89,-9.40,223.31,-4.00
283.60,223.39,-8.03,224.04,-9.36,221.80,-3.48
284.00,220.21,-7.89,220.40,-8.30,220.52,-2.95
284.40,217.08,-7.94,217.40,-6.34,219.44,-2.60
284.80,213.85,-8.52,215.33,-4.06,218.45,-2.49
285.20,210.26,-9.67,214.15,-2.60,217.45,-2.51
285.60,206.11,-10.84,213.25,-3.24,216.44,-2.49
286.00,201.58,-7.64,211.55,-6.36,215.46,-2.30
286.40,200.00,-1.98,208.16,-10.41,214.59,-1.99
286.80,200.00,0.00,203.22,-7.70,213.87,-1.64
287.20,200.00,0.00,202.00,-1.53,213.29,-1.20
287.60,200.00,1.61,202.00,0.00,212.90,-0.50
288.00,201.29,8.95,202.00,0.00,212.89,0.75
288.40,207.16,14.83,202.00,1.90,213.50,2.59
288.80,213.16,14.14,203.52,7.09,214.96,4.65
289.20,218.47,12.03,207.67,10.09,217.23,6.29
289.60,222.78,9.65,211.59,10.17,219.99,6.95
290.00,226.19,7.78,215.81,11.37,222.79,6.59
290.40,229.01,6.58,220.69,12.61,225.26,5.52
290.80,231.45,5.69,225.90,12.46,227.20,4.13
291.20,233.56,4.71,230.66,10.47,228.56,2.71
291.60,235.22,3.53,234.28,7.43,229.37,1.49
292.00,236.38,2.35,236.60,4.58,229.75,0.62
292.40,237.10,1.45,237.94,2.68,229.87,0.20
292.80,237.54,0.99,238.75,1.80,229.91,0.20
293.20,237.89,0.92,239.39,1.64,230.03,0.45
293.60,238.28,1.05,240.06,1.81,230.27,0.68
294.00,238.73,1.13,240.84,1.95,230.57,0.73
294.40,239.18,1.02,241.63,1.77,230.85,0.55
294.80,239.55,0.77,242.25,1.24,231.01,0.22
295.20,239.80,0.54,242.62,0.79,231.03,-0.12
295.60,239.97,0.45,242.89,1.06,230.92,-0.36
296.00,240.16,0.56,243.46,2.12,230.74,-0.39
296.40,240.42,0.78,244.58,3.16,230.61,-0.12
296.80,240.78,1.00,245.99,3.09,230.65,0.45
297.20,241.23,1.24,247.05,1.72,230.97,1.18
297.60,241.78,1.55,247.36,-0.08,231.59,1.80
298.00,242.47,1.84,246.99,-1.29,232.41,2.04
298.40,243.25,1.89,246.33,-1.52,233.22,1.83
298.80,243.98,1.64,245.77,-1.07,233.87,1.34
299.20,244.56,1.26,245.48,-0.47,234.29,0.85
299.60,245.00,0.25,245.39,-1.43,234.55,0.35
300.00,244.76,-0.01,244.33,-1.05,234.57,-0.38
300.40,244.99,-0.45,244.55,-0.29,234.25,-1.27
300.80,244.40,-2.95,244.10,-2.35,233.55,-2.41
301.20,242.63,-5.68,242.67,-4.55,232.32,-3.66
301.60,239.85,-7.57,240.46,-6.10,230.63,-4.49
302.00,236.57,-8.31,237.79,-7.01,228.73,-4.76
302.40,233.21,-8.34,234.85,-7.80,226.82,-4.66
302.80,229.90,-8.22,231.56,-8.70,225.00,-4.39
303.20,226.63,-8.14,227.89,-9.40,223.31,-4.00
303.60,223.39,-8.03,224.04,-9.36,221.80,-3.48
304.00,220.21,-7.89,220.40,-8.30,220.52,-2.95
304.40,217.08,-7.94,217.40,-6.34,219.44,-2.60
304.80,213.85,-8.52,215.33,-4.06,218.45,-2.49
305.20,210.26,-9.67,214.15,-2.60,217.45,-2.51
305.60,206.11,-10.84,213.25,-3.24,216.44,-2.49
306.00,201.58,-7.64,211.55,-6.36,215.46,-2.30
306.40,200.00,-1.98,208.16,-10.41,214.59,-1.99
306.80,200.00,0.00,203.22,-7.70,213.87,-1.64
307.20,200.00,0.00,202.00,-1.53,213.29,-1.20
307.60,200.00,1.61,202.00,0.00,212.90,-0.50
308.00,201.29,8.95,202.00,0.00,212.89,0.75
308.40,207.16,14.83,202.00,1.90,213.50,2.59
308.80,213.16,14.14,203.52,7.09,214.96,4.65
309.20,218.47,12.03,207.67,10.09,217.23,6.29
309.60,222.78,9.65,211.59,10.17,219.99,6.95
310.00,226.19,7.78,215.81,11.37,222.79,6.59
310.40,229.01,6.58,220.69,12.61,225.26,5.52
310.80,231.45,5.69,225.90,12.46,227.20,4.13
311.20,233.56,4.71,230.66,10.47,228.56,2.71
311.60,235.22,3.53,234.28,7.43,229.37,1.49
312.00,236.38,2.35,236.60,4.58,229.75,0.62
312.40,237.10,1.45,237.94,2.68,229.87,0.20
312.80,237.54,0.99,238.75,1.80,229.91,0.20
313.20,237.89,0.92,239.39,1.64,230.03,0.45
313.60,238.28,1.05,240.06,1.81,230.27,0.68
314.00,238.73,1.13,240.84,1.95,230.57,0.73
314.40,239.18,1.02,241.63,1.77,230.85,0.55
314.80,239.55,0.77,242.25,1.24,231.01,0.22
315.20,239.80,0.54,242.62,0.79,231.03,-0.12
315.60,239.97,0.45,242.89,1.06,230.92,-0.36
316.00,240.16,0.56,243.46,2.12,230.74,-0.39
316.40,240.42,0.78,244.58,3.16,230.61,-0.12
316.80,240.78,1.00,245.99,3.09,230.65,0.45
317.20,241.23,1.24,247.05,1.72,230.97,1.18
317.60,241.78,1.55,247.36,-0.08,231.59,1.80
318.00,242.47,1.84,246.99,-1.29,232.41,2.04
318.40,243.25,1.89,246.33,-1.52,233.22,1.83
318.80,243.98,1.64,245.77,-1.07,233.87,1.34
319.20,244.56,1.26,245.48,-0.47,234.29,0.85
319.60,245.00,0.25,245.39,-1.43,234.55,0.35
320.00,244.76,-0.01,244.33,-1.05,234.57,-0.38
320.40,244.99,-0.45,244.55,-0.29,234.25,-1.27
320.80,244.40,-2.95,244.10,-2.35,233.55,-2.41
321.20,242.63,-5.68,242.67,-4.55,232.32,-3.66
321.60,239.85,-7.57,240.46,-6.10,230.63,-4.49
322.00,236.57,-8.31,237.79,-7.01,228.73,-4.76
322.40,233.21,-8.34,234.85,-7.80,226.82,-4.66
322.80,229.90,-8.22,231.56,-8.70,225.00,-4.39
323.20,226.63,-8.14,227.89,-9.40,223.31,-4.00
323.60,223.39,-8.03,224.04,-9.36,221.80,-3.48
324.00,220.21,-7.89,220.40,-8.30,220.52,-2.95
324.40,217.08,-7.94,217.40,-6.34,219.44,-2.60
324.80,213.85,-8.52,215.33,-4.06,218.45,-2.49
325.20,210.26,-9.67,214.15,-2.60,217.45,-2.51
325.60,206.11,-10.84,213.25,-3.24,216.44,-2.49
326.00,201.58,-7.64,211.55,-6.36,215.46,-2.30
326.40,200.00,-1.98,208.16,-10.41,214.59,-1.99
326.80,200.00,0.00,203.22,-7.70,213.87,-1.64
327.20,200.00,0.00,202.00,-1.53,213.29,-1.20
327.60,200.00,1.61,202.00,0.00,212.90,-0.50
328.00,201.29,8.95,202.00,0.00,212.89,0.75
328.40,207.16,14.83,202.00,1.90,213.50,2.59
328.80,213.16,14.14,203.52,7.09,214.96,4.65
329.20,218.47,12.03,207.67,10.09,217.23,6.29
329.60,222.78,9.65,211.59,10.17,219.99,6.95
330.00,226.19,7.78,215.81,11.37,222.79,6.59
330.40,229.01,6.58,220.69,12.61,225.26,5.52
330.80,231.45,5.69,225.90,12.46,227.20,4.13
331.20,233.56,4.71,230.66,10.47,228.56,2.71
331.60,235.22,3.53,234.28,7.43,229.37,1.49
332.00,236.38,2.35,236.60,4.58,229.75,0.62
332.40,237.10,1.45,237.94,2.68,229.87,0.20
332.80,237.54,0.99,238.75,1.80,229.91,0.20
333.20,237.89,0.92,239.39,1.64,230.03,0.45
333.60,238.28,1.05,240.06,1.81,230.27,0.68
334.00,238.73,1.13,240.84,1.95,230.57,0.73
334.40,239.18,1.02,241.63,1.77,230.85,0.55
334.80,239.55,0.77,242.25,1.24,231.01,0.22
335.20,239.80,0.54,242.62,0.79,231.03,-0.12
335.60,239.97,0.45,242.89,1.06,230.92,-0.36
336.00,240.16,0.56,243.46,2.12,230.74,-0.39
336.40,240.42,0.78,244.58,3.16,230.61,-0.12
336.80,240.78,1.00,245.99,3.09,230.65,0.45
337.20,241.23,1.24,247.05,1.72,230.97,1.18
337.60,241.78,1.55,247.36,-0.08,231.59,1.80
338.00,242.47,1.84,246.99,-1.29,232.41,2.04
338.40,243.25,1.89,246.33,-1.52,233.22,1.83
338.80,243.98,1.64,245.77,-1.07,233.87,1.34
339.20,244.56,1.26,245.48,-0.47,234.29,0.85
339.60,245.00,0.25,245.39,-1.43,234.55,0.35
340.00,244.76,-0.01,244.33,-1.05,234.57,-0.38
340.40,244.99,-0.45,244.55,-0.29,234.25,-1.27
340.80,244.40,-2.95,244.10,-2.35,233.55,-2.41
341.20,242.63,-5.68,242.67,-4.55,232.32,-3.66
341.60,239.85,-7.57,240.46,-6.10,230.63,-4.49
342.00,236.57,-8.31,237.79,-7.01,228.73,-4.76
342.40,233.21,-8.34,234.85,-7.80,226.82,-4.66
342.80,229.90,-8.22,231.56,-8.70,225.00,-4.39
343.20,226.63,-8.14,227.89,-9.40,223.31,-4.00
343.60,223.39,-8.03,224.04,-9.36,221.80,-3.48
344.00,220.21,-7.89,220.40,-8.30,220.52,-2.95
344.40,217.08,-7.94,217.40,-6.34,219.44,-2.60
344.80,213.85,-8.52,215.33,-4.06,218.45,-2.49
345.20,210.26,-9.67,214.15,-2.60,217.45,-2.51
345.60,206.11,-10.84,213.25,-3.24,216.44,-2.49
346.00,201.58,-7.64,211.55,-6.36,215.46,-2.30
346.40,200.00,-1.98,208.16,-10.41,214.59,-1.99
346.80,200.00,0.00,203.22,-7.70,213.87,-1.64
347.20,200.00,0.00,202.00,-1.53,213.29,-1.20
347.60,200.00,1.61,202.00,0.00,212.90,-0.50
348.00,201.29,8.95,202.00,0.00,212.89,0.75
348.40,207.16,14.83,202.00,1.90,213.50,2.59
348.80,213.16,14.14,203.52,7.09,214.96,4.65
349.20,218.47,12.03,207.67,10.09,217.23,6.29
349.60,222.78,9.65,211.59,10.17,219.99,6.95
350.00,226.19,7.78,215.81,11.37,222.79,6.59
350.40,229.01,6.58,220.69,12.61,225.26,5.52
350.80,231.45,5.69,225.90,12.46,227.20,4.13
351.20,233.56,4.71,230.66,10.47,228.56,2.71
351.60,235.22,3.53,234.28,7.43,229.37,1.49
352.00,236.38,2.35,236.60,4.58,229.75,0.62
352.40,237.10,1.45,237.94,2.68,229.87,0.20
352.80,237.54,0.99,238.75,1.80,229.91,0.20
353.20,237.89,0.92,239.39,1.64,230.03,0.45
353.60,238.28,1.05,240.06,1.81,230.27,0.68
354.00,238.73,1.13,240.84,1.95,230.57,0.73
354.40,239.18,1.02,241.63,1.77,230.85,0.55
354.80,239.55,0.77,242.25,1.24,231.01,0.22
355.20,239.80,0.54,242.62,0.79,231.03,-0.12
355.60,239.97,0.45,242.89,1.06,230.92,-0.36
356.00,240.16,0.56,243.46,2.12,230.74,-0.39
356.40,240.42,0.78,244.58,3.16,230.61,-0.12
356.80,240.78,1.00,245.99,3.09,230.65,0.45
357.20,241.23,1.24,247.05,1.72,230.97,1.18
357.60,241.78,1.55,247.36,-0.08,231.59,1.80
358.00,242.47,1.84,246.99,-1.29,232.41,2.04
358.40,243.25,1.89,246.33,-1.52,233.22,1.83
358.80,243.98,1.64,245.77,-1.07,233.87,1.34
359.20,244.56,1.26,245.48,-0.47,234.29,0.85
359.60,245.00,0.25,245.39,-1.43,234.55,0.35
360.00,244.76,-0.01,244.33,-1.05,234.57,-0.38
360.40,244.99,-0.45,244.55,-0.29,234.25,-1.27
360.80,244.40,-2.95,244.10,-2.35,233.55,-2.41
361.20,242.63,-5.68,242.67,-4.55,232.32,-3.66
361.60,239.85,-7.57,240.46,-6.10,230.63,-4.49
362.00,236.57,-8.31,237.79,-7.01,228.73,-4.76
362.40,233.21,-8.34,234.85,-7.80,226.82,-4.66
362.80,229.90,-8.22,231.56,-8.70,225.00,-4.39
363.20,226.63,-8.14,227.89,-9.40,223.31,-4.00
363.60,223.39,-8.03,224.04,-9.36,221.80,-3.48
364.00,220.21,-7.89,220.40,-8.30,220.52,-2.95
364.40,217.08,-7.94,217.40,-6.34,219.44,-2.60
364.80,213.85,-8.52,215.33,-4.06,218.45,-2.49
365.20,210.26,-9.67,214.15,-2.60,217.45,-2.51
365.60,206.11,-10.84,213.25,-3.24,216.44,-2.49
366.00,201.58,-7.64,211.55,-6.36,215.46,-2.30
366.40,200.00,-1.98,208.16,-10.41,214.59,-1.99
366.80,200.00,0.00,203.22,-7.70,213.87,-1.64
367.20,200.00,0.00,202.00,-1.53,213.29,-1.20
367.60,200.00,1.61,202.00,0.00,212.90,-0.50
368.00,201.29,8.95,202.00,0.00,212.89,0.75
368.40,207.16,14.83,202.00,1.90,213.50,2.59
368.80,213.16,14.14,203.52,7.09,214.96,4.65
369.20,218.47,12.03,207.67,10.09,217.23,6.29
369.60,222.78,9.65,211.59,10.17,219.99,6.95
370.00,226.19,7.78,215.81,11.37,222.79,6.59
370.40,229.01,6.58,220.69,12.61,225.26,5.52
370.80,231.45,5.69,225.90,12.46,227.20,4.13
371.20,233.56,4.71,230.66,10.47,228.56,2.71
371.60,235.22,3.53,234.28,7.43,229.37,1.49
372.00,236.38,2.35,236.60,4.58,229.75,0.62
372.40,237.10,1.45,237.94,2.68,229.87,0.20
372.80,237.54,0.99,238.75,1.80,229.91,0.20
373.20,237.89,0.92,239.39,1.64,230.03,0.45
373.60,238.28,1.05,240.06,1.81,230.27,0.68
374.00,238.73,1.13,240.84,1.95,230.57,0.73
374.40,239.18,1.02,241.63,1.77,230.85,0.55
374.80,239.55,0.77,242.25,1.24,231.01,0.22
375.20,239.80,0.54,242.62,0.79,231.03,-0.12
375.60,239.97,0.45,242.89,1.06,230.92,-0.36
376.00,240.16,0.56,243.46,2.12,230.74,-0.39
376.40,240.42,0.78,244.58,3.16,230.61,-0.12
376.80,240.78,1.00,245.99,3.09,230.65,0.45
377.20,241.23,1.24,247.05,1.72,230.97,1.18
377.60,241.78,1.55,247.36,-0.08,231.59,1.80
378.00,242.47,1.84,246.99,-1.29,232.41,2.04
378.40,243.25,1.89,246.33,-1.52,233.22,1.83
378.80,243.98,1.64,245.77,-1.07,233.87,1.34
379.20,244.56,1.26,245.48,-0.47,234.29,0.85
379.60,245.00,0.25,245.39,-1.43,234.55,0.35
380.00,244.76,-0.01,244.33,-1.05,234.57,-0.38
380.40,244.99,-0.45,244.55,-0.29,234.25,-1.27
380.80,244.40,-2.95,244.10,-2.35,233.55,-2.41
381.20,242.63,-5.68,242.67,-4.55,232.32,-3.66
381.60,239.85,-7.57,240.46,-6.10,230.63,-4.49
382.00,236.57,-8.31,237.79,-7.01,228.73,-4.76
382.40,233.21,-8.34,234.85,-7.80,226.82,-4.66
382.80,229.90,-8.22,231.56,-8.70,225.00,-4.39
383.20,226.63,-8.14,227.89,-9.40,223.31,-4.00
383.60,223.39,-8.03,224.04,-9.36,221.80,-3.48
384.00,220.21,-7.89,220.40,-8.30,220.52,-2.95
384.40,217.08,-7.94,217.40,-6.34,219.44,-2.60
384.80,213.85,-8.52,215.33,-4.06,218.45,-2.49
385.20,210.26,-9.67,214.15,-2.60,217.45,-2.51
385.60,206.11,-10.84,213.25,-3.24,216.44,-2.49
386.00,201.58,-7.64,211.55,-6.36,215.46,-2.30
386.40,200.00,-1.98,208.16,-10.41,214.59,-1.99
386.80,200.00,0.00,203.22,-7.70,213.87,-1.64
387.20,200.00,0.00,202.00,-1.53,213.29,-1.20
387.60,200.00,1.61,202.00,0.00,212.90,-0.50
388.00,201.29,8.95,202.00,0.00,212.89,0.75
388.40,207.16,14.83,202.00,1.90,213.50,2.59
388.80,213.16,14.14,203.52,7.09,214.96,4.65
389.20,218.47,12.03,207.67,10.09,217.23,6.29
389.60,222.78,9.65,211.59,10.17,219.99,6.95
390.00,226.19,7.78,215.81,11.37,222.79,6.59
390.40,229.01,6.58,220.69,12.61,225.26,5.52
390.80,231.45,5.69,225.90,12.46,227.20,4.13
391.20,233.56,4.71,230.66,10.47,228.56,2.71
391.60,235.22,3.53,234.28,7.43,229.37,1.49
392.00,236.38,2.35,236.60,4.58,229.75,0.62
392.40,237.10,1.45,237.94,2.68,229.87,0.20
392.80,237.54,0.99,238.75,1.80,229.91,0.20
393.20,237.89,0.92,239.39,1.64,230.03,0.45
393.60,238.28,1.05,240.06,1.81,230.27,0.68
394.00,238.73,1.13,240.84,1.95,230.57,0.73
394.40,239.18,1.02,241.63,1.77,230.85,0.55
394.80,239.55,0.77,242.25,1.24,231.01,0.22
395.20,239.80,0.54,242.62,0.79,231.03,-0.12
395.60,239.97,0.45,242.89,1.06,230.92,-0.36
396.00,240.16,0.56,243.46,2.12,230.74,-0.39
396.40,240.42,0.78,244.58,3.16,230.61,-0.12
396.80,240.78,1.00,245.99,3.09,230.65,0.45
397.20,241.23,1.24,247.05,1.72,230.97,1.18
397.60,241.78,1.55,247.36,-0.08,231.59,1.80
398.00,242.47,1.84,246.99,-1.29,232.41,2.04
398.40,243.25,1.89,246.33,-1.52,233.22,1.83
398.80,243.98,1.64,245.77,-1.07,233.87,1.34
399.20,244.56,1.26,245.48,-0.47,234.29,0.85
399.60,245.00,0.25,245.39,-1.43,234.55,0.35
400.00,244.76,-0.01,244.33,-1.05,234.57,-0.38
400.40,244.99,-0.45,244.55,-0.29,234.25,-1.27
400.80,244.40,-2.95,244.10,-2.35,233.55,-2.41
401.20,242.63,-5.68,242.67,-4.55,232.32,-3.66
401.60,239.85,-7.57,240.46,-6.10,230.63,-4.49
402.00,236.57,-8.31,237.79,-7.01,228.73,-4.76
402.40,233.21,-8.34,234.85,-7.80,226.82,-4.66
402.80,229.90,-8.22,231.56,-8.70,225.00,-4.39
403.20,226.63,-8.14,227.89,-9.40,223.31,-4.00
403.60,223.39,-8.03,224.04,-9.36,221.80,-3.48
404.00,220.21,-7.89,220.40,-8.30,220.52,-2.95
404.40,217.08,-7.94,217.40,-6.34,219.44,-2.60
404.80,213.85,-8.52,215.33,-4.06,218.45,-2.49
405.20,210.26,-9.67,214.15,-2.60,217.45,-2.51
405.60,206.11,-10.84,213.25,-3.24,216.44,-2.49
406.00,201.58,-7.64,211.55,-6.36,215.46,-2.30
406.40,200.00,-1.98,208.16,-10.41,214.59,-1.99
406.80,200.00,0.00,203.22,-7.70,213.87,-1.64
407.20,200.00,0.00,202.00,-1.53,213.29,-1.20
407.60,200.00,1.61,202.00,0.00,212.90,-0.50
408.00,201.29,8.95,202.00,0.00,212.89,0.75
408.40,207.16,14.83,202.00,1.90,213.50,2.59
408.80,213.16,14.14,203.52,7.09,214.96,4.65
409.20,218.47,12.03,207.67,10.09,217.23,6.29
409.60,222.78,9.65,211.59,10.17,219.99,6.95
410.00,226.19,7.78,215.81,11.37,222.79,6.59
410.40,229.01,6.58,220.69,12.61,225.26,5.52
410.80,231.45,5.69,225.90,12.46,227.20,4.13
411.20,233.56,4.71,230.66,10.47,228.56,2.71
411.60,235.22,3.53,234.28,7.43,229.37,1.49
412.00,236.38,2.35,236.60,4.58,229.75,0.62
412.40,237.10,1.45,237.94,2.68,229.87,0.20
412.80,237.54,0.99,238.75,1.80,229.91,0.20
413.20,237.89,0.92,239.39,1.64,230.03,0.45
413.60,238.28,1.05,240.06,1.81,230.27,0.68
414.00,238.73,1.13,240.84,1.95,230.57,0.73
414.40,239.18,1.02,241.63,1.77,230.85,0.55
414.80,239.55,0.77,242.25,1.24,231.01,0.22
415.20,239.80,0.54,242.62,0.79,231.03,-0.12
415.60,239.97,0.45,242.89,1.06,230.92,-0.36
416.00,240.16,0.56,243.46,2.12,230.74,-0.39
416.40,240.42,0.78,244.58,3.16,230.61,-0.12
416.80,240.78,1.00,245.99,3.09,230.65,0.45
417.20,241.23,1.24,247.05,1.72,230.97,1.18
417.60,241.78,1.55,247.36,-0.08,231.59,1.80
418.00,242.47,1.84,246.99,-1.29,232.41,2.04
418.40,243.25,1.89,246.33,-1.52,233.22,1.83
418.80,243.98,1.64,245.77,-1.07,233.87,1.34
419.20,244.56,1.26,245.48,-0.47,234.29,0.85
419.60,245.00,0.54,245.39,-0.10,234.55,0.32
420.00,245.00,-0.06,245.39,-0.06,234.55,-0.04
420.40,244.95,-0.23,245.35,-0.22,234.52,-0.18
420.80,244.81,-0.46,245.21,-0.44,234.41,-0.35
421.20,244.58,-0.69,244.99,-0.66,234.23,-0.53
421.60,244.26,-0.91,244.68,-0.88,233.99,-0.70
422.00,243.85,-1.14,244.29,-1.10,233.67,-0.87
422.40,243.35,-1.35,243.81,-1.30,233.29,-1.04
422.80,242.77,-1.56,243.24,-1.51,232.84,-1.20
423.20,242.10,-1.77,242.60,-1.71,232.33,-1.36
423.60,241.35,-1.97,241.88,-1.90,231.76,-1.51
424.00,240.53,-2.16,241.08,-2.08,231.12,-1.66
424.40,239.63,-2.34,240.22,-2.25,230.43,-1.79
424.80,238.66,-2.51,239.28,-2.42,229.69,-1.93
425.20,237.62,-2.67,238.28,-2.57,228.89,-2.05
425.60,236.52,-2.82,237.22,-2.72,228.05,-2.16
426.00,235.37,-2.96,236.11,-2.85,227.16,-2.27
426.40,234.16,-3.08,234.94,-2.97,226.23,-2.37
426.80,232.90,-3.19,233.73,-3.08,225.27,-2.45
427.20,231.60,-3.30,232.48,-3.18,224.27,-2.53
427.60,230.27,-3.38,231.19,-3.26,223.24,-2.60
428.00,228.90,-3.45,229.87,-3.33,222.19,-2.65
428.40,227.50,-3.51,228.52,-3.39,221.12,-2.70
428.80,226.09,-3.56,227.16,-3.43,220.03,-2.73
429.20,224.66,-3.59,225.78,-3.46,218.94,-2.75
429.60,223.22,-3.60,224.39,-3.47,217.83,-2.77
430.00,221.78,-3.60,223.00,-3.47,216.72,-2.77
430.40,220.34,-3.59,221.61,-3.46,215.62,-2.75
430.80,218.91,-3.56,220.23,-3.43,214.52,-2.73
431.20,217.49,-3.51,218.87,-3.39,213.43,-2.70
431.60,216.10,-3.45,217.52,-3.33,212.36,-2.65
432.00,214.73,-3.38,216.20,-3.26,211.31,-2.60
432.40,213.39,-3.30,214.91,-3.18,210.28,-2.53
432.80,212.09,-3.19,213.66,-3.08,209.29,-2.45
433.20,210.84,-3.08,212.45,-2.97,208.32,-2.37
433.60,209.63,-2.96,211.28,-2.85,207.39,-2.27
434.00,208.47,-2.82,210.17,-2.72,206.50,-2.16
434.40,207.37,-2.67,209.11,-2.57,205.66,-2.05
434.80,206.34,-2.51,208.11,-2.42,204.87,-1.93
435.20,205.37,-2.34,207.18,-2.25,204.12,-1.79
435.60,204.47,-2.16,206.31,-2.08,203.43,-1.66
436.00,203.64,-1.97,205.51,-1.90,202.80,-1.51
436.40,202.90,-1.77,204.79,-1.71,202.22,-1.36
436.80,202.23,-1.56,204.15,-1.51,201.71,-1.20
437.20,201.64,-1.35,203.59,-1.30,201.26,-1.04
437.60,201.15,-1.14,203.11,-1.10,200.88,-0.87
438.00,200.74,-0.91,202.71,-0.88,200.57,-0.70
438.40,200.41,-0.69,202.40,-0.66,200.32,-0.53
438.80,200.18,-0.46,202.18,-0.44,200.14,-0.35
439.20,200.05,-0.23,202.04,-0.22,200.04,-0.18
439.60,200.00,-0.12,202.00,-0.11,200.00,-0.09
