Time Stamp,Elapsed Time (s),Position_U1 (mm),Position_U2 (mm),Position_U3 (mm)
2026-05-27 18:14:55.672,0.010953,200.000,202.000,200.000
2026-05-27 18:14:58.720,3.049552,200.000,202.000,200.000
2026-05-27 18:15:00.228,4.558118,201.717,205.508,202.537
2026-05-27 18:15:01.737,6.066849,201.717,205.508,202.537
2026-05-27 18:15:03.246,7.575564,201.085,214.957,203.007
2026-05-27 18:15:04.755,9.084882,201.085,214.957,203.007
2026-05-27 18:15:06.269,10.598722,208.898,215.912,200.851
2026-05-27 18:15:07.779,12.108317,208.898,215.912,200.851
2026-05-27 18:15:09.291,13.620737,208.049,224.476,202.345
2026-05-27 18:15:10.800,15.129478,208.049,224.476,202.345
2026-05-27 18:15:12.316,16.645413,208.429,224.953,208.758
2026-05-27 18:15:13.827,18.156242,208.429,224.953,208.758
2026-05-27 18:15:15.340,19.669503,205.655,222.309,213.603
2026-05-27 18:15:16.848,21.177657,205.655,222.309,213.603
2026-05-27 18:15:18.358,22.687208,203.694,224.073,216.746
2026-05-27 18:15:19.868,24.197682,203.694,224.073,216.746
2026-05-27 18:15:21.378,25.707765,201.339,228.492,219.168
2026-05-27 18:15:22.889,27.218153,201.339,228.492,219.168
2026-05-27 18:15:24.397,28.726866,204.616,229.539,223.798
2026-05-27 18:15:25.906,30.235310,204.616,229.539,223.798
2026-05-27 18:15:27.414,31.743358,204.885,227.835,225.465
2026-05-27 18:15:28.922,33.251387,204.885,227.835,225.465
2026-05-27 18:15:30.430,34.759109,205.808,228.890,229.516
2026-05-27 18:15:31.938,36.267112,205.808,228.890,229.516
2026-05-27 18:15:33.448,37.777614,210.753,231.980,228.162
2026-05-27 18:15:34.957,39.286021,210.753,231.980,228.162
2026-05-27 18:15:36.472,40.800945,206.873,238.767,221.006
2026-05-27 18:15:37.980,42.309337,206.873,238.767,221.006
2026-05-27 18:15:39.496,43.825063,201.288,247.816,218.830
2026-05-27 18:15:41.004,45.333446,201.288,247.816,218.830
2026-05-27 18:15:42.515,46.844493,206.253,244.555,214.011
2026-05-27 18:15:44.026,48.355190,206.253,244.555,214.011
2026-05-27 18:15:45.538,49.867268,211.792,243.507,215.457
2026-05-27 18:15:47.049,51.377746,211.792,243.507,215.457
2026-05-27 18:15:48.568,52.896684,218.423,246.583,205.187
2026-05-27 18:15:50.076,54.405181,218.423,246.583,205.187
2026-05-27 18:15:51.586,55.914906,219.673,244.069,208.596
2026-05-27 18:15:53.097,57.425935,219.673,244.069,208.596
2026-05-27 18:15:54.614,58.942837,224.476,244.325,213.595
2026-05-27 18:15:56.124,60.452976,224.476,244.325,213.595
2026-05-27 18:15:57.638,61.967016,231.779,243.277,220.107
2026-05-27 18:15:59.147,63.475546,231.779,243.277,220.107
2026-05-27 18:16:00.663,64.991594,227.240,247.586,217.483
2026-05-27 18:16:02.171,66.500146,227.240,247.586,217.483
2026-05-27 18:16:03.685,68.014352,224.120,248.000,219.712
2026-05-27 18:16:05.194,69.522706,224.120,248.000,219.712
2026-05-27 18:16:06.708,71.036973,221.773,244.321,222.384
2026-05-27 18:16:08.217,72.545637,221.773,244.321,222.384
2026-05-27 18:16:09.733,74.062347,218.790,242.135,222.942
2026-05-27 18:16:11.245,75.573869,218.790,242.135,222.942
2026-05-27 18:16:12.757,77.086216,217.152,245.111,223.412
2026-05-27 18:16:14.266,78.594628,217.152,245.111,223.412
2026-05-27 18:16:15.775,80.103933,216.051,243.237,225.602
2026-05-27 18:16:17.286,81.614392,216.051,243.237,225.602
2026-05-27 18:16:18.802,83.133899,219.724,246.415,228.227
2026-05-27 18:16:20.314,84.643085,219.724,246.415,228.227
2026-05-27 18:16:21.830,86.158711,220.845,246.117,233.888
2026-05-27 18:16:23.338,87.666926,220.845,246.117,233.888
2026-05-27 18:16:24.853,89.182007,222.079,246.332,238.287
2026-05-27 18:16:26.364,90.692972,222.079,246.332,238.287
2026-05-27 18:16:27.876,92.204951,225.989,247.194,239.609
2026-05-27 18:16:29.385,93.713330,225.989,247.194,239.609
2026-05-27 18:16:30.900,95.228626,232.237,245.701,227.376
2026-05-27 18:16:32.412,96.740337,232.237,245.701,227.376
2026-05-27 18:16:33.925,98.253570,228.041,240.991,227.189
2026-05-27 18:16:35.433,99.764402,228.041,240.991,227.189
2026-05-27 18:16:36.948,101.276240,229.173,242.609,232.060
2026-05-27 18:16:38.456,102.784942,229.173,242.609,232.060
2026-05-27 18:16:39.973,104.301842,229.518,239.146,233.828
2026-05-27 18:16:41.483,105.811741,229.518,239.146,233.828
2026-05-27 18:16:42.995,107.323623,233.096,236.890,234.102
2026-05-27 18:16:44.504,108.835188,233.096,236.890,234.102
2026-05-27 18:16:46.021,110.349406,237.258,238.875,235.314
2026-05-27 18:16:47.531,111.859564,237.258,238.875,235.314
2026-05-27 18:16:49.043,113.371354,238.097,237.739,232.547
2026-05-27 18:16:50.551,114.879434,238.097,237.739,232.547
2026-05-27 18:16:52.067,116.395338,242.452,233.445,238.640
2026-05-27 18:16:53.576,117.904132,242.452,233.445,238.640
2026-05-27 18:16:55.091,119.419366,247.594,231.617,240.270
2026-05-27 18:16:56.599,120.927852,247.594,231.617,240.270
2026-05-27 18:16:58.115,122.443147,246.718,227.054,235.439
2026-05-27 18:16:59.626,123.954356,246.718,227.054,235.439
2026-05-27 18:17:01.139,125.467039,244.364,227.841,234.537
2026-05-27 18:17:02.647,126.975471,244.364,227.841,234.537
2026-05-27 18:17:04.163,128.491774,246.328,228.454,230.645
2026-05-27 18:17:05.674,130.002244,246.328,228.454,230.645
2026-05-27 18:17:07.187,131.515527,244.486,237.048,229.983
2026-05-27 18:17:08.696,133.024024,244.486,237.048,229.983
2026-05-27 18:17:10.206,134.534411,239.634,241.107,226.224
2026-05-27 18:17:11.716,136.044791,239.634,241.107,226.224
2026-05-27 18:17:13.228,137.556471,238.366,242.777,224.796
2026-05-27 18:17:14.739,139.067185,238.366,242.777,224.796
2026-05-27 18:17:16.254,140.582211,244.628,247.534,232.433
2026-05-27 18:17:17.764,142.092748,244.628,247.534,232.433
2026-05-27 18:17:19.276,143.603802,247.818,243.527,239.981
2026-05-27 18:17:20.786,145.114250,247.818,243.527,239.981
2026-05-27 18:17:22.302,146.632972,243.941,239.075,244.376
2026-05-27 18:17:23.813,148.141439,243.941,239.075,244.376
2026-05-27 18:17:25.328,149.656658,248.000,248.000,248.000
2026-05-27 18:17:26.840,151.168431,248.000,248.000,248.000
2026-05-27 18:17:28.352,152.680652,240.806,244.817,247.702
2026-05-27 18:17:29.861,154.189009,240.806,244.817,247.702
2026-05-27 18:17:31.370,155.698278,236.660,240.115,244.759
2026-05-27 18:17:32.881,157.209189,236.660,240.115,244.759
2026-05-27 18:17:34.398,158.725704,228.567,240.737,243.225
2026-05-27 18:17:35.908,160.236535,228.567,240.737,243.225
2026-05-27 18:17:37.424,161.752102,226.888,241.496,243.792
2026-05-27 18:17:38.935,163.262857,226.888,241.496,243.792
2026-05-27 18:17:40.447,164.775328,220.279,239.254,242.357
2026-05-27 18:17:41.957,166.286934,220.279,239.254,242.357
2026-05-27 18:17:43.470,167.798463,217.285,235.062,246.006
2026-05-27 18:17:44.980,169.307918,217.285,235.062,246.006
2026-05-27 18:17:46.495,170.823052,215.271,233.731,247.567
2026-05-27 18:17:48.003,172.331045,215.271,233.731,247.567
2026-05-27 18:17:49.520,173.848218,214.634,234.704,247.304
2026-05-27 18:17:51.031,175.359090,214.634,234.704,247.304
2026-05-27 18:17:52.542,176.870435,208.655,233.306,247.905
2026-05-27 18:17:54.051,178.378465,208.655,233.306,247.905
2026-05-27 18:17:55.566,179.893663,200.000,248.000,248.000
2026-05-27 18:17:57.078,181.406473,200.000,248.000,248.000
2026-05-27 18:17:58.590,182.917744,215.126,247.340,240.953
2026-05-27 18:18:00.099,184.426563,215.126,247.340,240.953
2026-05-27 18:18:01.610,185.937629,214.090,242.364,236.217
2026-05-27 18:18:03.119,187.447314,214.090,242.364,236.217
2026-05-27 18:18:04.637,188.965032,212.356,240.684,233.865
2026-05-27 18:18:06.147,190.474891,212.356,240.684,233.865
2026-05-27 18:18:07.656,191.983805,211.338,245.212,232.124
2026-05-27 18:18:09.166,193.494291,211.338,245.212,232.124
2026-05-27 18:18:10.682,195.012500,202.260,242.738,227.691
2026-05-27 18:18:12.193,196.520587,202.260,242.738,227.691
2026-05-27 18:18:13.703,198.030804,205.836,241.063,235.005
2026-05-27 18:18:15.214,199.541421,205.836,241.063,235.005
2026-05-27 18:18:16.729,201.057184,200.156,240.805,236.783
2026-05-27 18:18:18.240,202.567891,200.156,240.805,236.783
2026-05-27 18:18:19.757,204.084814,201.559,239.648,239.749
2026-05-27 18:18:21.266,205.593335,201.559,239.648,239.749
2026-05-27 18:18:22.775,207.102911,202.957,240.248,241.973
2026-05-27 18:18:24.286,208.613431,202.957,240.248,241.973
2026-05-27 18:18:25.796,210.123241,200.072,233.837,245.239
2026-05-27 18:18:27.304,211.632139,200.072,233.837,245.239
2026-05-27 18:18:28.813,213.140650,202.897,233.985,244.006
2026-05-27 18:18:30.321,214.648630,202.897,233.985,244.006
2026-05-27 18:18:31.830,216.157983,203.496,230.254,236.928
2026-05-27 18:18:33.338,217.665834,203.496,230.254,236.928
2026-05-27 18:18:34.847,219.174268,205.578,232.871,232.716
2026-05-27 18:18:36.355,220.682191,205.578,232.871,232.716
2026-05-27 18:18:37.866,222.193416,209.012,228.997,234.645
2026-05-27 18:18:39.374,223.701644,209.012,228.997,234.645
2026-05-27 18:18:40.890,225.217634,212.604,228.685,234.385
2026-05-27 18:18:42.398,226.725875,212.604,228.685,234.385
2026-05-27 18:18:43.914,228.241855,215.414,227.693,238.742
2026-05-27 18:18:45.426,229.753105,215.414,227.693,238.742
2026-05-27 18:18:46.938,231.265308,211.443,228.938,240.196
2026-05-27 18:18:48.447,232.774305,211.443,228.938,240.196
2026-05-27 18:18:49.956,234.283698,207.655,225.269,242.360
2026-05-27 18:18:51.466,235.793869,207.655,225.269,242.360
2026-05-27 18:18:52.984,237.311874,210.108,223.169,238.397
2026-05-27 18:18:54.494,238.820974,210.108,223.169,238.397
2026-05-27 18:18:56.003,240.330611,210.453,219.562,244.516
2026-05-27 18:18:57.512,241.839882,210.453,219.562,244.516
2026-05-27 18:18:59.032,243.359765,208.606,218.515,247.571
2026-05-27 18:19:00.541,244.868503,208.606,218.515,247.571
2026-05-27 18:19:02.057,246.384744,203.254,211.332,247.492
2026-05-27 18:19:03.569,247.896575,203.254,211.332,247.492
2026-05-27 18:19:05.082,249.409632,200.000,202.000,248.000
2026-05-27 18:19:06.592,250.919443,200.000,202.000,248.000
2026-05-27 18:19:08.104,252.431519,206.056,204.017,240.316
2026-05-27 18:19:09.616,253.942867,206.056,204.017,240.316
2026-05-27 18:19:11.127,255.454412,211.205,206.276,238.302
2026-05-27 18:19:12.636,256.962814,211.205,206.276,238.302
2026-05-27 18:19:14.152,258.479421,216.310,212.420,239.124
2026-05-27 18:19:15.663,259.990209,216.310,212.420,239.124
2026-05-27 18:19:17.175,261.502682,221.903,213.623,238.443
2026-05-27 18:19:18.684,263.010964,221.903,213.623,238.443
2026-05-27 18:19:20.199,264.525979,225.077,219.262,235.441
2026-05-27 18:19:21.709,266.035866,225.077,219.262,235.441
2026-05-27 18:19:23.222,267.549465,215.632,220.570,227.501
2026-05-27 18:19:24.731,269.058003,215.632,220.570,227.501
2026-05-27 18:19:26.247,270.574439,213.335,221.094,222.546
2026-05-27 18:19:27.758,272.085435,213.335,221.094,222.546
2026-05-27 18:19:29.270,273.596973,209.791,220.866,222.426
2026-05-27 18:19:30.778,275.105438,209.791,220.866,222.426
2026-05-27 18:19:32.289,276.615863,213.041,224.420,224.190
2026-05-27 18:19:33.801,278.128471,213.041,224.420,224.190
2026-05-27 18:19:35.314,279.641333,210.282,226.138,221.158
2026-05-27 18:19:36.825,281.151862,210.282,226.138,221.158
2026-05-27 18:19:38.342,282.668589,214.286,226.768,217.927
2026-05-27 18:19:39.853,284.179576,214.286,226.768,217.927
2026-05-27 18:19:41.365,285.691548,216.902,230.561,215.958
2026-05-27 18:19:42.873,287.199984,216.902,230.561,215.958
2026-05-27 18:19:44.388,288.715274,216.855,230.258,219.517
2026-05-27 18:19:45.897,290.223738,216.855,230.258,219.517
2026-05-27 18:19:47.412,291.738907,212.902,230.674,223.054
2026-05-27 18:19:48.921,293.247681,212.902,230.674,223.054
2026-05-27 18:19:50.429,294.756209,211.858,232.589,222.070
2026-05-27 18:19:51.939,296.265971,211.858,232.589,222.070
2026-05-27 18:19:53.449,297.775802,213.144,231.838,219.492
2026-05-27 18:19:54.957,299.284210,213.144,231.838,219.492
2026-05-27 18:19:56.465,300.792159,207.697,230.085,217.010
2026-05-27 18:19:57.973,302.300092,207.697,230.085,217.010
2026-05-27 18:19:59.481,303.807927,206.659,233.464,213.740
2026-05-27 18:20:00.989,305.316326,206.659,233.464,213.740
2026-05-27 18:20:02.498,306.825191,205.394,232.626,211.765
2026-05-27 18:20:04.007,308.333637,205.394,232.626,211.765
2026-05-27 18:20:05.517,309.843360,204.065,235.738,210.084
2026-05-27 18:20:07.027,311.353712,204.065,235.738,210.084
2026-05-27 18:20:08.543,312.869728,202.602,231.562,203.667
2026-05-27 18:20:10.053,314.380037,202.602,231.562,203.667
2026-05-27 18:20:11.570,315.896552,204.206,235.143,201.650
2026-05-27 18:20:13.078,317.404616,204.206,235.143,201.650
2026-05-27 18:20:14.593,318.919400,203.927,238.451,205.255
2026-05-27 18:20:16.101,320.427772,203.927,238.451,205.255
2026-05-27 18:20:17.617,321.943584,203.094,244.655,201.622
2026-05-27 18:20:19.126,323.452962,203.094,244.655,201.622
2026-05-27 18:20:20.641,324.967854,200.000,248.000,200.000
2026-05-27 18:20:22.150,326.476729,200.000,248.000,200.000
2026-05-27 18:20:23.665,327.991630,209.179,244.070,204.674
2026-05-27 18:20:25.177,329.503406,209.179,244.070,204.674
2026-05-27 18:20:26.688,331.014739,211.981,243.878,200.582
2026-05-27 18:20:28.197,332.523523,211.981,243.878,200.582
2026-05-27 18:20:29.712,334.039000,212.041,238.383,202.964
2026-05-27 18:20:31.221,335.547265,212.041,238.383,202.964
2026-05-27 18:20:32.729,337.055688,213.581,235.583,205.963
2026-05-27 18:20:34.239,338.565183,213.581,235.583,205.963
2026-05-27 18:20:35.749,340.075137,209.732,230.660,206.415
2026-05-27 18:20:37.257,341.583531,209.732,230.660,206.415
2026-05-27 18:20:38.765,343.091463,213.688,228.053,202.530
2026-05-27 18:20:40.273,344.599290,213.688,228.053,202.530
2026-05-27 18:20:41.781,346.106967,218.163,226.924,202.883
2026-05-27 18:20:43.289,347.615082,218.163,226.924,202.883
2026-05-27 18:20:44.797,349.123862,223.610,226.509,205.534
2026-05-27 18:20:46.309,350.635658,223.610,226.509,205.534
2026-05-27 18:20:47.822,352.148079,228.387,228.193,209.941
2026-05-27 18:20:49.330,353.659088,228.387,228.193,209.941
2026-05-27 18:20:50.846,355.171893,227.918,231.303,205.856
2026-05-27 18:20:52.357,356.682895,227.918,231.303,205.856
2026-05-27 18:20:53.868,358.194254,228.964,232.151,208.037
2026-05-27 18:20:55.378,359.706727,228.964,232.151,208.037
2026-05-27 18:20:56.893,361.219362,230.865,233.957,207.458
2026-05-27 18:20:58.402,362.728114,230.865,233.957,207.458
2026-05-27 18:20:59.917,364.243448,232.547,233.691,205.631
2026-05-27 18:21:01.429,365.754996,232.547,233.691,205.631
2026-05-27 18:21:02.939,367.265489,235.808,235.588,206.033
2026-05-27 18:21:04.448,368.774215,235.808,235.588,206.033
2026-05-27 18:21:05.961,370.289916,236.205,236.967,204.414
2026-05-27 18:21:07.472,371.798060,236.205,236.967,204.414
2026-05-27 18:21:08.988,373.314236,236.088,243.778,200.980
2026-05-27 18:21:10.500,374.826019,236.088,243.778,200.980
2026-05-27 18:21:12.012,376.337878,236.855,245.642,205.908
2026-05-27 18:21:13.520,377.846273,236.855,245.642,205.908
2026-05-27 18:21:15.033,379.358698,235.218,244.462,205.493
2026-05-27 18:21:16.544,380.870096,235.218,244.462,205.493
2026-05-27 18:21:18.053,382.379278,229.877,245.383,204.450
2026-05-27 18:21:19.573,383.899217,229.877,245.383,204.450
2026-05-27 18:21:21.084,385.410380,227.811,237.544,207.935
2026-05-27 18:21:22.596,386.921701,227.811,237.544,207.935
2026-05-27 18:21:24.108,388.435007,231.591,244.097,210.929
2026-05-27 18:21:25.617,389.943400,231.591,244.097,210.929
2026-05-27 18:21:27.130,391.456278,236.778,241.478,213.016
2026-05-27 18:21:28.639,392.964705,236.778,241.478,213.016
2026-05-27 18:21:30.154,394.479632,237.562,237.872,213.501
2026-05-27 18:21:31.664,395.992348,237.562,237.872,213.501
2026-05-27 18:21:33.178,397.503779,237.695,234.834,218.329
2026-05-27 18:21:34.690,399.016130,237.695,234.834,218.329
2026-05-27 18:21:36.200,400.525840,240.279,233.021,214.191
2026-05-27 18:21:37.711,402.036754,240.279,233.021,214.191
2026-05-27 18:21:39.222,403.547744,234.885,230.849,210.985
2026-05-27 18:21:40.731,405.057246,234.885,230.849,210.985
2026-05-27 18:21:42.249,406.575152,234.444,226.804,202.784
2026-05-27 18:21:43.757,408.083274,234.444,226.804,202.784
2026-05-27 18:21:45.267,409.593236,234.738,220.782,210.176
2026-05-27 18:21:46.779,411.104858,234.738,220.782,210.176
2026-05-27 18:21:48.297,412.623111,230.690,221.354,214.772
2026-05-27 18:21:49.809,414.134963,230.690,221.354,214.772
2026-05-27 18:21:51.321,415.646654,230.246,225.919,213.784
2026-05-27 18:21:52.831,417.159148,230.246,225.919,213.784
2026-05-27 18:21:54.345,418.670750,232.694,226.114,215.459
2026-05-27 18:21:55.853,420.178878,232.694,226.114,215.459
2026-05-27 18:21:57.364,421.689573,234.996,226.774,218.093
2026-05-27 18:21:58.874,423.199975,234.996,226.774,218.093
2026-05-27 18:22:00.391,424.717355,246.036,226.032,216.932
2026-05-27 18:22:01.904,426.230117,246.036,226.032,216.932
2026-05-27 18:22:03.416,427.741814,243.638,222.313,222.393
2026-05-27 18:22:04.924,429.250034,243.638,222.313,222.393
2026-05-27 18:22:06.440,430.765696,238.297,221.437,223.553
2026-05-27 18:22:07.949,432.274486,238.297,221.437,223.553
2026-05-27 18:22:09.462,433.787766,233.430,221.044,223.033
2026-05-27 18:22:10.974,435.299889,233.430,221.044,223.033
2026-05-27 18:22:12.484,436.809313,232.347,217.762,224.700
2026-05-27 18:22:13.993,438.318908,232.347,217.762,224.700
2026-05-27 18:22:15.503,439.828456,228.693,220.188,224.368
2026-05-27 18:22:17.013,441.339075,228.693,220.188,224.368
2026-05-27 18:22:18.525,442.850855,231.014,224.257,225.284
2026-05-27 18:22:20.037,444.362219,231.014,224.257,225.284
2026-05-27 18:22:21.546,445.871273,229.382,225.445,227.694
2026-05-27 18:22:23.054,447.379245,229.382,225.445,227.694
2026-05-27 18:22:24.562,448.887173,224.242,224.001,231.453
2026-05-27 18:22:26.069,450.394935,224.242,224.001,231.453
2026-05-27 18:22:27.578,451.903801,222.168,230.005,235.101
2026-05-27 18:22:29.087,453.412217,222.168,230.005,235.101
2026-05-27 18:22:30.596,454.921219,222.712,233.115,239.326
2026-05-27 18:22:32.106,456.433823,222.712,233.115,239.326
2026-05-27 18:22:33.620,457.945078,226.620,232.439,247.489
2026-05-27 18:22:35.128,459.453727,226.620,232.439,247.489
2026-05-27 18:22:36.645,460.970844,228.212,234.625,243.131
2026-05-27 18:22:38.154,462.479207,228.212,234.625,243.131
2026-05-27 18:22:39.664,463.989260,228.671,233.856,239.728
2026-05-27 18:22:41.175,465.500769,228.671,233.856,239.728
2026-05-27 18:22:42.692,467.019332,225.374,235.672,238.103
2026-05-27 18:22:44.204,468.529238,225.374,235.672,238.103
2026-05-27 18:22:45.716,470.041060,223.814,236.746,234.786
2026-05-27 18:22:47.227,471.552822,223.814,236.746,234.786
2026-05-27 18:22:48.739,473.064307,219.108,236.937,236.194
2026-05-27 18:22:50.251,474.576366,219.108,236.937,236.194
2026-05-27 18:22:51.762,476.087588,214.587,234.648,236.236
2026-05-27 18:22:53.274,477.599823,214.587,234.648,236.236
2026-05-27 18:22:54.787,479.112123,217.471,235.073,230.780
2026-05-27 18:22:56.295,480.620380,217.471,235.073,230.780
2026-05-27 18:22:57.806,482.131057,219.879,231.317,225.850
2026-05-27 18:22:59.319,483.643807,219.879,231.317,225.850
2026-05-27 18:23:00.835,485.160191,222.525,231.262,224.148
2026-05-27 18:23:02.346,486.671034,222.525,231.262,224.148
2026-05-27 18:23:03.857,488.182202,223.005,234.409,222.867
2026-05-27 18:23:05.367,489.691722,223.005,234.409,222.867
2026-05-27 18:23:06.877,491.202116,221.690,239.295,217.773
2026-05-27 18:23:08.388,492.713142,221.690,239.295,217.773
2026-05-27 18:23:09.902,494.227136,219.148,238.510,217.244
2026-05-27 18:23:11.413,495.738480,219.148,238.510,217.244
2026-05-27 18:23:12.925,497.250348,219.395,242.469,213.743
2026-05-27 18:23:14.436,498.761429,219.395,242.469,213.743
2026-05-27 18:23:15.953,500.277828,221.223,235.988,213.875
2026-05-27 18:23:17.462,501.787041,221.223,235.988,213.875
2026-05-27 18:23:18.974,503.299162,226.279,234.403,213.141
2026-05-27 18:23:20.486,504.810624,226.279,234.403,213.141
2026-05-27 18:23:22.001,506.327456,227.137,227.902,217.889
2026-05-27 18:23:23.512,507.837711,227.137,227.902,217.889
2026-05-27 18:23:25.022,509.346749,225.019,225.844,219.666
2026-05-27 18:23:26.532,510.856860,225.019,225.844,219.666
2026-05-27 18:23:28.044,512.369217,225.701,221.902,216.928
2026-05-27 18:23:29.555,513.880400,225.701,221.902,216.928
2026-05-27 18:23:31.066,515.390746,223.255,218.550,214.921
2026-05-27 18:23:32.577,516.902148,223.255,218.550,214.921
2026-05-27 18:23:34.089,518.413553,220.588,215.452,208.901
2026-05-27 18:23:35.598,519.923066,220.588,215.452,208.901
2026-05-27 18:23:37.109,521.433938,220.802,209.734,212.246
2026-05-27 18:23:38.617,522.941521,220.802,209.734,212.246
2026-05-27 18:23:40.125,524.449486,223.784,207.719,214.328
2026-05-27 18:23:41.634,525.958391,223.784,207.719,214.328
2026-05-27 18:23:43.141,527.466332,226.166,207.106,214.720
2026-05-27 18:23:44.650,528.974511,226.166,207.106,214.720
2026-05-27 18:23:46.159,530.483818,225.557,207.724,221.663
2026-05-27 18:23:47.670,531.994440,225.557,207.724,221.663
2026-05-27 18:23:49.181,533.508081,233.802,205.060,213.148
2026-05-27 18:23:50.692,535.016729,233.802,205.060,213.148
2026-05-27 18:23:52.203,536.529449,231.040,203.394,207.302
2026-05-27 18:23:53.717,538.041421,231.040,203.394,207.302
2026-05-27 18:23:55.231,539.555767,233.274,203.469,203.936
2026-05-27 18:23:56.740,541.064509,233.274,203.469,203.936
2026-05-27 18:23:58.253,542.577522,226.763,202.944,205.323
2026-05-27 18:23:59.762,544.086917,226.763,202.944,205.323
2026-05-27 18:24:01.273,545.597451,223.233,203.253,205.727
2026-05-27 18:24:02.784,547.109009,223.233,203.253,205.727
2026-05-27 18:24:04.296,548.620736,231.135,211.535,202.400
2026-05-27 18:24:05.807,550.131413,231.135,211.535,202.400
2026-05-27 18:24:07.324,551.648470,231.373,214.224,206.947
2026-05-27 18:24:08.832,553.156937,231.373,214.224,206.947
2026-05-27 18:24:10.347,554.672111,227.434,215.535,207.754
2026-05-27 18:24:11.856,556.180188,227.434,215.535,207.754
2026-05-27 18:24:13.372,557.696198,229.587,213.587,214.585
2026-05-27 18:24:14.880,559.204552,229.587,213.587,214.585
2026-05-27 18:24:16.391,560.715474,233.967,212.623,215.876
2026-05-27 18:24:17.901,562.225129,233.967,212.623,215.876
2026-05-27 18:24:19.416,563.741129,236.482,211.336,221.570
2026-05-27 18:24:20.927,565.251791,236.482,211.336,221.570
2026-05-27 18:24:22.442,566.766714,238.019,214.115,218.571
2026-05-27 18:24:23.952,568.276775,238.019,214.115,218.571
2026-05-27 18:24:25.467,569.791041,239.119,215.004,218.915
2026-05-27 18:24:26.975,571.299519,239.119,215.004,218.915
2026-05-27 18:24:28.490,572.814824,238.819,212.089,218.522
2026-05-27 18:24:29.999,574.323305,238.819,212.089,218.522
2026-05-27 18:24:31.518,575.842018,239.258,208.790,219.258
2026-05-27 18:24:33.027,577.351395,239.258,208.790,219.258
2026-05-27 18:24:34.536,578.861640,244.191,202.777,214.571
2026-05-27 18:24:36.046,580.370480,244.191,202.777,214.571
2026-05-27 18:24:37.562,581.886855,241.535,204.972,209.227
2026-05-27 18:24:39.072,583.397340,241.535,204.972,209.227
2026-05-27 18:24:40.582,584.906363,241.870,209.384,208.288
2026-05-27 18:24:42.093,586.417141,241.870,209.384,208.288
2026-05-27 18:24:43.602,587.926830,247.212,211.383,207.269
2026-05-27 18:24:45.113,589.437532,247.212,211.383,207.269
2026-05-27 18:24:46.632,590.956654,240.768,214.468,212.760
2026-05-27 18:24:48.140,592.464721,240.768,214.468,212.760
2026-05-27 18:24:49.657,593.981359,242.791,212.540,216.565
2026-05-27 18:24:51.166,595.490319,242.791,212.540,216.565
2026-05-27 18:24:52.683,597.006974,243.762,213.106,215.132
2026-05-27 18:24:54.192,598.515768,243.762,213.106,215.132
2026-05-27 18:24:55.700,600.024440,246.277,215.965,216.241
2026-05-27 18:24:57.212,601.535981,246.277,215.965,216.241
2026-05-27 18:24:58.729,603.052911,247.013,216.672,217.244
2026-05-27 18:25:00.237,604.561019,247.013,216.672,217.244
2026-05-27 18:25:01.754,606.077849,246.535,214.782,230.524
2026-05-27 18:25:03.263,607.587229,246.535,214.782,230.524
2026-05-27 18:25:04.774,609.098063,241.167,212.337,227.273
2026-05-27 18:25:06.285,610.608768,241.167,212.337,227.273
2026-05-27 18:25:07.802,612.125901,245.114,206.730,226.701
2026-05-27 18:25:09.311,613.635120,245.114,206.730,226.701
2026-05-27 18:25:10.821,615.144815,240.046,202.094,231.976
2026-05-27 18:25:12.331,616.655431,240.046,202.094,231.976
2026-05-27 18:25:13.841,618.165057,232.503,206.933,230.821
2026-05-27 18:25:15.351,619.675005,232.503,206.933,230.821
2026-05-27 18:25:16.862,621.186033,225.252,205.829,225.476
2026-05-27 18:25:18.371,622.694991,225.252,205.829,225.476
2026-05-27 18:25:19.881,624.205438,220.072,204.027,223.228
2026-05-27 18:25:21.390,625.713547,220.072,204.027,223.228
2026-05-27 18:25:22.898,627.221468,216.673,211.549,228.907
2026-05-27 18:25:24.406,628.729500,216.673,211.549,228.907
2026-05-27 18:25:25.913,630.237265,218.219,213.625,232.718
2026-05-27 18:25:27.421,631.745208,218.219,213.625,232.718
2026-05-27 18:25:28.932,633.256218,221.574,213.733,231.391
2026-05-27 18:25:30.444,634.767968,221.574,213.733,231.391
2026-05-27 18:25:31.956,636.279995,221.553,210.061,230.983
2026-05-27 18:25:33.464,637.788136,221.553,210.061,230.983
2026-05-27 18:25:34.974,639.297996,224.826,210.054,229.038
2026-05-27 18:25:36.484,640.807697,224.826,210.054,229.038
2026-05-27 18:25:37.994,642.317537,227.667,217.521,227.382
2026-05-27 18:25:39.505,643.828337,227.667,217.521,227.382
2026-05-27 18:25:41.015,645.338743,233.618,212.059,234.345
2026-05-27 18:25:42.523,646.846601,233.618,212.059,234.345
2026-05-27 18:25:44.033,648.356747,225.963,207.759,239.068
2026-05-27 18:25:45.541,649.864521,225.963,207.759,239.068
2026-05-27 18:25:47.049,651.372313,223.416,207.754,244.953
2026-05-27 18:25:48.559,652.882495,223.416,207.754,244.953
2026-05-27 18:25:50.067,654.390590,220.399,205.748,242.473
2026-05-27 18:25:51.575,655.898386,220.399,205.748,242.473
2026-05-27 18:25:53.089,657.413251,224.677,204.228,239.983
2026-05-27 18:25:54.602,658.925367,224.677,204.228,239.983
2026-05-27 18:25:56.113,660.436920,221.042,205.823,234.544
2026-05-27 18:25:57.621,661.944803,221.042,205.823,234.544
2026-05-27 18:25:59.138,663.461965,214.356,203.273,231.169
2026-05-27 18:26:00.647,664.970341,214.356,203.273,231.169
2026-05-27 18:26:02.158,666.481120,209.189,207.777,234.866
2026-05-27 18:26:03.668,667.991892,209.189,207.777,234.866
2026-05-27 18:26:05.181,669.504425,204.775,207.175,233.084
2026-05-27 18:26:06.691,671.014933,204.775,207.175,233.084
2026-05-27 18:26:08.208,672.531705,200.558,202.041,232.098
2026-05-27 18:26:09.717,674.040844,200.558,202.041,232.098
2026-05-27 18:26:11.227,675.550491,200.230,202.636,228.168
2026-05-27 18:26:12.738,677.061523,200.230,202.636,228.168
2026-05-27 18:26:14.257,678.580512,207.029,205.246,225.105
2026-05-27 18:26:15.765,680.088912,207.029,205.246,225.105
2026-05-27 18:26:17.281,681.604727,207.487,202.823,223.409
2026-05-27 18:26:18.792,683.115561,207.487,202.823,223.409
2026-05-27 18:26:20.304,684.626924,212.529,205.066,222.872
2026-05-27 18:26:21.812,686.135492,212.529,205.066,222.872
2026-05-27 18:26:23.328,687.651160,208.178,206.406,221.319
2026-05-27 18:26:24.836,689.159478,208.178,206.406,221.319
2026-05-27 18:26:26.353,690.676449,210.632,208.350,216.626
2026-05-27 18:26:27.865,692.188392,210.632,208.350,216.626
2026-05-27 18:26:29.374,693.697893,215.326,206.985,213.469
2026-05-27 18:26:30.887,695.210731,215.326,206.985,213.469
2026-05-27 18:26:32.399,696.721899,205.230,203.847,213.745
2026-05-27 18:26:33.907,698.230323,205.230,203.847,213.745
2026-05-27 18:26:35.423,699.746106,201.956,210.253,211.736
2026-05-27 18:26:36.934,701.257264,201.956,210.253,211.736
2026-05-27 18:26:38.446,702.768976,206.538,207.345,208.667
2026-05-27 18:26:39.959,704.281822,206.538,207.345,208.667
2026-05-27 18:26:41.471,705.793734,207.365,210.226,207.161
2026-05-27 18:26:42.979,707.302127,207.365,210.226,207.161
2026-05-27 18:26:44.497,708.819862,208.956,209.855,209.352
2026-05-27 18:26:46.005,710.328221,208.956,209.855,209.352
2026-05-27 18:26:47.518,711.840907,214.814,207.459,202.711
2026-05-27 18:26:49.027,713.350538,214.814,207.459,202.711
2026-05-27 18:26:50.538,714.861718,215.832,210.531,207.797
2026-05-27 18:26:52.048,716.371096,215.832,210.531,207.797
2026-05-27 18:26:53.558,717.880963,214.062,213.172,209.894
2026-05-27 18:26:55.070,719.393102,214.062,213.172,209.894
2026-05-27 18:26:56.589,720.912243,216.506,215.160,210.876
2026-05-27 18:26:58.098,722.420809,216.506,215.160,210.876
2026-05-27 18:26:59.609,723.932042,217.825,214.290,213.736
2026-05-27 18:27:01.120,725.442707,217.825,214.290,213.736
2026-05-27 18:27:02.630,726.953066,218.698,217.492,216.361
2026-05-27 18:27:04.141,728.463801,218.698,217.492,216.361
2026-05-27 18:27:05.652,729.974858,210.908,216.734,214.325
2026-05-27 18:27:07.161,731.484345,210.908,216.734,214.325
2026-05-27 18:27:08.669,732.992194,207.165,214.999,217.064
2026-05-27 18:27:10.177,734.500335,207.165,214.999,217.064
2026-05-27 18:27:11.685,736.009241,201.162,208.732,219.324
2026-05-27 18:27:13.196,737.518589,201.162,208.732,219.324
2026-05-27 18:27:14.704,739.026718,200.735,208.547,222.538
2026-05-27 18:27:16.211,740.534485,200.735,208.547,222.538
2026-05-27 18:27:17.722,742.045418,202.192,210.780,225.082
2026-05-27 18:27:19.232,743.555402,202.192,210.780,225.082
2026-05-27 18:27:20.744,745.067331,204.401,219.179,228.020
2026-05-27 18:27:22.257,746.580204,204.401,219.179,228.020
2026-05-27 18:27:23.768,748.090786,200.767,217.302,232.129
2026-05-27 18:27:25.276,749.598855,200.767,217.302,232.129
2026-05-27 18:27:26.791,751.113916,202.741,220.418,234.621
2026-05-27 18:27:28.302,752.624769,202.741,220.418,234.621
2026-05-27 18:27:29.817,754.139624,203.429,214.703,237.419
2026-05-27 18:27:31.325,755.647810,203.429,214.703,237.419
2026-05-27 18:27:32.837,757.159642,209.420,213.849,240.472
2026-05-27 18:27:34.348,758.670418,209.420,213.849,240.472
2026-05-27 18:27:35.867,760.189374,212.965,217.378,241.234
2026-05-27 18:27:37.376,761.698448,212.965,217.378,241.234
2026-05-27 18:27:38.886,763.208646,216.313,217.168,239.561
2026-05-27 18:27:40.396,764.719101,216.313,217.168,239.561
2026-05-27 18:27:41.907,766.229798,217.777,218.053,245.388
2026-05-27 18:27:43.419,767.741867,217.777,218.053,245.388
2026-05-27 18:27:44.931,769.253922,218.283,221.025,245.861
2026-05-27 18:27:46.446,770.768747,218.283,221.025,245.861
2026-05-27 18:27:47.963,772.285900,222.372,222.573,243.354
2026-05-27 18:27:49.471,773.793922,222.372,222.573,243.354
2026-05-27 18:27:50.979,775.301672,230.065,219.781,239.792
2026-05-27 18:27:52.489,776.811892,230.065,219.781,239.792
2026-05-27 18:27:54.008,778.330105,233.672,222.985,236.285
2026-05-27 18:27:55.516,779.838881,233.672,222.985,236.285
2026-05-27 18:27:57.026,781.348635,238.603,222.326,237.276
2026-05-27 18:27:58.538,782.860780,238.603,222.326,237.276
2026-05-27 18:28:00.056,784.378590,240.321,222.516,235.675
2026-05-27 18:28:01.564,785.886537,240.321,222.516,235.675
2026-05-27 18:28:03.075,787.397067,241.677,225.264,241.631
2026-05-27 18:28:04.586,788.908462,241.677,225.264,241.631
2026-05-27 18:28:06.098,790.420999,239.418,221.232,244.369
2026-05-27 18:28:07.609,791.931223,239.418,221.232,244.369
2026-05-27 18:28:09.129,793.451543,237.368,219.809,245.140
2026-05-27 18:28:10.639,794.961120,237.368,219.809,245.140
2026-05-27 18:28:12.151,796.473501,240.631,217.869,247.881
2026-05-27 18:28:13.659,797.981553,240.631,217.869,247.881
2026-05-27 18:28:15.170,799.492277,242.912,214.708,246.584
2026-05-27 18:28:16.680,801.002754,242.912,214.708,246.584
2026-05-27 18:28:18.198,802.520417,244.894,205.731,245.180
2026-05-27 18:28:19.708,804.030624,244.894,205.731,245.180
2026-05-27 18:28:21.218,805.540331,248.000,202.000,248.000
2026-05-27 18:28:22.729,807.051349,248.000,202.000,248.000
2026-05-27 18:28:24.239,808.561136,237.092,205.182,242.836
2026-05-27 18:28:25.751,810.073179,237.092,205.182,242.836
2026-05-27 18:28:27.266,811.588458,235.480,209.739,238.825
2026-05-27 18:28:28.778,813.100343,235.480,209.739,238.825
2026-05-27 18:28:30.289,814.610852,235.824,213.390,244.757
2026-05-27 18:28:31.798,816.120739,235.824,213.390,244.757
2026-05-27 18:28:33.309,817.631083,229.694,218.003,243.031
2026-05-27 18:28:34.819,819.141043,229.694,218.003,243.031
2026-05-27 18:28:36.329,820.651201,230.457,223.298,246.052
2026-05-27 18:28:37.837,822.159034,230.457,223.298,246.052
2026-05-27 18:28:39.348,823.670367,231.991,229.067,244.850
2026-05-27 18:28:40.856,825.178108,231.991,229.067,244.850
2026-05-27 18:28:42.364,826.686194,234.243,233.333,241.597
2026-05-27 18:28:43.872,828.194236,234.243,233.333,241.597
2026-05-27 18:28:45.382,829.703762,232.942,236.501,239.436
2026-05-27 18:28:46.891,831.212699,232.942,236.501,239.436
2026-05-27 18:28:48.402,832.724395,234.616,234.709,236.688
2026-05-27 18:28:49.912,834.234331,234.616,234.709,236.688
2026-05-27 18:28:51.423,835.744661,235.322,229.619,231.581
2026-05-27 18:28:52.937,837.258823,235.322,229.619,231.581
2026-05-27 18:28:54.447,838.769167,238.626,227.924,227.179
2026-05-27 18:28:55.958,840.280197,238.626,227.924,227.179
2026-05-27 18:28:57.474,841.795625,242.215,231.700,226.341
2026-05-27 18:28:58.982,843.303514,242.215,231.700,226.341
2026-05-27 18:29:00.491,844.813426,242.696,234.308,221.984
2026-05-27 18:29:02.002,846.324068,242.696,234.308,221.984
2026-05-27 18:29:03.520,847.842046,247.256,235.400,220.548
2026-05-27 18:29:05.030,849.352050,247.256,235.400,220.548
2026-05-27 18:29:06.543,850.865065,245.820,238.206,223.548
2026-05-27 18:29:08.054,852.375538,245.820,238.206,223.548
2026-05-27 18:29:09.564,853.885555,245.973,242.861,220.839
2026-05-27 18:29:11.074,855.396149,245.973,242.861,220.839
2026-05-27 18:29:12.585,856.906754,245.496,243.368,218.564
2026-05-27 18:29:14.097,858.418762,245.496,243.368,218.564
2026-05-27 18:29:15.607,859.928506,243.141,244.659,210.363
2026-05-27 18:29:17.118,861.439544,243.141,244.659,210.363
2026-05-27 18:29:18.629,862.950761,248.000,248.000,200.000
2026-05-27 18:29:20.138,864.459850,248.000,248.000,200.000
2026-05-27 18:29:21.647,865.968693,243.094,244.918,201.932
2026-05-27 18:29:23.155,867.476438,243.094,244.918,201.932
2026-05-27 18:29:24.663,868.985022,245.269,239.434,208.899
2026-05-27 18:29:26.172,870.493790,245.269,239.434,208.899
2026-05-27 18:29:27.680,872.001639,242.184,235.150,210.347
2026-05-27 18:29:29.189,873.510289,242.184,235.150,210.347
2026-05-27 18:29:30.703,875.025127,243.367,230.110,205.722
2026-05-27 18:29:32.214,876.535709,243.367,230.110,205.722
2026-05-27 18:29:33.726,878.047550,246.891,223.734,200.210
2026-05-27 18:29:35.237,879.558897,246.891,223.734,200.210
2026-05-27 18:29:36.749,881.070425,240.947,224.947,203.250
2026-05-27 18:29:38.260,882.581963,240.947,224.947,203.250
2026-05-27 18:29:39.773,884.094484,239.935,224.178,206.881
2026-05-27 18:29:41.285,885.606691,239.935,224.178,206.881
2026-05-27 18:29:42.797,887.118591,241.338,224.482,209.635
2026-05-27 18:29:44.305,888.626961,241.338,224.482,209.635
2026-05-27 18:29:45.816,890.138065,244.541,220.715,207.043
2026-05-27 18:29:47.326,891.647161,244.541,220.715,207.043
2026-05-27 18:29:48.842,893.163263,247.791,219.713,205.183
2026-05-27 18:29:50.353,894.674591,247.791,219.713,205.183
2026-05-27 18:29:51.862,896.183512,245.749,217.204,200.841
2026-05-27 18:29:53.372,897.693751,245.749,217.204,200.841
2026-05-27 18:29:54.890,899.211186,243.574,211.029,200.329
2026-05-27 18:29:56.400,900.721446,243.574,211.029,200.329
2026-05-27 18:29:57.918,902.239679,239.805,207.339,203.348
2026-05-27 18:29:59.431,903.752399,239.805,207.339,203.348
2026-05-27 18:30:00.942,905.263595,248.000,202.000,200.000
2026-05-27 18:30:02.451,906.772010,248.000,202.000,200.000
2026-05-27 18:30:03.962,908.283734,200.000,202.000,200.000
