RelativeTime_s,AbsoluteTimestamp_ISO8601
0,2026-06-11T15:33:06.376000
0.002,2026-06-11T15:33:06.378000
0.004,2026-06-11T15:33:06.380000
0.006,2026-06-11T15:33:06.382000
0.008,2026-06-11T15:33:06.384000
0.01,2026-06-11T15:33:06.386000
0.012,2026-06-11T15:33:06.388000
0.014,2026-06-11T15:33:06.390000
0.016,2026-06-11T15:33:06.392000
0.018,2026-06-11T15:33:06.394000
0.02,2026-06-11T15:33:06.396000
0.022,2026-06-11T15:33:06.398000
0.024,2026-06-11T15:33:06.400000
0.026,2026-06-11T15:33:06.402000
0.028,2026-06-11T15:33:06.404000
0.03,2026-06-11T15:33:06.406000
0.032,2026-06-11T15:33:06.408000
0.034,2026-06-11T15:33:06.410000
0.036,2026-06-11T15:33:06.412000
0.038,2026-06-11T15:33:06.414000
0.04,2026-06-11T15:33:06.416000
0.042,2026-06-11T15:33:06.418000
0.044,2026-06-11T15:33:06.420000
0.046,2026-06-11T15:33:06.422000
0.048,2026-06-11T15:33:06.424000
0.05,2026-06-11T15:33:06.426000
0.052,2026-06-11T15:33:06.428000
0.054,2026-06-11T15:33:06.430000
0.056,2026-06-11T15:33:06.432000
0.058,2026-06-11T15:33:06.434000
0.06,2026-06-11T15:33:06.436000
0.062,2026-06-11T15:33:06.438000
0.064,2026-06-11T15:33:06.440000
0.066,2026-06-11T15:33:06.442000
0.068,2026-06-11T15:33:06.444000
0.07,2026-06-11T15:33:06.446000
0.072,2026-06-11T15:33:06.448000
0.074,2026-06-11T15:33:06.450000
0.076,2026-06-11T15:33:06.452000
0.078,2026-06-11T15:33:06.454000
0.08,2026-06-11T15:33:06.456000
0.082,2026-06-11T15:33:06.458000
0.084,2026-06-11T15:33:06.460000
0.086,2026-06-11T15:33:06.462000
0.088,2026-06-11T15:33:06.464000
0.09,2026-06-11T15:33:06.466000
0.092,2026-06-11T15:33:06.468000
0.094,2026-06-11T15:33:06.470000
0.096,2026-06-11T15:33:06.472000
0.098,2026-06-11T15:33:06.474000
0.1,2026-06-11T15:33:06.476000
0.102,2026-06-11T15:33:06.478000
0.104,2026-06-11T15:33:06.480000
0.106,2026-06-11T15:33:06.482000
0.108,2026-06-11T15:33:06.484000
0.11,2026-06-11T15:33:06.486000
0.112,2026-06-11T15:33:06.488000
0.114,2026-06-11T15:33:06.490000
0.116,2026-06-11T15:33:06.492000
0.118,2026-06-11T15:33:06.494000
0.12,2026-06-11T15:33:06.496000
0.122,2026-06-11T15:33:06.498000
0.124,2026-06-11T15:33:06.500000
0.126,2026-06-11T15:33:06.502000
0.128,2026-06-11T15:33:06.504000
0.13,2026-06-11T15:33:06.506000
0.132,2026-06-11T15:33:06.508000
0.134,2026-06-11T15:33:06.510000
0.136,2026-06-11T15:33:06.512000
0.138,2026-06-11T15:33:06.514000
0.14,2026-06-11T15:33:06.516000
0.142,2026-06-11T15:33:06.518000
0.144,2026-06-11T15:33:06.520000
0.146,2026-06-11T15:33:06.522000
0.148,2026-06-11T15:33:06.524000
0.15,2026-06-11T15:33:06.526000
0.152,2026-06-11T15:33:06.528000
0.154,2026-06-11T15:33:06.530000
0.156,2026-06-11T15:33:06.532000
0.158,2026-06-11T15:33:06.534000
0.16,2026-06-11T15:33:06.536000
0.162,2026-06-11T15:33:06.538000
0.164,2026-06-11T15:33:06.540000
0.166,2026-06-11T15:33:06.542000
0.168,2026-06-11T15:33:06.544000
0.17,2026-06-11T15:33:06.546000
0.172,2026-06-11T15:33:06.548000
0.174,2026-06-11T15:33:06.550000
0.176,2026-06-11T15:33:06.552000
0.178,2026-06-11T15:33:06.554000
0.18,2026-06-11T15:33:06.556000
0.182,2026-06-11T15:33:06.558000
0.184,2026-06-11T15:33:06.560000
0.186,2026-06-11T15:33:06.562000
0.188,2026-06-11T15:33:06.564000
0.19,2026-06-11T15:33:06.566000
0.192,2026-06-11T15:33:06.568000
0.194,2026-06-11T15:33:06.570000
0.196,2026-06-11T15:33:06.572000
0.198,2026-06-11T15:33:06.574000
0.2,2026-06-11T15:33:06.576000
0.202,2026-06-11T15:33:06.578000
0.204,2026-06-11T15:33:06.580000
0.206,2026-06-11T15:33:06.582000
0.208,2026-06-11T15:33:06.584000
0.21,2026-06-11T15:33:06.586000
0.212,2026-06-11T15:33:06.588000
0.214,2026-06-11T15:33:06.590000
0.216,2026-06-11T15:33:06.592000
0.218,2026-06-11T15:33:06.594000
0.22,2026-06-11T15:33:06.596000
0.222,2026-06-11T15:33:06.598000
0.224,2026-06-11T15:33:06.600000
0.226,2026-06-11T15:33:06.602000
0.228,2026-06-11T15:33:06.604000
0.23,2026-06-11T15:33:06.606000
0.232,2026-06-11T15:33:06.608000
0.234,2026-06-11T15:33:06.610000
0.236,2026-06-11T15:33:06.612000
0.238,2026-06-11T15:33:06.614000
0.24,2026-06-11T15:33:06.616000
0.242,2026-06-11T15:33:06.618000
0.244,2026-06-11T15:33:06.620000
0.246,2026-06-11T15:33:06.622000
0.248,2026-06-11T15:33:06.624000
0.25,2026-06-11T15:33:06.626000
0.252,2026-06-11T15:33:06.628000
0.254,2026-06-11T15:33:06.630000
0.256,2026-06-11T15:33:06.632000
0.258,2026-06-11T15:33:06.634000
0.26,2026-06-11T15:33:06.636000
0.262,2026-06-11T15:33:06.638000
0.264,2026-06-11T15:33:06.640000
0.266,2026-06-11T15:33:06.642000
0.268,2026-06-11T15:33:06.644000
0.27,2026-06-11T15:33:06.646000
0.272,2026-06-11T15:33:06.648000
0.274,2026-06-11T15:33:06.650000
0.276,2026-06-11T15:33:06.652000
0.278,2026-06-11T15:33:06.654000
0.28,2026-06-11T15:33:06.656000
0.282,2026-06-11T15:33:06.658000
0.284,2026-06-11T15:33:06.660000
0.286,2026-06-11T15:33:06.662000
0.288,2026-06-11T15:33:06.664000
0.29,2026-06-11T15:33:06.666000
0.292,2026-06-11T15:33:06.668000
0.294,2026-06-11T15:33:06.670000
0.296,2026-06-11T15:33:06.672000
0.298,2026-06-11T15:33:06.674000
0.3,2026-06-11T15:33:06.676000
0.302,2026-06-11T15:33:06.678000
0.304,2026-06-11T15:33:06.680000
0.306,2026-06-11T15:33:06.682000
0.308,2026-06-11T15:33:06.684000
0.31,2026-06-11T15:33:06.686000
0.312,2026-06-11T15:33:06.688000
0.314,2026-06-11T15:33:06.690000
0.316,2026-06-11T15:33:06.692000
0.318,2026-06-11T15:33:06.694000
0.32,2026-06-11T15:33:06.696000
0.322,2026-06-11T15:33:06.698000
0.324,2026-06-11T15:33:06.700000
0.326,2026-06-11T15:33:06.702000
0.328,2026-06-11T15:33:06.704000
0.33,2026-06-11T15:33:06.706000
0.332,2026-06-11T15:33:06.708000
0.334,2026-06-11T15:33:06.710000
0.336,2026-06-11T15:33:06.712000
0.338,2026-06-11T15:33:06.714000
0.34,2026-06-11T15:33:06.716000
0.342,2026-06-11T15:33:06.718000
0.344,2026-06-11T15:33:06.720000
0.346,2026-06-11T15:33:06.722000
0.348,2026-06-11T15:33:06.724000
0.35,2026-06-11T15:33:06.726000
0.352,2026-06-11T15:33:06.728000
0.354,2026-06-11T15:33:06.730000
0.356,2026-06-11T15:33:06.732000
0.358,2026-06-11T15:33:06.734000
0.36,2026-06-11T15:33:06.736000
0.362,2026-06-11T15:33:06.738000
0.364,2026-06-11T15:33:06.740000
0.366,2026-06-11T15:33:06.742000
0.368,2026-06-11T15:33:06.744000
0.37,2026-06-11T15:33:06.746000
0.372,2026-06-11T15:33:06.748000
0.374,2026-06-11T15:33:06.750000
0.376,2026-06-11T15:33:06.752000
0.378,2026-06-11T15:33:06.754000
0.38,2026-06-11T15:33:06.756000
0.382,2026-06-11T15:33:06.758000
0.384,2026-06-11T15:33:06.760000
0.386,2026-06-11T15:33:06.762000
0.388,2026-06-11T15:33:06.764000
0.39,2026-06-11T15:33:06.766000
0.392,2026-06-11T15:33:06.768000
0.394,2026-06-11T15:33:06.770000
0.396,2026-06-11T15:33:06.772000
0.398,2026-06-11T15:33:06.774000
0.4,2026-06-11T15:33:06.776000
0.402,2026-06-11T15:33:06.778000
0.404,2026-06-11T15:33:06.780000
0.406,2026-06-11T15:33:06.782000
0.408,2026-06-11T15:33:06.784000
0.41,2026-06-11T15:33:06.786000
0.412,2026-06-11T15:33:06.788000
0.414,2026-06-11T15:33:06.790000
0.416,2026-06-11T15:33:06.792000
0.418,2026-06-11T15:33:06.794000
0.42,2026-06-11T15:33:06.796000
0.422,2026-06-11T15:33:06.798000
0.424,2026-06-11T15:33:06.800000
0.426,2026-06-11T15:33:06.802000
0.428,2026-06-11T15:33:06.804000
0.43,2026-06-11T15:33:06.806000
0.432,2026-06-11T15:33:06.808000
0.434,2026-06-11T15:33:06.810000
0.436,2026-06-11T15:33:06.812000
0.438,2026-06-11T15:33:06.814000
0.44,2026-06-11T15:33:06.816000
0.442,2026-06-11T15:33:06.818000
0.444,2026-06-11T15:33:06.820000
0.446,2026-06-11T15:33:06.822000
0.448,2026-06-11T15:33:06.824000
0.45,2026-06-11T15:33:06.826000
0.452,2026-06-11T15:33:06.828000
0.454,2026-06-11T15:33:06.830000
0.456,2026-06-11T15:33:06.832000
0.458,2026-06-11T15:33:06.834000
0.46,2026-06-11T15:33:06.836000
0.462,2026-06-11T15:33:06.838000
0.464,2026-06-11T15:33:06.840000
0.466,2026-06-11T15:33:06.842000
0.468,2026-06-11T15:33:06.844000
0.47,2026-06-11T15:33:06.846000
0.472,2026-06-11T15:33:06.848000
0.474,2026-06-11T15:33:06.850000
0.476,2026-06-11T15:33:06.852000
0.478,2026-06-11T15:33:06.854000
0.48,2026-06-11T15:33:06.856000
0.482,2026-06-11T15:33:06.858000
0.484,2026-06-11T15:33:06.860000
0.486,2026-06-11T15:33:06.862000
0.488,2026-06-11T15:33:06.864000
0.49,2026-06-11T15:33:06.866000
0.492,2026-06-11T15:33:06.868000
0.494,2026-06-11T15:33:06.870000
0.496,2026-06-11T15:33:06.872000
0.498,2026-06-11T15:33:06.874000
0.5,2026-06-11T15:33:06.876000
0.502,2026-06-11T15:33:06.878000
0.504,2026-06-11T15:33:06.880000
0.506,2026-06-11T15:33:06.882000
0.508,2026-06-11T15:33:06.884000
0.51,2026-06-11T15:33:06.886000
0.512,2026-06-11T15:33:06.888000
0.514,2026-06-11T15:33:06.890000
0.516,2026-06-11T15:33:06.892000
0.518,2026-06-11T15:33:06.894000
0.52,2026-06-11T15:33:06.896000
0.522,2026-06-11T15:33:06.898000
0.524,2026-06-11T15:33:06.900000
0.526,2026-06-11T15:33:06.902000
0.528,2026-06-11T15:33:06.904000
0.53,2026-06-11T15:33:06.906000
0.532,2026-06-11T15:33:06.908000
0.534,2026-06-11T15:33:06.910000
0.536,2026-06-11T15:33:06.912000
0.538,2026-06-11T15:33:06.914000
0.54,2026-06-11T15:33:06.916000
0.542,2026-06-11T15:33:06.918000
0.544,2026-06-11T15:33:06.920000
0.546,2026-06-11T15:33:06.922000
0.548,2026-06-11T15:33:06.924000
0.55,2026-06-11T15:33:06.926000
0.552,2026-06-11T15:33:06.928000
0.554,2026-06-11T15:33:06.930000
0.556,2026-06-11T15:33:06.932000
0.558,2026-06-11T15:33:06.934000
0.56,2026-06-11T15:33:06.936000
0.562,2026-06-11T15:33:06.938000
0.564,2026-06-11T15:33:06.940000
0.566,2026-06-11T15:33:06.942000
0.568,2026-06-11T15:33:06.944000
0.57,2026-06-11T15:33:06.946000
0.572,2026-06-11T15:33:06.948000
0.574,2026-06-11T15:33:06.950000
0.576,2026-06-11T15:33:06.952000
0.578,2026-06-11T15:33:06.954000
0.58,2026-06-11T15:33:06.956000
0.582,2026-06-11T15:33:06.958000
0.584,2026-06-11T15:33:06.960000
0.586,2026-06-11T15:33:06.962000
0.588,2026-06-11T15:33:06.964000
0.59,2026-06-11T15:33:06.966000
0.592,2026-06-11T15:33:06.968000
0.594,2026-06-11T15:33:06.970000
0.596,2026-06-11T15:33:06.972000
0.598,2026-06-11T15:33:06.974000
0.6,2026-06-11T15:33:06.976000
0.602,2026-06-11T15:33:06.978000
0.604,2026-06-11T15:33:06.980000
0.606,2026-06-11T15:33:06.982000
0.608,2026-06-11T15:33:06.984000
0.61,2026-06-11T15:33:06.986000
0.612,2026-06-11T15:33:06.988000
0.614,2026-06-11T15:33:06.990000
0.616,2026-06-11T15:33:06.992000
0.618,2026-06-11T15:33:06.994000
0.62,2026-06-11T15:33:06.996000
0.622,2026-06-11T15:33:06.998000
0.624,2026-06-11T15:33:07.000000
0.626,2026-06-11T15:33:07.002000
0.628,2026-06-11T15:33:07.004000
0.63,2026-06-11T15:33:07.006000
0.632,2026-06-11T15:33:07.008000
0.634,2026-06-11T15:33:07.010000
0.636,2026-06-11T15:33:07.012000
0.638,2026-06-11T15:33:07.014000
0.64,2026-06-11T15:33:07.016000
0.642,2026-06-11T15:33:07.018000
0.644,2026-06-11T15:33:07.020000
0.646,2026-06-11T15:33:07.022000
0.648,2026-06-11T15:33:07.024000
0.65,2026-06-11T15:33:07.026000
0.652,2026-06-11T15:33:07.028000
0.654,2026-06-11T15:33:07.030000
0.656,2026-06-11T15:33:07.032000
0.658,2026-06-11T15:33:07.034000
0.66,2026-06-11T15:33:07.036000
0.662,2026-06-11T15:33:07.038000
0.664,2026-06-11T15:33:07.040000
0.666,2026-06-11T15:33:07.042000
0.668,2026-06-11T15:33:07.044000
0.67,2026-06-11T15:33:07.046000
0.672,2026-06-11T15:33:07.048000
0.674,2026-06-11T15:33:07.050000
0.676,2026-06-11T15:33:07.052000
0.678,2026-06-11T15:33:07.054000
0.68,2026-06-11T15:33:07.056000
0.682,2026-06-11T15:33:07.058000
0.684,2026-06-11T15:33:07.060000
0.686,2026-06-11T15:33:07.062000
0.688,2026-06-11T15:33:07.064000
0.69,2026-06-11T15:33:07.066000
0.692,2026-06-11T15:33:07.068000
0.694,2026-06-11T15:33:07.070000
0.696,2026-06-11T15:33:07.072000
0.698,2026-06-11T15:33:07.074000
0.7,2026-06-11T15:33:07.076000
0.702,2026-06-11T15:33:07.078000
0.704,2026-06-11T15:33:07.080000
0.706,2026-06-11T15:33:07.082000
0.708,2026-06-11T15:33:07.084000
0.71,2026-06-11T15:33:07.086000
0.712,2026-06-11T15:33:07.088000
0.714,2026-06-11T15:33:07.090000
0.716,2026-06-11T15:33:07.092000
0.718,2026-06-11T15:33:07.094000
0.72,2026-06-11T15:33:07.096000
0.722,2026-06-11T15:33:07.098000
0.724,2026-06-11T15:33:07.100000
0.726,2026-06-11T15:33:07.102000
0.728,2026-06-11T15:33:07.104000
0.73,2026-06-11T15:33:07.106000
0.732,2026-06-11T15:33:07.108000
0.734,2026-06-11T15:33:07.110000
0.736,2026-06-11T15:33:07.112000
0.738,2026-06-11T15:33:07.114000
0.74,2026-06-11T15:33:07.116000
0.742,2026-06-11T15:33:07.118000
0.744,2026-06-11T15:33:07.120000
0.746,2026-06-11T15:33:07.122000
0.748,2026-06-11T15:33:07.124000
0.75,2026-06-11T15:33:07.126000
0.752,2026-06-11T15:33:07.128000
0.754,2026-06-11T15:33:07.130000
0.756,2026-06-11T15:33:07.132000
0.758,2026-06-11T15:33:07.134000
0.76,2026-06-11T15:33:07.136000
0.762,2026-06-11T15:33:07.138000
0.764,2026-06-11T15:33:07.140000
0.766,2026-06-11T15:33:07.142000
0.768,2026-06-11T15:33:07.144000
0.77,2026-06-11T15:33:07.146000
0.772,2026-06-11T15:33:07.148000
0.774,2026-06-11T15:33:07.150000
0.776,2026-06-11T15:33:07.152000
0.778,2026-06-11T15:33:07.154000
0.78,2026-06-11T15:33:07.156000
0.782,2026-06-11T15:33:07.158000
0.784,2026-06-11T15:33:07.160000
0.786,2026-06-11T15:33:07.162000
0.788,2026-06-11T15:33:07.164000
0.79,2026-06-11T15:33:07.166000
0.792,2026-06-11T15:33:07.168000
0.794,2026-06-11T15:33:07.170000
0.796,2026-06-11T15:33:07.172000
0.798,2026-06-11T15:33:07.174000
0.8,2026-06-11T15:33:07.176000
0.802,2026-06-11T15:33:07.178000
0.804,2026-06-11T15:33:07.180000
0.806,2026-06-11T15:33:07.182000
0.808,2026-06-11T15:33:07.184000
0.81,2026-06-11T15:33:07.186000
0.812,2026-06-11T15:33:07.188000
0.814,2026-06-11T15:33:07.190000
0.816,2026-06-11T15:33:07.192000
0.818,2026-06-11T15:33:07.194000
0.82,2026-06-11T15:33:07.196000
0.822,2026-06-11T15:33:07.198000
0.824,2026-06-11T15:33:07.200000
0.826,2026-06-11T15:33:07.202000
0.828,2026-06-11T15:33:07.204000
0.83,2026-06-11T15:33:07.206000
0.832,2026-06-11T15:33:07.208000
0.834,2026-06-11T15:33:07.210000
0.836,2026-06-11T15:33:07.212000
0.838,2026-06-11T15:33:07.214000
0.84,2026-06-11T15:33:07.216000
0.842,2026-06-11T15:33:07.218000
0.844,2026-06-11T15:33:07.220000
0.846,2026-06-11T15:33:07.222000
0.848,2026-06-11T15:33:07.224000
0.85,2026-06-11T15:33:07.226000
0.852,2026-06-11T15:33:07.228000
0.854,2026-06-11T15:33:07.230000
0.856,2026-06-11T15:33:07.232000
0.858,2026-06-11T15:33:07.234000
0.86,2026-06-11T15:33:07.236000
0.862,2026-06-11T15:33:07.238000
0.864,2026-06-11T15:33:07.240000
0.866,2026-06-11T15:33:07.242000
0.868,2026-06-11T15:33:07.244000
0.87,2026-06-11T15:33:07.246000
0.872,2026-06-11T15:33:07.248000
0.874,2026-06-11T15:33:07.250000
0.876,2026-06-11T15:33:07.252000
0.878,2026-06-11T15:33:07.254000
0.88,2026-06-11T15:33:07.256000
0.882,2026-06-11T15:33:07.258000
0.884,2026-06-11T15:33:07.260000
0.886,2026-06-11T15:33:07.262000
0.888,2026-06-11T15:33:07.264000
0.89,2026-06-11T15:33:07.266000
0.892,2026-06-11T15:33:07.268000
0.894,2026-06-11T15:33:07.270000
0.896,2026-06-11T15:33:07.272000
0.898,2026-06-11T15:33:07.274000
0.9,2026-06-11T15:33:07.276000
0.902,2026-06-11T15:33:07.278000
0.904,2026-06-11T15:33:07.280000
0.906,2026-06-11T15:33:07.282000
0.908,2026-06-11T15:33:07.284000
0.91,2026-06-11T15:33:07.286000
0.912,2026-06-11T15:33:07.288000
0.914,2026-06-11T15:33:07.290000
0.916,2026-06-11T15:33:07.292000
0.918,2026-06-11T15:33:07.294000
0.92,2026-06-11T15:33:07.296000
0.922,2026-06-11T15:33:07.298000
0.924,2026-06-11T15:33:07.300000
0.926,2026-06-11T15:33:07.302000
0.928,2026-06-11T15:33:07.304000
0.93,2026-06-11T15:33:07.306000
0.932,2026-06-11T15:33:07.308000
0.934,2026-06-11T15:33:07.310000
0.936,2026-06-11T15:33:07.312000
0.938,2026-06-11T15:33:07.314000
0.94,2026-06-11T15:33:07.316000
0.942,2026-06-11T15:33:07.318000
0.944,2026-06-11T15:33:07.320000
0.946,2026-06-11T15:33:07.322000
0.948,2026-06-11T15:33:07.324000
0.95,2026-06-11T15:33:07.326000
0.952,2026-06-11T15:33:07.328000
0.954,2026-06-11T15:33:07.330000
0.956,2026-06-11T15:33:07.332000
0.958,2026-06-11T15:33:07.334000
0.96,2026-06-11T15:33:07.336000
0.962,2026-06-11T15:33:07.338000
0.964,2026-06-11T15:33:07.340000
0.966,2026-06-11T15:33:07.342000
0.968,2026-06-11T15:33:07.344000
0.97,2026-06-11T15:33:07.346000
0.972,2026-06-11T15:33:07.348000
0.974,2026-06-11T15:33:07.350000
0.976,2026-06-11T15:33:07.352000
0.978,2026-06-11T15:33:07.354000
0.98,2026-06-11T15:33:07.356000
0.982,2026-06-11T15:33:07.358000
0.984,2026-06-11T15:33:07.360000
0.986,2026-06-11T15:33:07.362000
0.988,2026-06-11T15:33:07.364000
0.99,2026-06-11T15:33:07.366000
0.992,2026-06-11T15:33:07.368000
0.994,2026-06-11T15:33:07.370000
0.996,2026-06-11T15:33:07.372000
0.998,2026-06-11T15:33:07.374000
1,2026-06-11T15:33:07.376000
1.002,2026-06-11T15:33:07.378000
1.004,2026-06-11T15:33:07.380000
1.006,2026-06-11T15:33:07.382000
1.008,2026-06-11T15:33:07.384000
1.01,2026-06-11T15:33:07.386000
1.012,2026-06-11T15:33:07.388000
1.014,2026-06-11T15:33:07.390000
1.016,2026-06-11T15:33:07.392000
1.018,2026-06-11T15:33:07.394000
1.02,2026-06-11T15:33:07.396000
1.022,2026-06-11T15:33:07.398000
1.024,2026-06-11T15:33:07.400000
1.026,2026-06-11T15:33:07.402000
1.028,2026-06-11T15:33:07.404000
1.03,2026-06-11T15:33:07.406000
1.032,2026-06-11T15:33:07.408000
1.034,2026-06-11T15:33:07.410000
1.036,2026-06-11T15:33:07.412000
1.038,2026-06-11T15:33:07.414000
1.04,2026-06-11T15:33:07.416000
1.042,2026-06-11T15:33:07.418000
1.044,2026-06-11T15:33:07.420000
1.046,2026-06-11T15:33:07.422000
1.048,2026-06-11T15:33:07.424000
1.05,2026-06-11T15:33:07.426000
1.052,2026-06-11T15:33:07.428000
1.054,2026-06-11T15:33:07.430000
1.056,2026-06-11T15:33:07.432000
1.058,2026-06-11T15:33:07.434000
1.06,2026-06-11T15:33:07.436000
1.062,2026-06-11T15:33:07.438000
1.064,2026-06-11T15:33:07.440000
1.066,2026-06-11T15:33:07.442000
1.068,2026-06-11T15:33:07.444000
1.07,2026-06-11T15:33:07.446000
1.072,2026-06-11T15:33:07.448000
1.074,2026-06-11T15:33:07.450000
1.076,2026-06-11T15:33:07.452000
1.078,2026-06-11T15:33:07.454000
1.08,2026-06-11T15:33:07.456000
1.082,2026-06-11T15:33:07.458000
1.084,2026-06-11T15:33:07.460000
1.086,2026-06-11T15:33:07.462000
1.088,2026-06-11T15:33:07.464000
1.09,2026-06-11T15:33:07.466000
1.092,2026-06-11T15:33:07.468000
1.094,2026-06-11T15:33:07.470000
1.096,2026-06-11T15:33:07.472000
1.098,2026-06-11T15:33:07.474000
1.1,2026-06-11T15:33:07.476000
1.102,2026-06-11T15:33:07.478000
1.104,2026-06-11T15:33:07.480000
1.106,2026-06-11T15:33:07.482000
1.108,2026-06-11T15:33:07.484000
1.11,2026-06-11T15:33:07.486000
1.112,2026-06-11T15:33:07.488000
1.114,2026-06-11T15:33:07.490000
1.116,2026-06-11T15:33:07.492000
1.118,2026-06-11T15:33:07.494000
1.12,2026-06-11T15:33:07.496000
1.122,2026-06-11T15:33:07.498000
1.124,2026-06-11T15:33:07.500000
1.126,2026-06-11T15:33:07.502000
1.128,2026-06-11T15:33:07.504000
1.13,2026-06-11T15:33:07.506000
1.132,2026-06-11T15:33:07.508000
1.134,2026-06-11T15:33:07.510000
1.136,2026-06-11T15:33:07.512000
1.138,2026-06-11T15:33:07.514000
1.14,2026-06-11T15:33:07.516000
1.142,2026-06-11T15:33:07.518000
1.144,2026-06-11T15:33:07.520000
1.146,2026-06-11T15:33:07.522000
1.148,2026-06-11T15:33:07.524000
1.15,2026-06-11T15:33:07.526000
1.152,2026-06-11T15:33:07.528000
1.154,2026-06-11T15:33:07.530000
1.156,2026-06-11T15:33:07.532000
1.158,2026-06-11T15:33:07.534000
1.16,2026-06-11T15:33:07.536000
1.162,2026-06-11T15:33:07.538000
1.164,2026-06-11T15:33:07.540000
1.166,2026-06-11T15:33:07.542000
1.168,2026-06-11T15:33:07.544000
1.17,2026-06-11T15:33:07.546000
1.172,2026-06-11T15:33:07.548000
1.174,2026-06-11T15:33:07.550000
1.176,2026-06-11T15:33:07.552000
1.178,2026-06-11T15:33:07.554000
1.18,2026-06-11T15:33:07.556000
1.182,2026-06-11T15:33:07.558000
1.184,2026-06-11T15:33:07.560000
1.186,2026-06-11T15:33:07.562000
1.188,2026-06-11T15:33:07.564000
1.19,2026-06-11T15:33:07.566000
1.192,2026-06-11T15:33:07.568000
1.194,2026-06-11T15:33:07.570000
1.196,2026-06-11T15:33:07.572000
1.198,2026-06-11T15:33:07.574000
1.2,2026-06-11T15:33:07.576000
1.202,2026-06-11T15:33:07.578000
1.204,2026-06-11T15:33:07.580000
1.206,2026-06-11T15:33:07.582000
1.208,2026-06-11T15:33:07.584000
1.21,2026-06-11T15:33:07.586000
1.212,2026-06-11T15:33:07.588000
1.214,2026-06-11T15:33:07.590000
1.216,2026-06-11T15:33:07.592000
1.218,2026-06-11T15:33:07.594000
1.22,2026-06-11T15:33:07.596000
1.222,2026-06-11T15:33:07.598000
1.224,2026-06-11T15:33:07.600000
1.226,2026-06-11T15:33:07.602000
1.228,2026-06-11T15:33:07.604000
1.23,2026-06-11T15:33:07.606000
1.232,2026-06-11T15:33:07.608000
1.234,2026-06-11T15:33:07.610000
1.236,2026-06-11T15:33:07.612000
1.238,2026-06-11T15:33:07.614000
1.24,2026-06-11T15:33:07.616000
1.242,2026-06-11T15:33:07.618000
1.244,2026-06-11T15:33:07.620000
1.246,2026-06-11T15:33:07.622000
1.248,2026-06-11T15:33:07.624000
1.25,2026-06-11T15:33:07.626000
1.252,2026-06-11T15:33:07.628000
1.254,2026-06-11T15:33:07.630000
1.256,2026-06-11T15:33:07.632000
1.258,2026-06-11T15:33:07.634000
1.26,2026-06-11T15:33:07.636000
1.262,2026-06-11T15:33:07.638000
1.264,2026-06-11T15:33:07.640000
1.266,2026-06-11T15:33:07.642000
1.268,2026-06-11T15:33:07.644000
1.27,2026-06-11T15:33:07.646000
1.272,2026-06-11T15:33:07.648000
1.274,2026-06-11T15:33:07.650000
1.276,2026-06-11T15:33:07.652000
1.278,2026-06-11T15:33:07.654000
1.28,2026-06-11T15:33:07.656000
1.282,2026-06-11T15:33:07.658000
1.284,2026-06-11T15:33:07.660000
1.286,2026-06-11T15:33:07.662000
1.288,2026-06-11T15:33:07.664000
1.29,2026-06-11T15:33:07.666000
1.292,2026-06-11T15:33:07.668000
1.294,2026-06-11T15:33:07.670000
1.296,2026-06-11T15:33:07.672000
1.298,2026-06-11T15:33:07.674000
1.3,2026-06-11T15:33:07.676000
1.302,2026-06-11T15:33:07.678000
1.304,2026-06-11T15:33:07.680000
1.306,2026-06-11T15:33:07.682000
1.308,2026-06-11T15:33:07.684000
1.31,2026-06-11T15:33:07.686000
1.312,2026-06-11T15:33:07.688000
1.314,2026-06-11T15:33:07.690000
1.316,2026-06-11T15:33:07.692000
1.318,2026-06-11T15:33:07.694000
1.32,2026-06-11T15:33:07.696000
1.322,2026-06-11T15:33:07.698000
1.324,2026-06-11T15:33:07.700000
1.326,2026-06-11T15:33:07.702000
1.328,2026-06-11T15:33:07.704000
1.33,2026-06-11T15:33:07.706000
1.332,2026-06-11T15:33:07.708000
1.334,2026-06-11T15:33:07.710000
1.336,2026-06-11T15:33:07.712000
1.338,2026-06-11T15:33:07.714000
1.34,2026-06-11T15:33:07.716000
1.342,2026-06-11T15:33:07.718000
1.344,2026-06-11T15:33:07.720000
1.346,2026-06-11T15:33:07.722000
1.348,2026-06-11T15:33:07.724000
1.35,2026-06-11T15:33:07.726000
1.352,2026-06-11T15:33:07.728000
1.354,2026-06-11T15:33:07.730000
1.356,2026-06-11T15:33:07.732000
1.358,2026-06-11T15:33:07.734000
1.36,2026-06-11T15:33:07.736000
1.362,2026-06-11T15:33:07.738000
1.364,2026-06-11T15:33:07.740000
1.366,2026-06-11T15:33:07.742000
1.368,2026-06-11T15:33:07.744000
1.37,2026-06-11T15:33:07.746000
1.372,2026-06-11T15:33:07.748000
1.374,2026-06-11T15:33:07.750000
1.376,2026-06-11T15:33:07.752000
1.378,2026-06-11T15:33:07.754000
1.38,2026-06-11T15:33:07.756000
1.382,2026-06-11T15:33:07.758000
1.384,2026-06-11T15:33:07.760000
1.386,2026-06-11T15:33:07.762000
1.388,2026-06-11T15:33:07.764000
1.39,2026-06-11T15:33:07.766000
1.392,2026-06-11T15:33:07.768000
1.394,2026-06-11T15:33:07.770000
1.396,2026-06-11T15:33:07.772000
1.398,2026-06-11T15:33:07.774000
1.4,2026-06-11T15:33:07.776000
1.402,2026-06-11T15:33:07.778000
1.404,2026-06-11T15:33:07.780000
1.406,2026-06-11T15:33:07.782000
1.408,2026-06-11T15:33:07.784000
1.41,2026-06-11T15:33:07.786000
1.412,2026-06-11T15:33:07.788000
1.414,2026-06-11T15:33:07.790000
1.416,2026-06-11T15:33:07.792000
1.418,2026-06-11T15:33:07.794000
1.42,2026-06-11T15:33:07.796000
1.422,2026-06-11T15:33:07.798000
1.424,2026-06-11T15:33:07.800000
1.426,2026-06-11T15:33:07.802000
1.428,2026-06-11T15:33:07.804000
1.43,2026-06-11T15:33:07.806000
1.432,2026-06-11T15:33:07.808000
1.434,2026-06-11T15:33:07.810000
1.436,2026-06-11T15:33:07.812000
1.438,2026-06-11T15:33:07.814000
1.44,2026-06-11T15:33:07.816000
1.442,2026-06-11T15:33:07.818000
1.444,2026-06-11T15:33:07.820000
1.446,2026-06-11T15:33:07.822000
1.448,2026-06-11T15:33:07.824000
1.45,2026-06-11T15:33:07.826000
1.452,2026-06-11T15:33:07.828000
1.454,2026-06-11T15:33:07.830000
1.456,2026-06-11T15:33:07.832000
1.458,2026-06-11T15:33:07.834000
1.46,2026-06-11T15:33:07.836000
1.462,2026-06-11T15:33:07.838000
1.464,2026-06-11T15:33:07.840000
1.466,2026-06-11T15:33:07.842000
1.468,2026-06-11T15:33:07.844000
1.47,2026-06-11T15:33:07.846000
1.472,2026-06-11T15:33:07.848000
1.474,2026-06-11T15:33:07.850000
1.476,2026-06-11T15:33:07.852000
1.478,2026-06-11T15:33:07.854000
1.48,2026-06-11T15:33:07.856000
1.482,2026-06-11T15:33:07.858000
1.484,2026-06-11T15:33:07.860000
1.486,2026-06-11T15:33:07.862000
1.488,2026-06-11T15:33:07.864000
1.49,2026-06-11T15:33:07.866000
1.492,2026-06-11T15:33:07.868000
1.494,2026-06-11T15:33:07.870000
1.496,2026-06-11T15:33:07.872000
1.498,2026-06-11T15:33:07.874000
1.5,2026-06-11T15:33:07.876000
1.502,2026-06-11T15:33:07.878000
1.504,2026-06-11T15:33:07.880000
1.506,2026-06-11T15:33:07.882000
1.508,2026-06-11T15:33:07.884000
1.51,2026-06-11T15:33:07.886000
1.512,2026-06-11T15:33:07.888000
1.514,2026-06-11T15:33:07.890000
1.516,2026-06-11T15:33:07.892000
1.518,2026-06-11T15:33:07.894000
1.52,2026-06-11T15:33:07.896000
1.522,2026-06-11T15:33:07.898000
1.524,2026-06-11T15:33:07.900000
1.526,2026-06-11T15:33:07.902000
1.528,2026-06-11T15:33:07.904000
1.53,2026-06-11T15:33:07.906000
1.532,2026-06-11T15:33:07.908000
1.534,2026-06-11T15:33:07.910000
1.536,2026-06-11T15:33:07.912000
1.538,2026-06-11T15:33:07.914000
1.54,2026-06-11T15:33:07.916000
1.542,2026-06-11T15:33:07.918000
1.544,2026-06-11T15:33:07.920000
1.546,2026-06-11T15:33:07.922000
1.548,2026-06-11T15:33:07.924000
1.55,2026-06-11T15:33:07.926000
1.552,2026-06-11T15:33:07.928000
1.554,2026-06-11T15:33:07.930000
1.556,2026-06-11T15:33:07.932000
1.558,2026-06-11T15:33:07.934000
1.56,2026-06-11T15:33:07.936000
1.562,2026-06-11T15:33:07.938000
1.564,2026-06-11T15:33:07.940000
1.566,2026-06-11T15:33:07.942000
1.568,2026-06-11T15:33:07.944000
1.57,2026-06-11T15:33:07.946000
1.572,2026-06-11T15:33:07.948000
1.574,2026-06-11T15:33:07.950000
1.576,2026-06-11T15:33:07.952000
1.578,2026-06-11T15:33:07.954000
1.58,2026-06-11T15:33:07.956000
1.582,2026-06-11T15:33:07.958000
1.584,2026-06-11T15:33:07.960000
1.586,2026-06-11T15:33:07.962000
1.588,2026-06-11T15:33:07.964000
1.59,2026-06-11T15:33:07.966000
1.592,2026-06-11T15:33:07.968000
1.594,2026-06-11T15:33:07.970000
1.596,2026-06-11T15:33:07.972000
1.598,2026-06-11T15:33:07.974000
1.6,2026-06-11T15:33:07.976000
1.602,2026-06-11T15:33:07.978000
1.604,2026-06-11T15:33:07.980000
1.606,2026-06-11T15:33:07.982000
1.608,2026-06-11T15:33:07.984000
1.61,2026-06-11T15:33:07.986000
1.612,2026-06-11T15:33:07.988000
1.614,2026-06-11T15:33:07.990000
1.616,2026-06-11T15:33:07.992000
1.618,2026-06-11T15:33:07.994000
1.62,2026-06-11T15:33:07.996000
1.622,2026-06-11T15:33:07.998000
1.624,2026-06-11T15:33:08.000000
1.626,2026-06-11T15:33:08.002000
1.628,2026-06-11T15:33:08.004000
1.63,2026-06-11T15:33:08.006000
1.632,2026-06-11T15:33:08.008000
1.634,2026-06-11T15:33:08.010000
1.636,2026-06-11T15:33:08.012000
1.638,2026-06-11T15:33:08.014000
1.64,2026-06-11T15:33:08.016000
1.642,2026-06-11T15:33:08.018000
1.644,2026-06-11T15:33:08.020000
1.646,2026-06-11T15:33:08.022000
1.648,2026-06-11T15:33:08.024000
1.65,2026-06-11T15:33:08.026000
1.652,2026-06-11T15:33:08.028000
1.654,2026-06-11T15:33:08.030000
1.656,2026-06-11T15:33:08.032000
1.658,2026-06-11T15:33:08.034000
1.66,2026-06-11T15:33:08.036000
1.662,2026-06-11T15:33:08.038000
1.664,2026-06-11T15:33:08.040000
1.666,2026-06-11T15:33:08.042000
1.668,2026-06-11T15:33:08.044000
1.67,2026-06-11T15:33:08.046000
1.672,2026-06-11T15:33:08.048000
1.674,2026-06-11T15:33:08.050000
1.676,2026-06-11T15:33:08.052000
1.678,2026-06-11T15:33:08.054000
1.68,2026-06-11T15:33:08.056000
1.682,2026-06-11T15:33:08.058000
1.684,2026-06-11T15:33:08.060000
1.686,2026-06-11T15:33:08.062000
1.688,2026-06-11T15:33:08.064000
1.69,2026-06-11T15:33:08.066000
1.692,2026-06-11T15:33:08.068000
1.694,2026-06-11T15:33:08.070000
1.696,2026-06-11T15:33:08.072000
1.698,2026-06-11T15:33:08.074000
1.7,2026-06-11T15:33:08.076000
1.702,2026-06-11T15:33:08.078000
1.704,2026-06-11T15:33:08.080000
1.706,2026-06-11T15:33:08.082000
1.708,2026-06-11T15:33:08.084000
1.71,2026-06-11T15:33:08.086000
1.712,2026-06-11T15:33:08.088000
1.714,2026-06-11T15:33:08.090000
1.716,2026-06-11T15:33:08.092000
1.718,2026-06-11T15:33:08.094000
1.72,2026-06-11T15:33:08.096000
1.722,2026-06-11T15:33:08.098000
1.724,2026-06-11T15:33:08.100000
1.726,2026-06-11T15:33:08.102000
1.728,2026-06-11T15:33:08.104000
1.73,2026-06-11T15:33:08.106000
1.732,2026-06-11T15:33:08.108000
1.734,2026-06-11T15:33:08.110000
1.736,2026-06-11T15:33:08.112000
1.738,2026-06-11T15:33:08.114000
1.74,2026-06-11T15:33:08.116000
1.742,2026-06-11T15:33:08.118000
1.744,2026-06-11T15:33:08.120000
1.746,2026-06-11T15:33:08.122000
1.748,2026-06-11T15:33:08.124000
1.75,2026-06-11T15:33:08.126000
1.752,2026-06-11T15:33:08.128000
1.754,2026-06-11T15:33:08.130000
1.756,2026-06-11T15:33:08.132000
1.758,2026-06-11T15:33:08.134000
1.76,2026-06-11T15:33:08.136000
1.762,2026-06-11T15:33:08.138000
1.764,2026-06-11T15:33:08.140000
1.766,2026-06-11T15:33:08.142000
1.768,2026-06-11T15:33:08.144000
1.77,2026-06-11T15:33:08.146000
1.772,2026-06-11T15:33:08.148000
1.774,2026-06-11T15:33:08.150000
1.776,2026-06-11T15:33:08.152000
1.778,2026-06-11T15:33:08.154000
1.78,2026-06-11T15:33:08.156000
1.782,2026-06-11T15:33:08.158000
1.784,2026-06-11T15:33:08.160000
1.786,2026-06-11T15:33:08.162000
1.788,2026-06-11T15:33:08.164000
1.79,2026-06-11T15:33:08.166000
1.792,2026-06-11T15:33:08.168000
1.794,2026-06-11T15:33:08.170000
1.796,2026-06-11T15:33:08.172000
1.798,2026-06-11T15:33:08.174000
1.8,2026-06-11T15:33:08.176000
1.802,2026-06-11T15:33:08.178000
1.804,2026-06-11T15:33:08.180000
1.806,2026-06-11T15:33:08.182000
1.808,2026-06-11T15:33:08.184000
1.81,2026-06-11T15:33:08.186000
1.812,2026-06-11T15:33:08.188000
1.814,2026-06-11T15:33:08.190000
1.816,2026-06-11T15:33:08.192000
1.818,2026-06-11T15:33:08.194000
1.82,2026-06-11T15:33:08.196000
1.822,2026-06-11T15:33:08.198000
1.824,2026-06-11T15:33:08.200000
1.826,2026-06-11T15:33:08.202000
1.828,2026-06-11T15:33:08.204000
1.83,2026-06-11T15:33:08.206000
1.832,2026-06-11T15:33:08.208000
1.834,2026-06-11T15:33:08.210000
1.836,2026-06-11T15:33:08.212000
1.838,2026-06-11T15:33:08.214000
1.84,2026-06-11T15:33:08.216000
1.842,2026-06-11T15:33:08.218000
1.844,2026-06-11T15:33:08.220000
1.846,2026-06-11T15:33:08.222000
1.848,2026-06-11T15:33:08.224000
1.85,2026-06-11T15:33:08.226000
1.852,2026-06-11T15:33:08.228000
1.854,2026-06-11T15:33:08.230000
1.856,2026-06-11T15:33:08.232000
1.858,2026-06-11T15:33:08.234000
1.86,2026-06-11T15:33:08.236000
1.862,2026-06-11T15:33:08.238000
1.864,2026-06-11T15:33:08.240000
1.866,2026-06-11T15:33:08.242000
1.868,2026-06-11T15:33:08.244000
1.87,2026-06-11T15:33:08.246000
1.872,2026-06-11T15:33:08.248000
1.874,2026-06-11T15:33:08.250000
1.876,2026-06-11T15:33:08.252000
1.878,2026-06-11T15:33:08.254000
1.88,2026-06-11T15:33:08.256000
1.882,2026-06-11T15:33:08.258000
1.884,2026-06-11T15:33:08.260000
1.886,2026-06-11T15:33:08.262000
1.888,2026-06-11T15:33:08.264000
1.89,2026-06-11T15:33:08.266000
1.892,2026-06-11T15:33:08.268000
1.894,2026-06-11T15:33:08.270000
1.896,2026-06-11T15:33:08.272000
1.898,2026-06-11T15:33:08.274000
1.9,2026-06-11T15:33:08.276000
1.902,2026-06-11T15:33:08.278000
1.904,2026-06-11T15:33:08.280000
1.906,2026-06-11T15:33:08.282000
1.908,2026-06-11T15:33:08.284000
1.91,2026-06-11T15:33:08.286000
1.912,2026-06-11T15:33:08.288000
1.914,2026-06-11T15:33:08.290000
1.916,2026-06-11T15:33:08.292000
1.918,2026-06-11T15:33:08.294000
1.92,2026-06-11T15:33:08.296000
1.922,2026-06-11T15:33:08.298000
1.924,2026-06-11T15:33:08.300000
1.926,2026-06-11T15:33:08.302000
1.928,2026-06-11T15:33:08.304000
1.93,2026-06-11T15:33:08.306000
1.932,2026-06-11T15:33:08.308000
1.934,2026-06-11T15:33:08.310000
1.936,2026-06-11T15:33:08.312000
1.938,2026-06-11T15:33:08.314000
1.94,2026-06-11T15:33:08.316000
1.942,2026-06-11T15:33:08.318000
1.944,2026-06-11T15:33:08.320000
1.946,2026-06-11T15:33:08.322000
1.948,2026-06-11T15:33:08.324000
1.95,2026-06-11T15:33:08.326000
1.952,2026-06-11T15:33:08.328000
1.954,2026-06-11T15:33:08.330000
1.956,2026-06-11T15:33:08.332000
1.958,2026-06-11T15:33:08.334000
1.96,2026-06-11T15:33:08.336000
1.962,2026-06-11T15:33:08.338000
1.964,2026-06-11T15:33:08.340000
1.966,2026-06-11T15:33:08.342000
1.968,2026-06-11T15:33:08.344000
1.97,2026-06-11T15:33:08.346000
1.972,2026-06-11T15:33:08.348000
1.974,2026-06-11T15:33:08.350000
1.976,2026-06-11T15:33:08.352000
1.978,2026-06-11T15:33:08.354000
1.98,2026-06-11T15:33:08.356000
1.982,2026-06-11T15:33:08.358000
1.984,2026-06-11T15:33:08.360000
1.986,2026-06-11T15:33:08.362000
1.988,2026-06-11T15:33:08.364000
1.99,2026-06-11T15:33:08.366000
1.992,2026-06-11T15:33:08.368000
1.994,2026-06-11T15:33:08.370000
1.996,2026-06-11T15:33:08.372000
1.998,2026-06-11T15:33:08.374000
2,2026-06-11T15:33:08.376000
2.002,2026-06-11T15:33:08.378000
2.004,2026-06-11T15:33:08.380000
2.006,2026-06-11T15:33:08.382000
2.008,2026-06-11T15:33:08.384000
2.01,2026-06-11T15:33:08.386000
2.012,2026-06-11T15:33:08.388000
2.014,2026-06-11T15:33:08.390000
2.016,2026-06-11T15:33:08.392000
2.018,2026-06-11T15:33:08.394000
2.02,2026-06-11T15:33:08.396000
2.022,2026-06-11T15:33:08.398000
2.024,2026-06-11T15:33:08.400000
2.026,2026-06-11T15:33:08.402000
2.028,2026-06-11T15:33:08.404000
2.03,2026-06-11T15:33:08.406000
2.032,2026-06-11T15:33:08.408000
2.034,2026-06-11T15:33:08.410000
2.036,2026-06-11T15:33:08.412000
2.038,2026-06-11T15:33:08.414000
2.04,2026-06-11T15:33:08.416000
2.042,2026-06-11T15:33:08.418000
2.044,2026-06-11T15:33:08.420000
2.046,2026-06-11T15:33:08.422000
2.048,2026-06-11T15:33:08.424000
2.05,2026-06-11T15:33:08.426000
2.052,2026-06-11T15:33:08.428000
2.054,2026-06-11T15:33:08.430000
2.056,2026-06-11T15:33:08.432000
2.058,2026-06-11T15:33:08.434000
2.06,2026-06-11T15:33:08.436000
2.062,2026-06-11T15:33:08.438000
2.064,2026-06-11T15:33:08.440000
2.066,2026-06-11T15:33:08.442000
2.068,2026-06-11T15:33:08.444000
2.07,2026-06-11T15:33:08.446000
2.072,2026-06-11T15:33:08.448000
2.074,2026-06-11T15:33:08.450000
2.076,2026-06-11T15:33:08.452000
2.078,2026-06-11T15:33:08.454000
2.08,2026-06-11T15:33:08.456000
2.082,2026-06-11T15:33:08.458000
2.084,2026-06-11T15:33:08.460000
2.086,2026-06-11T15:33:08.462000
2.088,2026-06-11T15:33:08.464000
2.09,2026-06-11T15:33:08.466000
2.092,2026-06-11T15:33:08.468000
2.094,2026-06-11T15:33:08.470000
2.096,2026-06-11T15:33:08.472000
2.098,2026-06-11T15:33:08.474000
2.1,2026-06-11T15:33:08.476000
2.102,2026-06-11T15:33:08.478000
2.104,2026-06-11T15:33:08.480000
2.106,2026-06-11T15:33:08.482000
2.108,2026-06-11T15:33:08.484000
2.11,2026-06-11T15:33:08.486000
2.112,2026-06-11T15:33:08.488000
2.114,2026-06-11T15:33:08.490000
2.116,2026-06-11T15:33:08.492000
2.118,2026-06-11T15:33:08.494000
2.12,2026-06-11T15:33:08.496000
2.122,2026-06-11T15:33:08.498000
2.124,2026-06-11T15:33:08.500000
2.126,2026-06-11T15:33:08.502000
2.128,2026-06-11T15:33:08.504000
2.13,2026-06-11T15:33:08.506000
2.132,2026-06-11T15:33:08.508000
2.134,2026-06-11T15:33:08.510000
2.136,2026-06-11T15:33:08.512000
2.138,2026-06-11T15:33:08.514000
2.14,2026-06-11T15:33:08.516000
2.142,2026-06-11T15:33:08.518000
2.144,2026-06-11T15:33:08.520000
2.146,2026-06-11T15:33:08.522000
2.148,2026-06-11T15:33:08.524000
2.15,2026-06-11T15:33:08.526000
2.152,2026-06-11T15:33:08.528000
2.154,2026-06-11T15:33:08.530000
2.156,2026-06-11T15:33:08.532000
2.158,2026-06-11T15:33:08.534000
2.16,2026-06-11T15:33:08.536000
2.162,2026-06-11T15:33:08.538000
2.164,2026-06-11T15:33:08.540000
2.166,2026-06-11T15:33:08.542000
2.168,2026-06-11T15:33:08.544000
2.17,2026-06-11T15:33:08.546000
2.172,2026-06-11T15:33:08.548000
2.174,2026-06-11T15:33:08.550000
2.176,2026-06-11T15:33:08.552000
2.178,2026-06-11T15:33:08.554000
2.18,2026-06-11T15:33:08.556000
2.182,2026-06-11T15:33:08.558000
2.184,2026-06-11T15:33:08.560000
2.186,2026-06-11T15:33:08.562000
2.188,2026-06-11T15:33:08.564000
2.19,2026-06-11T15:33:08.566000
2.192,2026-06-11T15:33:08.568000
2.194,2026-06-11T15:33:08.570000
2.196,2026-06-11T15:33:08.572000
2.198,2026-06-11T15:33:08.574000
2.2,2026-06-11T15:33:08.576000
2.202,2026-06-11T15:33:08.578000
2.204,2026-06-11T15:33:08.580000
2.206,2026-06-11T15:33:08.582000
2.208,2026-06-11T15:33:08.584000
2.21,2026-06-11T15:33:08.586000
2.212,2026-06-11T15:33:08.588000
2.214,2026-06-11T15:33:08.590000
2.216,2026-06-11T15:33:08.592000
2.218,2026-06-11T15:33:08.594000
2.22,2026-06-11T15:33:08.596000
2.222,2026-06-11T15:33:08.598000
2.224,2026-06-11T15:33:08.600000
2.226,2026-06-11T15:33:08.602000
2.228,2026-06-11T15:33:08.604000
2.23,2026-06-11T15:33:08.606000
2.232,2026-06-11T15:33:08.608000
2.234,2026-06-11T15:33:08.610000
2.236,2026-06-11T15:33:08.612000
2.238,2026-06-11T15:33:08.614000
2.24,2026-06-11T15:33:08.616000
2.242,2026-06-11T15:33:08.618000
2.244,2026-06-11T15:33:08.620000
2.246,2026-06-11T15:33:08.622000
2.248,2026-06-11T15:33:08.624000
2.25,2026-06-11T15:33:08.626000
2.252,2026-06-11T15:33:08.628000
2.254,2026-06-11T15:33:08.630000
2.256,2026-06-11T15:33:08.632000
2.258,2026-06-11T15:33:08.634000
2.26,2026-06-11T15:33:08.636000
2.262,2026-06-11T15:33:08.638000
2.264,2026-06-11T15:33:08.640000
2.266,2026-06-11T15:33:08.642000
2.268,2026-06-11T15:33:08.644000
2.27,2026-06-11T15:33:08.646000
2.272,2026-06-11T15:33:08.648000
2.274,2026-06-11T15:33:08.650000
2.276,2026-06-11T15:33:08.652000
2.278,2026-06-11T15:33:08.654000
2.28,2026-06-11T15:33:08.656000
2.282,2026-06-11T15:33:08.658000
2.284,2026-06-11T15:33:08.660000
2.286,2026-06-11T15:33:08.662000
2.288,2026-06-11T15:33:08.664000
2.29,2026-06-11T15:33:08.666000
2.292,2026-06-11T15:33:08.668000
2.294,2026-06-11T15:33:08.670000
2.296,2026-06-11T15:33:08.672000
2.298,2026-06-11T15:33:08.674000
2.3,2026-06-11T15:33:08.676000
2.302,2026-06-11T15:33:08.678000
2.304,2026-06-11T15:33:08.680000
2.306,2026-06-11T15:33:08.682000
2.308,2026-06-11T15:33:08.684000
2.31,2026-06-11T15:33:08.686000
2.312,2026-06-11T15:33:08.688000
2.314,2026-06-11T15:33:08.690000
2.316,2026-06-11T15:33:08.692000
2.318,2026-06-11T15:33:08.694000
2.32,2026-06-11T15:33:08.696000
2.322,2026-06-11T15:33:08.698000
2.324,2026-06-11T15:33:08.700000
2.326,2026-06-11T15:33:08.702000
2.328,2026-06-11T15:33:08.704000
2.33,2026-06-11T15:33:08.706000
2.332,2026-06-11T15:33:08.708000
2.334,2026-06-11T15:33:08.710000
2.336,2026-06-11T15:33:08.712000
2.338,2026-06-11T15:33:08.714000
2.34,2026-06-11T15:33:08.716000
2.342,2026-06-11T15:33:08.718000
2.344,2026-06-11T15:33:08.720000
2.346,2026-06-11T15:33:08.722000
2.348,2026-06-11T15:33:08.724000
2.35,2026-06-11T15:33:08.726000
2.352,2026-06-11T15:33:08.728000
2.354,2026-06-11T15:33:08.730000
2.356,2026-06-11T15:33:08.732000
2.358,2026-06-11T15:33:08.734000
2.36,2026-06-11T15:33:08.736000
2.362,2026-06-11T15:33:08.738000
2.364,2026-06-11T15:33:08.740000
2.366,2026-06-11T15:33:08.742000
2.368,2026-06-11T15:33:08.744000
2.37,2026-06-11T15:33:08.746000
2.372,2026-06-11T15:33:08.748000
2.374,2026-06-11T15:33:08.750000
2.376,2026-06-11T15:33:08.752000
2.378,2026-06-11T15:33:08.754000
2.38,2026-06-11T15:33:08.756000
2.382,2026-06-11T15:33:08.758000
2.384,2026-06-11T15:33:08.760000
2.386,2026-06-11T15:33:08.762000
2.388,2026-06-11T15:33:08.764000
2.39,2026-06-11T15:33:08.766000
2.392,2026-06-11T15:33:08.768000
2.394,2026-06-11T15:33:08.770000
2.396,2026-06-11T15:33:08.772000
2.398,2026-06-11T15:33:08.774000
2.4,2026-06-11T15:33:08.776000
2.402,2026-06-11T15:33:08.778000
2.404,2026-06-11T15:33:08.780000
2.406,2026-06-11T15:33:08.782000
2.408,2026-06-11T15:33:08.784000
2.41,2026-06-11T15:33:08.786000
2.412,2026-06-11T15:33:08.788000
2.414,2026-06-11T15:33:08.790000
2.416,2026-06-11T15:33:08.792000
2.418,2026-06-11T15:33:08.794000
2.42,2026-06-11T15:33:08.796000
2.422,2026-06-11T15:33:08.798000
2.424,2026-06-11T15:33:08.800000
2.426,2026-06-11T15:33:08.802000
2.428,2026-06-11T15:33:08.804000
2.43,2026-06-11T15:33:08.806000
2.432,2026-06-11T15:33:08.808000
2.434,2026-06-11T15:33:08.810000
2.436,2026-06-11T15:33:08.812000
2.438,2026-06-11T15:33:08.814000
2.44,2026-06-11T15:33:08.816000
2.442,2026-06-11T15:33:08.818000
2.444,2026-06-11T15:33:08.820000
2.446,2026-06-11T15:33:08.822000
2.448,2026-06-11T15:33:08.824000
2.45,2026-06-11T15:33:08.826000
2.452,2026-06-11T15:33:08.828000
2.454,2026-06-11T15:33:08.830000
2.456,2026-06-11T15:33:08.832000
2.458,2026-06-11T15:33:08.834000
2.46,2026-06-11T15:33:08.836000
2.462,2026-06-11T15:33:08.838000
2.464,2026-06-11T15:33:08.840000
2.466,2026-06-11T15:33:08.842000
2.468,2026-06-11T15:33:08.844000
2.47,2026-06-11T15:33:08.846000
2.472,2026-06-11T15:33:08.848000
2.474,2026-06-11T15:33:08.850000
2.476,2026-06-11T15:33:08.852000
2.478,2026-06-11T15:33:08.854000
2.48,2026-06-11T15:33:08.856000
2.482,2026-06-11T15:33:08.858000
2.484,2026-06-11T15:33:08.860000
2.486,2026-06-11T15:33:08.862000
2.488,2026-06-11T15:33:08.864000
2.49,2026-06-11T15:33:08.866000
2.492,2026-06-11T15:33:08.868000
2.494,2026-06-11T15:33:08.870000
2.496,2026-06-11T15:33:08.872000
2.498,2026-06-11T15:33:08.874000
2.5,2026-06-11T15:33:08.876000
2.502,2026-06-11T15:33:08.878000
2.504,2026-06-11T15:33:08.880000
2.506,2026-06-11T15:33:08.882000
2.508,2026-06-11T15:33:08.884000
2.51,2026-06-11T15:33:08.886000
2.512,2026-06-11T15:33:08.888000
2.514,2026-06-11T15:33:08.890000
2.516,2026-06-11T15:33:08.892000
2.518,2026-06-11T15:33:08.894000
2.52,2026-06-11T15:33:08.896000
2.522,2026-06-11T15:33:08.898000
2.524,2026-06-11T15:33:08.900000
2.526,2026-06-11T15:33:08.902000
2.528,2026-06-11T15:33:08.904000
2.53,2026-06-11T15:33:08.906000
2.532,2026-06-11T15:33:08.908000
2.534,2026-06-11T15:33:08.910000
2.536,2026-06-11T15:33:08.912000
2.538,2026-06-11T15:33:08.914000
2.54,2026-06-11T15:33:08.916000
2.542,2026-06-11T15:33:08.918000
2.544,2026-06-11T15:33:08.920000
2.546,2026-06-11T15:33:08.922000
2.548,2026-06-11T15:33:08.924000
2.55,2026-06-11T15:33:08.926000
2.552,2026-06-11T15:33:08.928000
2.554,2026-06-11T15:33:08.930000
2.556,2026-06-11T15:33:08.932000
2.558,2026-06-11T15:33:08.934000
2.56,2026-06-11T15:33:08.936000
2.562,2026-06-11T15:33:08.938000
2.564,2026-06-11T15:33:08.940000
2.566,2026-06-11T15:33:08.942000
2.568,2026-06-11T15:33:08.944000
2.57,2026-06-11T15:33:08.946000
2.572,2026-06-11T15:33:08.948000
2.574,2026-06-11T15:33:08.950000
2.576,2026-06-11T15:33:08.952000
2.578,2026-06-11T15:33:08.954000
2.58,2026-06-11T15:33:08.956000
2.582,2026-06-11T15:33:08.958000
2.584,2026-06-11T15:33:08.960000
2.586,2026-06-11T15:33:08.962000
2.588,2026-06-11T15:33:08.964000
2.59,2026-06-11T15:33:08.966000
2.592,2026-06-11T15:33:08.968000
2.594,2026-06-11T15:33:08.970000
2.596,2026-06-11T15:33:08.972000
2.598,2026-06-11T15:33:08.974000
2.6,2026-06-11T15:33:08.976000
2.602,2026-06-11T15:33:08.978000
2.604,2026-06-11T15:33:08.980000
2.606,2026-06-11T15:33:08.982000
2.608,2026-06-11T15:33:08.984000
2.61,2026-06-11T15:33:08.986000
2.612,2026-06-11T15:33:08.988000
2.614,2026-06-11T15:33:08.990000
2.616,2026-06-11T15:33:08.992000
2.618,2026-06-11T15:33:08.994000
2.62,2026-06-11T15:33:08.996000
2.622,2026-06-11T15:33:08.998000
2.624,2026-06-11T15:33:09.000000
2.626,2026-06-11T15:33:09.002000
2.628,2026-06-11T15:33:09.004000
2.63,2026-06-11T15:33:09.006000
2.632,2026-06-11T15:33:09.008000
2.634,2026-06-11T15:33:09.010000
2.636,2026-06-11T15:33:09.012000
2.638,2026-06-11T15:33:09.014000
2.64,2026-06-11T15:33:09.016000
2.642,2026-06-11T15:33:09.018000
2.644,2026-06-11T15:33:09.020000
2.646,2026-06-11T15:33:09.022000
2.648,2026-06-11T15:33:09.024000
2.65,2026-06-11T15:33:09.026000
2.652,2026-06-11T15:33:09.028000
2.654,2026-06-11T15:33:09.030000
2.656,2026-06-11T15:33:09.032000
2.658,2026-06-11T15:33:09.034000
2.66,2026-06-11T15:33:09.036000
2.662,2026-06-11T15:33:09.038000
2.664,2026-06-11T15:33:09.040000
2.666,2026-06-11T15:33:09.042000
2.668,2026-06-11T15:33:09.044000
2.67,2026-06-11T15:33:09.046000
2.672,2026-06-11T15:33:09.048000
2.674,2026-06-11T15:33:09.050000
2.676,2026-06-11T15:33:09.052000
2.678,2026-06-11T15:33:09.054000
2.68,2026-06-11T15:33:09.056000
2.682,2026-06-11T15:33:09.058000
2.684,2026-06-11T15:33:09.060000
2.686,2026-06-11T15:33:09.062000
2.688,2026-06-11T15:33:09.064000
2.69,2026-06-11T15:33:09.066000
2.692,2026-06-11T15:33:09.068000
2.694,2026-06-11T15:33:09.070000
2.696,2026-06-11T15:33:09.072000
2.698,2026-06-11T15:33:09.074000
2.7,2026-06-11T15:33:09.076000
2.702,2026-06-11T15:33:09.078000
2.704,2026-06-11T15:33:09.080000
2.706,2026-06-11T15:33:09.082000
2.708,2026-06-11T15:33:09.084000
2.71,2026-06-11T15:33:09.086000
2.712,2026-06-11T15:33:09.088000
2.714,2026-06-11T15:33:09.090000
2.716,2026-06-11T15:33:09.092000
2.718,2026-06-11T15:33:09.094000
2.72,2026-06-11T15:33:09.096000
2.722,2026-06-11T15:33:09.098000
2.724,2026-06-11T15:33:09.100000
2.726,2026-06-11T15:33:09.102000
2.728,2026-06-11T15:33:09.104000
2.73,2026-06-11T15:33:09.106000
2.732,2026-06-11T15:33:09.108000
2.734,2026-06-11T15:33:09.110000
2.736,2026-06-11T15:33:09.112000
2.738,2026-06-11T15:33:09.114000
2.74,2026-06-11T15:33:09.116000
2.742,2026-06-11T15:33:09.118000
2.744,2026-06-11T15:33:09.120000
2.746,2026-06-11T15:33:09.122000
2.748,2026-06-11T15:33:09.124000
2.75,2026-06-11T15:33:09.126000
2.752,2026-06-11T15:33:09.128000
2.754,2026-06-11T15:33:09.130000
2.756,2026-06-11T15:33:09.132000
2.758,2026-06-11T15:33:09.134000
2.76,2026-06-11T15:33:09.136000
2.762,2026-06-11T15:33:09.138000
2.764,2026-06-11T15:33:09.140000
2.766,2026-06-11T15:33:09.142000
2.768,2026-06-11T15:33:09.144000
2.77,2026-06-11T15:33:09.146000
2.772,2026-06-11T15:33:09.148000
2.774,2026-06-11T15:33:09.150000
2.776,2026-06-11T15:33:09.152000
2.778,2026-06-11T15:33:09.154000
2.78,2026-06-11T15:33:09.156000
2.782,2026-06-11T15:33:09.158000
2.784,2026-06-11T15:33:09.160000
2.786,2026-06-11T15:33:09.162000
2.788,2026-06-11T15:33:09.164000
2.79,2026-06-11T15:33:09.166000
2.792,2026-06-11T15:33:09.168000
2.794,2026-06-11T15:33:09.170000
2.796,2026-06-11T15:33:09.172000
2.798,2026-06-11T15:33:09.174000
2.8,2026-06-11T15:33:09.176000
2.802,2026-06-11T15:33:09.178000
2.804,2026-06-11T15:33:09.180000
2.806,2026-06-11T15:33:09.182000
2.808,2026-06-11T15:33:09.184000
2.81,2026-06-11T15:33:09.186000
2.812,2026-06-11T15:33:09.188000
2.814,2026-06-11T15:33:09.190000
2.816,2026-06-11T15:33:09.192000
2.818,2026-06-11T15:33:09.194000
2.82,2026-06-11T15:33:09.196000
2.822,2026-06-11T15:33:09.198000
2.824,2026-06-11T15:33:09.200000
2.826,2026-06-11T15:33:09.202000
2.828,2026-06-11T15:33:09.204000
2.83,2026-06-11T15:33:09.206000
2.832,2026-06-11T15:33:09.208000
2.834,2026-06-11T15:33:09.210000
2.836,2026-06-11T15:33:09.212000
2.838,2026-06-11T15:33:09.214000
2.84,2026-06-11T15:33:09.216000
2.842,2026-06-11T15:33:09.218000
2.844,2026-06-11T15:33:09.220000
2.846,2026-06-11T15:33:09.222000
2.848,2026-06-11T15:33:09.224000
2.85,2026-06-11T15:33:09.226000
2.852,2026-06-11T15:33:09.228000
2.854,2026-06-11T15:33:09.230000
2.856,2026-06-11T15:33:09.232000
2.858,2026-06-11T15:33:09.234000
2.86,2026-06-11T15:33:09.236000
2.862,2026-06-11T15:33:09.238000
2.864,2026-06-11T15:33:09.240000
2.866,2026-06-11T15:33:09.242000
2.868,2026-06-11T15:33:09.244000
2.87,2026-06-11T15:33:09.246000
2.872,2026-06-11T15:33:09.248000
2.874,2026-06-11T15:33:09.250000
2.876,2026-06-11T15:33:09.252000
2.878,2026-06-11T15:33:09.254000
2.88,2026-06-11T15:33:09.256000
2.882,2026-06-11T15:33:09.258000
2.884,2026-06-11T15:33:09.260000
2.886,2026-06-11T15:33:09.262000
2.888,2026-06-11T15:33:09.264000
2.89,2026-06-11T15:33:09.266000
2.892,2026-06-11T15:33:09.268000
2.894,2026-06-11T15:33:09.270000
2.896,2026-06-11T15:33:09.272000
2.898,2026-06-11T15:33:09.274000
2.9,2026-06-11T15:33:09.276000
2.902,2026-06-11T15:33:09.278000
2.904,2026-06-11T15:33:09.280000
2.906,2026-06-11T15:33:09.282000
2.908,2026-06-11T15:33:09.284000
2.91,2026-06-11T15:33:09.286000
2.912,2026-06-11T15:33:09.288000
2.914,2026-06-11T15:33:09.290000
2.916,2026-06-11T15:33:09.292000
2.918,2026-06-11T15:33:09.294000
2.92,2026-06-11T15:33:09.296000
2.922,2026-06-11T15:33:09.298000
2.924,2026-06-11T15:33:09.300000
2.926,2026-06-11T15:33:09.302000
2.928,2026-06-11T15:33:09.304000
2.93,2026-06-11T15:33:09.306000
2.932,2026-06-11T15:33:09.308000
2.934,2026-06-11T15:33:09.310000
2.936,2026-06-11T15:33:09.312000
2.938,2026-06-11T15:33:09.314000
2.94,2026-06-11T15:33:09.316000
2.942,2026-06-11T15:33:09.318000
2.944,2026-06-11T15:33:09.320000
2.946,2026-06-11T15:33:09.322000
2.948,2026-06-11T15:33:09.324000
2.95,2026-06-11T15:33:09.326000
2.952,2026-06-11T15:33:09.328000
2.954,2026-06-11T15:33:09.330000
2.956,2026-06-11T15:33:09.332000
2.958,2026-06-11T15:33:09.334000
2.96,2026-06-11T15:33:09.336000
2.962,2026-06-11T15:33:09.338000
2.964,2026-06-11T15:33:09.340000
2.966,2026-06-11T15:33:09.342000
2.968,2026-06-11T15:33:09.344000
2.97,2026-06-11T15:33:09.346000
2.972,2026-06-11T15:33:09.348000
2.974,2026-06-11T15:33:09.350000
2.976,2026-06-11T15:33:09.352000
2.978,2026-06-11T15:33:09.354000
2.98,2026-06-11T15:33:09.356000
2.982,2026-06-11T15:33:09.358000
2.984,2026-06-11T15:33:09.360000
2.986,2026-06-11T15:33:09.362000
2.988,2026-06-11T15:33:09.364000
2.99,2026-06-11T15:33:09.366000
2.992,2026-06-11T15:33:09.368000
2.994,2026-06-11T15:33:09.370000
2.996,2026-06-11T15:33:09.372000
2.998,2026-06-11T15:33:09.374000
3,2026-06-11T15:33:09.376000
3.002,2026-06-11T15:33:09.378000
3.004,2026-06-11T15:33:09.380000
3.006,2026-06-11T15:33:09.382000
3.008,2026-06-11T15:33:09.384000
3.01,2026-06-11T15:33:09.386000
3.012,2026-06-11T15:33:09.388000
3.014,2026-06-11T15:33:09.390000
3.016,2026-06-11T15:33:09.392000
3.018,2026-06-11T15:33:09.394000
3.02,2026-06-11T15:33:09.396000
3.022,2026-06-11T15:33:09.398000
3.024,2026-06-11T15:33:09.400000
3.026,2026-06-11T15:33:09.402000
3.028,2026-06-11T15:33:09.404000
3.03,2026-06-11T15:33:09.406000
3.032,2026-06-11T15:33:09.408000
3.034,2026-06-11T15:33:09.410000
3.036,2026-06-11T15:33:09.412000
3.038,2026-06-11T15:33:09.414000
3.04,2026-06-11T15:33:09.416000
3.042,2026-06-11T15:33:09.418000
3.044,2026-06-11T15:33:09.420000
3.046,2026-06-11T15:33:09.422000
3.048,2026-06-11T15:33:09.424000
3.05,2026-06-11T15:33:09.426000
3.052,2026-06-11T15:33:09.428000
3.054,2026-06-11T15:33:09.430000
3.056,2026-06-11T15:33:09.432000
3.058,2026-06-11T15:33:09.434000
3.06,2026-06-11T15:33:09.436000
3.062,2026-06-11T15:33:09.438000
3.064,2026-06-11T15:33:09.440000
3.066,2026-06-11T15:33:09.442000
3.068,2026-06-11T15:33:09.444000
3.07,2026-06-11T15:33:09.446000
3.072,2026-06-11T15:33:09.448000
3.074,2026-06-11T15:33:09.450000
3.076,2026-06-11T15:33:09.452000
3.078,2026-06-11T15:33:09.454000
3.08,2026-06-11T15:33:09.456000
3.082,2026-06-11T15:33:09.458000
3.084,2026-06-11T15:33:09.460000
3.086,2026-06-11T15:33:09.462000
3.088,2026-06-11T15:33:09.464000
3.09,2026-06-11T15:33:09.466000
3.092,2026-06-11T15:33:09.468000
3.094,2026-06-11T15:33:09.470000
3.096,2026-06-11T15:33:09.472000
3.098,2026-06-11T15:33:09.474000
3.1,2026-06-11T15:33:09.476000
3.102,2026-06-11T15:33:09.478000
3.104,2026-06-11T15:33:09.480000
3.106,2026-06-11T15:33:09.482000
3.108,2026-06-11T15:33:09.484000
3.11,2026-06-11T15:33:09.486000
3.112,2026-06-11T15:33:09.488000
3.114,2026-06-11T15:33:09.490000
3.116,2026-06-11T15:33:09.492000
3.118,2026-06-11T15:33:09.494000
3.12,2026-06-11T15:33:09.496000
3.122,2026-06-11T15:33:09.498000
3.124,2026-06-11T15:33:09.500000
3.126,2026-06-11T15:33:09.502000
3.128,2026-06-11T15:33:09.504000
3.13,2026-06-11T15:33:09.506000
3.132,2026-06-11T15:33:09.508000
3.134,2026-06-11T15:33:09.510000
3.136,2026-06-11T15:33:09.512000
3.138,2026-06-11T15:33:09.514000
3.14,2026-06-11T15:33:09.516000
3.142,2026-06-11T15:33:09.518000
3.144,2026-06-11T15:33:09.520000
3.146,2026-06-11T15:33:09.522000
3.148,2026-06-11T15:33:09.524000
3.15,2026-06-11T15:33:09.526000
3.152,2026-06-11T15:33:09.528000
3.154,2026-06-11T15:33:09.530000
3.156,2026-06-11T15:33:09.532000
3.158,2026-06-11T15:33:09.534000
3.16,2026-06-11T15:33:09.536000
3.162,2026-06-11T15:33:09.538000
3.164,2026-06-11T15:33:09.540000
3.166,2026-06-11T15:33:09.542000
3.168,2026-06-11T15:33:09.544000
3.17,2026-06-11T15:33:09.546000
3.172,2026-06-11T15:33:09.548000
3.174,2026-06-11T15:33:09.550000
3.176,2026-06-11T15:33:09.552000
3.178,2026-06-11T15:33:09.554000
3.18,2026-06-11T15:33:09.556000
3.182,2026-06-11T15:33:09.558000
3.184,2026-06-11T15:33:09.560000
3.186,2026-06-11T15:33:09.562000
3.188,2026-06-11T15:33:09.564000
3.19,2026-06-11T15:33:09.566000
3.192,2026-06-11T15:33:09.568000
3.194,2026-06-11T15:33:09.570000
3.196,2026-06-11T15:33:09.572000
3.198,2026-06-11T15:33:09.574000
3.2,2026-06-11T15:33:09.576000
3.202,2026-06-11T15:33:09.578000
3.204,2026-06-11T15:33:09.580000
3.206,2026-06-11T15:33:09.582000
3.208,2026-06-11T15:33:09.584000
3.21,2026-06-11T15:33:09.586000
3.212,2026-06-11T15:33:09.588000
3.214,2026-06-11T15:33:09.590000
3.216,2026-06-11T15:33:09.592000
3.218,2026-06-11T15:33:09.594000
3.22,2026-06-11T15:33:09.596000
3.222,2026-06-11T15:33:09.598000
3.224,2026-06-11T15:33:09.600000
3.226,2026-06-11T15:33:09.602000
3.228,2026-06-11T15:33:09.604000
3.23,2026-06-11T15:33:09.606000
3.232,2026-06-11T15:33:09.608000
3.234,2026-06-11T15:33:09.610000
3.236,2026-06-11T15:33:09.612000
3.238,2026-06-11T15:33:09.614000
3.24,2026-06-11T15:33:09.616000
3.242,2026-06-11T15:33:09.618000
3.244,2026-06-11T15:33:09.620000
3.246,2026-06-11T15:33:09.622000
3.248,2026-06-11T15:33:09.624000
3.25,2026-06-11T15:33:09.626000
3.252,2026-06-11T15:33:09.628000
3.254,2026-06-11T15:33:09.630000
3.256,2026-06-11T15:33:09.632000
3.258,2026-06-11T15:33:09.634000
3.26,2026-06-11T15:33:09.636000
3.262,2026-06-11T15:33:09.638000
3.264,2026-06-11T15:33:09.640000
3.266,2026-06-11T15:33:09.642000
3.268,2026-06-11T15:33:09.644000
3.27,2026-06-11T15:33:09.646000
3.272,2026-06-11T15:33:09.648000
3.274,2026-06-11T15:33:09.650000
3.276,2026-06-11T15:33:09.652000
3.278,2026-06-11T15:33:09.654000
3.28,2026-06-11T15:33:09.656000
3.282,2026-06-11T15:33:09.658000
3.284,2026-06-11T15:33:09.660000
3.286,2026-06-11T15:33:09.662000
3.288,2026-06-11T15:33:09.664000
3.29,2026-06-11T15:33:09.666000
3.292,2026-06-11T15:33:09.668000
3.294,2026-06-11T15:33:09.670000
3.296,2026-06-11T15:33:09.672000
3.298,2026-06-11T15:33:09.674000
3.3,2026-06-11T15:33:09.676000
3.302,2026-06-11T15:33:09.678000
3.304,2026-06-11T15:33:09.680000
3.306,2026-06-11T15:33:09.682000
3.308,2026-06-11T15:33:09.684000
3.31,2026-06-11T15:33:09.686000
3.312,2026-06-11T15:33:09.688000
3.314,2026-06-11T15:33:09.690000
3.316,2026-06-11T15:33:09.692000
3.318,2026-06-11T15:33:09.694000
3.32,2026-06-11T15:33:09.696000
3.322,2026-06-11T15:33:09.698000
3.324,2026-06-11T15:33:09.700000
3.326,2026-06-11T15:33:09.702000
3.328,2026-06-11T15:33:09.704000
3.33,2026-06-11T15:33:09.706000
3.332,2026-06-11T15:33:09.708000
3.334,2026-06-11T15:33:09.710000
3.336,2026-06-11T15:33:09.712000
3.338,2026-06-11T15:33:09.714000
3.34,2026-06-11T15:33:09.716000
3.342,2026-06-11T15:33:09.718000
3.344,2026-06-11T15:33:09.720000
3.346,2026-06-11T15:33:09.722000
3.348,2026-06-11T15:33:09.724000
3.35,2026-06-11T15:33:09.726000
3.352,2026-06-11T15:33:09.728000
3.354,2026-06-11T15:33:09.730000
3.356,2026-06-11T15:33:09.732000
3.358,2026-06-11T15:33:09.734000
3.36,2026-06-11T15:33:09.736000
3.362,2026-06-11T15:33:09.738000
3.364,2026-06-11T15:33:09.740000
3.366,2026-06-11T15:33:09.742000
3.368,2026-06-11T15:33:09.744000
3.37,2026-06-11T15:33:09.746000
3.372,2026-06-11T15:33:09.748000
3.374,2026-06-11T15:33:09.750000
3.376,2026-06-11T15:33:09.752000
3.378,2026-06-11T15:33:09.754000
3.38,2026-06-11T15:33:09.756000
3.382,2026-06-11T15:33:09.758000
3.384,2026-06-11T15:33:09.760000
3.386,2026-06-11T15:33:09.762000
3.388,2026-06-11T15:33:09.764000
3.39,2026-06-11T15:33:09.766000
3.392,2026-06-11T15:33:09.768000
3.394,2026-06-11T15:33:09.770000
3.396,2026-06-11T15:33:09.772000
3.398,2026-06-11T15:33:09.774000
3.4,2026-06-11T15:33:09.776000
3.402,2026-06-11T15:33:09.778000
3.404,2026-06-11T15:33:09.780000
3.406,2026-06-11T15:33:09.782000
3.408,2026-06-11T15:33:09.784000
3.41,2026-06-11T15:33:09.786000
3.412,2026-06-11T15:33:09.788000
3.414,2026-06-11T15:33:09.790000
3.416,2026-06-11T15:33:09.792000
3.418,2026-06-11T15:33:09.794000
3.42,2026-06-11T15:33:09.796000
3.422,2026-06-11T15:33:09.798000
3.424,2026-06-11T15:33:09.800000
3.426,2026-06-11T15:33:09.802000
3.428,2026-06-11T15:33:09.804000
3.43,2026-06-11T15:33:09.806000
3.432,2026-06-11T15:33:09.808000
3.434,2026-06-11T15:33:09.810000
3.436,2026-06-11T15:33:09.812000
3.438,2026-06-11T15:33:09.814000
3.44,2026-06-11T15:33:09.816000
3.442,2026-06-11T15:33:09.818000
3.444,2026-06-11T15:33:09.820000
3.446,2026-06-11T15:33:09.822000
3.448,2026-06-11T15:33:09.824000
3.45,2026-06-11T15:33:09.826000
3.452,2026-06-11T15:33:09.828000
3.454,2026-06-11T15:33:09.830000
3.456,2026-06-11T15:33:09.832000
3.458,2026-06-11T15:33:09.834000
3.46,2026-06-11T15:33:09.836000
3.462,2026-06-11T15:33:09.838000
3.464,2026-06-11T15:33:09.840000
3.466,2026-06-11T15:33:09.842000
3.468,2026-06-11T15:33:09.844000
3.47,2026-06-11T15:33:09.846000
3.472,2026-06-11T15:33:09.848000
3.474,2026-06-11T15:33:09.850000
3.476,2026-06-11T15:33:09.852000
3.478,2026-06-11T15:33:09.854000
3.48,2026-06-11T15:33:09.856000
3.482,2026-06-11T15:33:09.858000
3.484,2026-06-11T15:33:09.860000
3.486,2026-06-11T15:33:09.862000
3.488,2026-06-11T15:33:09.864000
3.49,2026-06-11T15:33:09.866000
3.492,2026-06-11T15:33:09.868000
3.494,2026-06-11T15:33:09.870000
3.496,2026-06-11T15:33:09.872000
3.498,2026-06-11T15:33:09.874000
3.5,2026-06-11T15:33:09.876000
3.502,2026-06-11T15:33:09.878000
3.504,2026-06-11T15:33:09.880000
3.506,2026-06-11T15:33:09.882000
3.508,2026-06-11T15:33:09.884000
3.51,2026-06-11T15:33:09.886000
3.512,2026-06-11T15:33:09.888000
3.514,2026-06-11T15:33:09.890000
3.516,2026-06-11T15:33:09.892000
3.518,2026-06-11T15:33:09.894000
3.52,2026-06-11T15:33:09.896000
3.522,2026-06-11T15:33:09.898000
3.524,2026-06-11T15:33:09.900000
3.526,2026-06-11T15:33:09.902000
3.528,2026-06-11T15:33:09.904000
3.53,2026-06-11T15:33:09.906000
3.532,2026-06-11T15:33:09.908000
3.534,2026-06-11T15:33:09.910000
3.536,2026-06-11T15:33:09.912000
3.538,2026-06-11T15:33:09.914000
3.54,2026-06-11T15:33:09.916000
3.542,2026-06-11T15:33:09.918000
3.544,2026-06-11T15:33:09.920000
3.546,2026-06-11T15:33:09.922000
3.548,2026-06-11T15:33:09.924000
3.55,2026-06-11T15:33:09.926000
3.552,2026-06-11T15:33:09.928000
3.554,2026-06-11T15:33:09.930000
3.556,2026-06-11T15:33:09.932000
3.558,2026-06-11T15:33:09.934000
3.56,2026-06-11T15:33:09.936000
3.562,2026-06-11T15:33:09.938000
3.564,2026-06-11T15:33:09.940000
3.566,2026-06-11T15:33:09.942000
3.568,2026-06-11T15:33:09.944000
3.57,2026-06-11T15:33:09.946000
3.572,2026-06-11T15:33:09.948000
3.574,2026-06-11T15:33:09.950000
3.576,2026-06-11T15:33:09.952000
3.578,2026-06-11T15:33:09.954000
3.58,2026-06-11T15:33:09.956000
3.582,2026-06-11T15:33:09.958000
3.584,2026-06-11T15:33:09.960000
3.586,2026-06-11T15:33:09.962000
3.588,2026-06-11T15:33:09.964000
3.59,2026-06-11T15:33:09.966000
3.592,2026-06-11T15:33:09.968000
3.594,2026-06-11T15:33:09.970000
3.596,2026-06-11T15:33:09.972000
3.598,2026-06-11T15:33:09.974000
3.6,2026-06-11T15:33:09.976000
3.602,2026-06-11T15:33:09.978000
3.604,2026-06-11T15:33:09.980000
3.606,2026-06-11T15:33:09.982000
3.608,2026-06-11T15:33:09.984000
3.61,2026-06-11T15:33:09.986000
3.612,2026-06-11T15:33:09.988000
3.614,2026-06-11T15:33:09.990000
3.616,2026-06-11T15:33:09.992000
3.618,2026-06-11T15:33:09.994000
3.62,2026-06-11T15:33:09.996000
3.622,2026-06-11T15:33:09.998000
3.624,2026-06-11T15:33:10.000000
3.626,2026-06-11T15:33:10.002000
3.628,2026-06-11T15:33:10.004000
3.63,2026-06-11T15:33:10.006000
3.632,2026-06-11T15:33:10.008000
3.634,2026-06-11T15:33:10.010000
3.636,2026-06-11T15:33:10.012000
3.638,2026-06-11T15:33:10.014000
3.64,2026-06-11T15:33:10.016000
3.642,2026-06-11T15:33:10.018000
3.644,2026-06-11T15:33:10.020000
3.646,2026-06-11T15:33:10.022000
3.648,2026-06-11T15:33:10.024000
3.65,2026-06-11T15:33:10.026000
3.652,2026-06-11T15:33:10.028000
3.654,2026-06-11T15:33:10.030000
3.656,2026-06-11T15:33:10.032000
3.658,2026-06-11T15:33:10.034000
3.66,2026-06-11T15:33:10.036000
3.662,2026-06-11T15:33:10.038000
3.664,2026-06-11T15:33:10.040000
3.666,2026-06-11T15:33:10.042000
3.668,2026-06-11T15:33:10.044000
3.67,2026-06-11T15:33:10.046000
3.672,2026-06-11T15:33:10.048000
3.674,2026-06-11T15:33:10.050000
3.676,2026-06-11T15:33:10.052000
3.678,2026-06-11T15:33:10.054000
3.68,2026-06-11T15:33:10.056000
3.682,2026-06-11T15:33:10.058000
3.684,2026-06-11T15:33:10.060000
3.686,2026-06-11T15:33:10.062000
3.688,2026-06-11T15:33:10.064000
3.69,2026-06-11T15:33:10.066000
3.692,2026-06-11T15:33:10.068000
3.694,2026-06-11T15:33:10.070000
3.696,2026-06-11T15:33:10.072000
3.698,2026-06-11T15:33:10.074000
3.7,2026-06-11T15:33:10.076000
3.702,2026-06-11T15:33:10.078000
3.704,2026-06-11T15:33:10.080000
3.706,2026-06-11T15:33:10.082000
3.708,2026-06-11T15:33:10.084000
3.71,2026-06-11T15:33:10.086000
3.712,2026-06-11T15:33:10.088000
3.714,2026-06-11T15:33:10.090000
3.716,2026-06-11T15:33:10.092000
3.718,2026-06-11T15:33:10.094000
3.72,2026-06-11T15:33:10.096000
3.722,2026-06-11T15:33:10.098000
3.724,2026-06-11T15:33:10.100000
3.726,2026-06-11T15:33:10.102000
3.728,2026-06-11T15:33:10.104000
3.73,2026-06-11T15:33:10.106000
3.732,2026-06-11T15:33:10.108000
3.734,2026-06-11T15:33:10.110000
3.736,2026-06-11T15:33:10.112000
3.738,2026-06-11T15:33:10.114000
3.74,2026-06-11T15:33:10.116000
3.742,2026-06-11T15:33:10.118000
3.744,2026-06-11T15:33:10.120000
3.746,2026-06-11T15:33:10.122000
3.748,2026-06-11T15:33:10.124000
3.75,2026-06-11T15:33:10.126000
3.752,2026-06-11T15:33:10.128000
3.754,2026-06-11T15:33:10.130000
3.756,2026-06-11T15:33:10.132000
3.758,2026-06-11T15:33:10.134000
3.76,2026-06-11T15:33:10.136000
3.762,2026-06-11T15:33:10.138000
3.764,2026-06-11T15:33:10.140000
3.766,2026-06-11T15:33:10.142000
3.768,2026-06-11T15:33:10.144000
3.77,2026-06-11T15:33:10.146000
3.772,2026-06-11T15:33:10.148000
3.774,2026-06-11T15:33:10.150000
3.776,2026-06-11T15:33:10.152000
3.778,2026-06-11T15:33:10.154000
3.78,2026-06-11T15:33:10.156000
3.782,2026-06-11T15:33:10.158000
3.784,2026-06-11T15:33:10.160000
3.786,2026-06-11T15:33:10.162000
3.788,2026-06-11T15:33:10.164000
3.79,2026-06-11T15:33:10.166000
3.792,2026-06-11T15:33:10.168000
3.794,2026-06-11T15:33:10.170000
3.796,2026-06-11T15:33:10.172000
3.798,2026-06-11T15:33:10.174000
3.8,2026-06-11T15:33:10.176000
3.802,2026-06-11T15:33:10.178000
3.804,2026-06-11T15:33:10.180000
3.806,2026-06-11T15:33:10.182000
3.808,2026-06-11T15:33:10.184000
3.81,2026-06-11T15:33:10.186000
3.812,2026-06-11T15:33:10.188000
3.814,2026-06-11T15:33:10.190000
3.816,2026-06-11T15:33:10.192000
3.818,2026-06-11T15:33:10.194000
3.82,2026-06-11T15:33:10.196000
3.822,2026-06-11T15:33:10.198000
3.824,2026-06-11T15:33:10.200000
3.826,2026-06-11T15:33:10.202000
3.828,2026-06-11T15:33:10.204000
3.83,2026-06-11T15:33:10.206000
3.832,2026-06-11T15:33:10.208000
3.834,2026-06-11T15:33:10.210000
3.836,2026-06-11T15:33:10.212000
3.838,2026-06-11T15:33:10.214000
3.84,2026-06-11T15:33:10.216000
3.842,2026-06-11T15:33:10.218000
3.844,2026-06-11T15:33:10.220000
3.846,2026-06-11T15:33:10.222000
3.848,2026-06-11T15:33:10.224000
3.85,2026-06-11T15:33:10.226000
3.852,2026-06-11T15:33:10.228000
3.854,2026-06-11T15:33:10.230000
3.856,2026-06-11T15:33:10.232000
3.858,2026-06-11T15:33:10.234000
3.86,2026-06-11T15:33:10.236000
3.862,2026-06-11T15:33:10.238000
3.864,2026-06-11T15:33:10.240000
3.866,2026-06-11T15:33:10.242000
3.868,2026-06-11T15:33:10.244000
3.87,2026-06-11T15:33:10.246000
3.872,2026-06-11T15:33:10.248000
3.874,2026-06-11T15:33:10.250000
3.876,2026-06-11T15:33:10.252000
3.878,2026-06-11T15:33:10.254000
3.88,2026-06-11T15:33:10.256000
3.882,2026-06-11T15:33:10.258000
3.884,2026-06-11T15:33:10.260000
3.886,2026-06-11T15:33:10.262000
3.888,2026-06-11T15:33:10.264000
3.89,2026-06-11T15:33:10.266000
3.892,2026-06-11T15:33:10.268000
3.894,2026-06-11T15:33:10.270000
3.896,2026-06-11T15:33:10.272000
3.898,2026-06-11T15:33:10.274000
3.9,2026-06-11T15:33:10.276000
3.902,2026-06-11T15:33:10.278000
3.904,2026-06-11T15:33:10.280000
3.906,2026-06-11T15:33:10.282000
3.908,2026-06-11T15:33:10.284000
3.91,2026-06-11T15:33:10.286000
3.912,2026-06-11T15:33:10.288000
3.914,2026-06-11T15:33:10.290000
3.916,2026-06-11T15:33:10.292000
3.918,2026-06-11T15:33:10.294000
3.92,2026-06-11T15:33:10.296000
3.922,2026-06-11T15:33:10.298000
3.924,2026-06-11T15:33:10.300000
3.926,2026-06-11T15:33:10.302000
3.928,2026-06-11T15:33:10.304000
3.93,2026-06-11T15:33:10.306000
3.932,2026-06-11T15:33:10.308000
3.934,2026-06-11T15:33:10.310000
3.936,2026-06-11T15:33:10.312000
3.938,2026-06-11T15:33:10.314000
3.94,2026-06-11T15:33:10.316000
3.942,2026-06-11T15:33:10.318000
3.944,2026-06-11T15:33:10.320000
3.946,2026-06-11T15:33:10.322000
3.948,2026-06-11T15:33:10.324000
3.95,2026-06-11T15:33:10.326000
3.952,2026-06-11T15:33:10.328000
3.954,2026-06-11T15:33:10.330000
3.956,2026-06-11T15:33:10.332000
3.958,2026-06-11T15:33:10.334000
3.96,2026-06-11T15:33:10.336000
3.962,2026-06-11T15:33:10.338000
3.964,2026-06-11T15:33:10.340000
3.966,2026-06-11T15:33:10.342000
3.968,2026-06-11T15:33:10.344000
3.97,2026-06-11T15:33:10.346000
3.972,2026-06-11T15:33:10.348000
3.974,2026-06-11T15:33:10.350000
3.976,2026-06-11T15:33:10.352000
3.978,2026-06-11T15:33:10.354000
3.98,2026-06-11T15:33:10.356000
3.982,2026-06-11T15:33:10.358000
3.984,2026-06-11T15:33:10.360000
3.986,2026-06-11T15:33:10.362000
3.988,2026-06-11T15:33:10.364000
3.99,2026-06-11T15:33:10.366000
3.992,2026-06-11T15:33:10.368000
3.994,2026-06-11T15:33:10.370000
3.996,2026-06-11T15:33:10.372000
3.998,2026-06-11T15:33:10.374000
4,2026-06-11T15:33:10.376000
4.002,2026-06-11T15:33:10.378000
4.004,2026-06-11T15:33:10.380000
4.006,2026-06-11T15:33:10.382000
4.008,2026-06-11T15:33:10.384000
4.01,2026-06-11T15:33:10.386000
4.012,2026-06-11T15:33:10.388000
4.014,2026-06-11T15:33:10.390000
4.016,2026-06-11T15:33:10.392000
4.018,2026-06-11T15:33:10.394000
4.02,2026-06-11T15:33:10.396000
4.022,2026-06-11T15:33:10.398000
4.024,2026-06-11T15:33:10.400000
4.026,2026-06-11T15:33:10.402000
4.028,2026-06-11T15:33:10.404000
4.03,2026-06-11T15:33:10.406000
4.032,2026-06-11T15:33:10.408000
4.034,2026-06-11T15:33:10.410000
4.036,2026-06-11T15:33:10.412000
4.038,2026-06-11T15:33:10.414000
4.04,2026-06-11T15:33:10.416000
4.042,2026-06-11T15:33:10.418000
4.044,2026-06-11T15:33:10.420000
4.046,2026-06-11T15:33:10.422000
4.048,2026-06-11T15:33:10.424000
4.05,2026-06-11T15:33:10.426000
4.052,2026-06-11T15:33:10.428000
4.054,2026-06-11T15:33:10.430000
4.056,2026-06-11T15:33:10.432000
4.058,2026-06-11T15:33:10.434000
4.06,2026-06-11T15:33:10.436000
4.062,2026-06-11T15:33:10.438000
4.064,2026-06-11T15:33:10.440000
4.066,2026-06-11T15:33:10.442000
4.068,2026-06-11T15:33:10.444000
4.07,2026-06-11T15:33:10.446000
4.072,2026-06-11T15:33:10.448000
4.074,2026-06-11T15:33:10.450000
4.076,2026-06-11T15:33:10.452000
4.078,2026-06-11T15:33:10.454000
4.08,2026-06-11T15:33:10.456000
4.082,2026-06-11T15:33:10.458000
4.084,2026-06-11T15:33:10.460000
4.086,2026-06-11T15:33:10.462000
4.088,2026-06-11T15:33:10.464000
4.09,2026-06-11T15:33:10.466000
4.092,2026-06-11T15:33:10.468000
4.094,2026-06-11T15:33:10.470000
4.096,2026-06-11T15:33:10.472000
4.098,2026-06-11T15:33:10.474000
4.1,2026-06-11T15:33:10.476000
4.102,2026-06-11T15:33:10.478000
4.104,2026-06-11T15:33:10.480000
4.106,2026-06-11T15:33:10.482000
4.108,2026-06-11T15:33:10.484000
4.11,2026-06-11T15:33:10.486000
4.112,2026-06-11T15:33:10.488000
4.114,2026-06-11T15:33:10.490000
4.116,2026-06-11T15:33:10.492000
4.118,2026-06-11T15:33:10.494000
4.12,2026-06-11T15:33:10.496000
4.122,2026-06-11T15:33:10.498000
4.124,2026-06-11T15:33:10.500000
4.126,2026-06-11T15:33:10.502000
4.128,2026-06-11T15:33:10.504000
4.13,2026-06-11T15:33:10.506000
4.132,2026-06-11T15:33:10.508000
4.134,2026-06-11T15:33:10.510000
4.136,2026-06-11T15:33:10.512000
4.138,2026-06-11T15:33:10.514000
4.14,2026-06-11T15:33:10.516000
4.142,2026-06-11T15:33:10.518000
4.144,2026-06-11T15:33:10.520000
4.146,2026-06-11T15:33:10.522000
4.148,2026-06-11T15:33:10.524000
4.15,2026-06-11T15:33:10.526000
4.152,2026-06-11T15:33:10.528000
4.154,2026-06-11T15:33:10.530000
4.156,2026-06-11T15:33:10.532000
4.158,2026-06-11T15:33:10.534000
4.16,2026-06-11T15:33:10.536000
4.162,2026-06-11T15:33:10.538000
4.164,2026-06-11T15:33:10.540000
4.166,2026-06-11T15:33:10.542000
4.168,2026-06-11T15:33:10.544000
4.17,2026-06-11T15:33:10.546000
4.172,2026-06-11T15:33:10.548000
4.174,2026-06-11T15:33:10.550000
4.176,2026-06-11T15:33:10.552000
4.178,2026-06-11T15:33:10.554000
4.18,2026-06-11T15:33:10.556000
4.182,2026-06-11T15:33:10.558000
4.184,2026-06-11T15:33:10.560000
4.186,2026-06-11T15:33:10.562000
4.188,2026-06-11T15:33:10.564000
4.19,2026-06-11T15:33:10.566000
4.192,2026-06-11T15:33:10.568000
4.194,2026-06-11T15:33:10.570000
4.196,2026-06-11T15:33:10.572000
4.198,2026-06-11T15:33:10.574000
4.2,2026-06-11T15:33:10.576000
4.202,2026-06-11T15:33:10.578000
4.204,2026-06-11T15:33:10.580000
4.206,2026-06-11T15:33:10.582000
4.208,2026-06-11T15:33:10.584000
4.21,2026-06-11T15:33:10.586000
4.212,2026-06-11T15:33:10.588000
4.214,2026-06-11T15:33:10.590000
4.216,2026-06-11T15:33:10.592000
4.218,2026-06-11T15:33:10.594000
4.22,2026-06-11T15:33:10.596000
4.222,2026-06-11T15:33:10.598000
4.224,2026-06-11T15:33:10.600000
4.226,2026-06-11T15:33:10.602000
4.228,2026-06-11T15:33:10.604000
4.23,2026-06-11T15:33:10.606000
4.232,2026-06-11T15:33:10.608000
4.234,2026-06-11T15:33:10.610000
4.236,2026-06-11T15:33:10.612000
4.238,2026-06-11T15:33:10.614000
4.24,2026-06-11T15:33:10.616000
4.242,2026-06-11T15:33:10.618000
4.244,2026-06-11T15:33:10.620000
4.246,2026-06-11T15:33:10.622000
4.248,2026-06-11T15:33:10.624000
4.25,2026-06-11T15:33:10.626000
4.252,2026-06-11T15:33:10.628000
4.254,2026-06-11T15:33:10.630000
4.256,2026-06-11T15:33:10.632000
4.258,2026-06-11T15:33:10.634000
4.26,2026-06-11T15:33:10.636000
4.262,2026-06-11T15:33:10.638000
4.264,2026-06-11T15:33:10.640000
4.266,2026-06-11T15:33:10.642000
4.268,2026-06-11T15:33:10.644000
4.27,2026-06-11T15:33:10.646000
4.272,2026-06-11T15:33:10.648000
4.274,2026-06-11T15:33:10.650000
4.276,2026-06-11T15:33:10.652000
4.278,2026-06-11T15:33:10.654000
4.28,2026-06-11T15:33:10.656000
4.282,2026-06-11T15:33:10.658000
4.284,2026-06-11T15:33:10.660000
4.286,2026-06-11T15:33:10.662000
4.288,2026-06-11T15:33:10.664000
4.29,2026-06-11T15:33:10.666000
4.292,2026-06-11T15:33:10.668000
4.294,2026-06-11T15:33:10.670000
4.296,2026-06-11T15:33:10.672000
4.298,2026-06-11T15:33:10.674000
4.3,2026-06-11T15:33:10.676000
4.302,2026-06-11T15:33:10.678000
4.304,2026-06-11T15:33:10.680000
4.306,2026-06-11T15:33:10.682000
4.308,2026-06-11T15:33:10.684000
4.31,2026-06-11T15:33:10.686000
4.312,2026-06-11T15:33:10.688000
4.314,2026-06-11T15:33:10.690000
4.316,2026-06-11T15:33:10.692000
4.318,2026-06-11T15:33:10.694000
4.32,2026-06-11T15:33:10.696000
4.322,2026-06-11T15:33:10.698000
4.324,2026-06-11T15:33:10.700000
4.326,2026-06-11T15:33:10.702000
4.328,2026-06-11T15:33:10.704000
4.33,2026-06-11T15:33:10.706000
4.332,2026-06-11T15:33:10.708000
4.334,2026-06-11T15:33:10.710000
4.336,2026-06-11T15:33:10.712000
4.338,2026-06-11T15:33:10.714000
4.34,2026-06-11T15:33:10.716000
4.342,2026-06-11T15:33:10.718000
4.344,2026-06-11T15:33:10.720000
4.346,2026-06-11T15:33:10.722000
4.348,2026-06-11T15:33:10.724000
4.35,2026-06-11T15:33:10.726000
4.352,2026-06-11T15:33:10.728000
4.354,2026-06-11T15:33:10.730000
4.356,2026-06-11T15:33:10.732000
4.358,2026-06-11T15:33:10.734000
4.36,2026-06-11T15:33:10.736000
4.362,2026-06-11T15:33:10.738000
4.364,2026-06-11T15:33:10.740000
4.366,2026-06-11T15:33:10.742000
4.368,2026-06-11T15:33:10.744000
4.37,2026-06-11T15:33:10.746000
4.372,2026-06-11T15:33:10.748000
4.374,2026-06-11T15:33:10.750000
4.376,2026-06-11T15:33:10.752000
4.378,2026-06-11T15:33:10.754000
4.38,2026-06-11T15:33:10.756000
4.382,2026-06-11T15:33:10.758000
4.384,2026-06-11T15:33:10.760000
4.386,2026-06-11T15:33:10.762000
4.388,2026-06-11T15:33:10.764000
4.39,2026-06-11T15:33:10.766000
4.392,2026-06-11T15:33:10.768000
4.394,2026-06-11T15:33:10.770000
4.396,2026-06-11T15:33:10.772000
4.398,2026-06-11T15:33:10.774000
4.4,2026-06-11T15:33:10.776000
4.402,2026-06-11T15:33:10.778000
4.404,2026-06-11T15:33:10.780000
4.406,2026-06-11T15:33:10.782000
4.408,2026-06-11T15:33:10.784000
4.41,2026-06-11T15:33:10.786000
4.412,2026-06-11T15:33:10.788000
4.414,2026-06-11T15:33:10.790000
4.416,2026-06-11T15:33:10.792000
4.418,2026-06-11T15:33:10.794000
4.42,2026-06-11T15:33:10.796000
4.422,2026-06-11T15:33:10.798000
4.424,2026-06-11T15:33:10.800000
4.426,2026-06-11T15:33:10.802000
4.428,2026-06-11T15:33:10.804000
4.43,2026-06-11T15:33:10.806000
4.432,2026-06-11T15:33:10.808000
4.434,2026-06-11T15:33:10.810000
4.436,2026-06-11T15:33:10.812000
4.438,2026-06-11T15:33:10.814000
4.44,2026-06-11T15:33:10.816000
4.442,2026-06-11T15:33:10.818000
4.444,2026-06-11T15:33:10.820000
4.446,2026-06-11T15:33:10.822000
4.448,2026-06-11T15:33:10.824000
4.45,2026-06-11T15:33:10.826000
4.452,2026-06-11T15:33:10.828000
4.454,2026-06-11T15:33:10.830000
4.456,2026-06-11T15:33:10.832000
4.458,2026-06-11T15:33:10.834000
4.46,2026-06-11T15:33:10.836000
4.462,2026-06-11T15:33:10.838000
4.464,2026-06-11T15:33:10.840000
4.466,2026-06-11T15:33:10.842000
4.468,2026-06-11T15:33:10.844000
4.47,2026-06-11T15:33:10.846000
4.472,2026-06-11T15:33:10.848000
4.474,2026-06-11T15:33:10.850000
4.476,2026-06-11T15:33:10.852000
4.478,2026-06-11T15:33:10.854000
4.48,2026-06-11T15:33:10.856000
4.482,2026-06-11T15:33:10.858000
4.484,2026-06-11T15:33:10.860000
4.486,2026-06-11T15:33:10.862000
4.488,2026-06-11T15:33:10.864000
4.49,2026-06-11T15:33:10.866000
4.492,2026-06-11T15:33:10.868000
4.494,2026-06-11T15:33:10.870000
4.496,2026-06-11T15:33:10.872000
4.498,2026-06-11T15:33:10.874000
4.5,2026-06-11T15:33:10.876000
4.502,2026-06-11T15:33:10.878000
4.504,2026-06-11T15:33:10.880000
4.506,2026-06-11T15:33:10.882000
4.508,2026-06-11T15:33:10.884000
4.51,2026-06-11T15:33:10.886000
4.512,2026-06-11T15:33:10.888000
4.514,2026-06-11T15:33:10.890000
4.516,2026-06-11T15:33:10.892000
4.518,2026-06-11T15:33:10.894000
4.52,2026-06-11T15:33:10.896000
4.522,2026-06-11T15:33:10.898000
4.524,2026-06-11T15:33:10.900000
4.526,2026-06-11T15:33:10.902000
4.528,2026-06-11T15:33:10.904000
4.53,2026-06-11T15:33:10.906000
4.532,2026-06-11T15:33:10.908000
4.534,2026-06-11T15:33:10.910000
4.536,2026-06-11T15:33:10.912000
4.538,2026-06-11T15:33:10.914000
4.54,2026-06-11T15:33:10.916000
4.542,2026-06-11T15:33:10.918000
4.544,2026-06-11T15:33:10.920000
4.546,2026-06-11T15:33:10.922000
4.548,2026-06-11T15:33:10.924000
4.55,2026-06-11T15:33:10.926000
4.552,2026-06-11T15:33:10.928000
4.554,2026-06-11T15:33:10.930000
4.556,2026-06-11T15:33:10.932000
4.558,2026-06-11T15:33:10.934000
4.56,2026-06-11T15:33:10.936000
4.562,2026-06-11T15:33:10.938000
4.564,2026-06-11T15:33:10.940000
4.566,2026-06-11T15:33:10.942000
4.568,2026-06-11T15:33:10.944000
4.57,2026-06-11T15:33:10.946000
4.572,2026-06-11T15:33:10.948000
4.574,2026-06-11T15:33:10.950000
4.576,2026-06-11T15:33:10.952000
4.578,2026-06-11T15:33:10.954000
4.58,2026-06-11T15:33:10.956000
4.582,2026-06-11T15:33:10.958000
4.584,2026-06-11T15:33:10.960000
4.586,2026-06-11T15:33:10.962000
4.588,2026-06-11T15:33:10.964000
4.59,2026-06-11T15:33:10.966000
4.592,2026-06-11T15:33:10.968000
4.594,2026-06-11T15:33:10.970000
4.596,2026-06-11T15:33:10.972000
4.598,2026-06-11T15:33:10.974000
4.6,2026-06-11T15:33:10.976000
4.602,2026-06-11T15:33:10.978000
4.604,2026-06-11T15:33:10.980000
4.606,2026-06-11T15:33:10.982000
4.608,2026-06-11T15:33:10.984000
4.61,2026-06-11T15:33:10.986000
4.612,2026-06-11T15:33:10.988000
4.614,2026-06-11T15:33:10.990000
4.616,2026-06-11T15:33:10.992000
4.618,2026-06-11T15:33:10.994000
4.62,2026-06-11T15:33:10.996000
4.622,2026-06-11T15:33:10.998000
4.624,2026-06-11T15:33:11.000000
4.626,2026-06-11T15:33:11.002000
4.628,2026-06-11T15:33:11.004000
4.63,2026-06-11T15:33:11.006000
4.632,2026-06-11T15:33:11.008000
4.634,2026-06-11T15:33:11.010000
4.636,2026-06-11T15:33:11.012000
4.638,2026-06-11T15:33:11.014000
4.64,2026-06-11T15:33:11.016000
4.642,2026-06-11T15:33:11.018000
4.644,2026-06-11T15:33:11.020000
4.646,2026-06-11T15:33:11.022000
4.648,2026-06-11T15:33:11.024000
4.65,2026-06-11T15:33:11.026000
4.652,2026-06-11T15:33:11.028000
4.654,2026-06-11T15:33:11.030000
4.656,2026-06-11T15:33:11.032000
4.658,2026-06-11T15:33:11.034000
4.66,2026-06-11T15:33:11.036000
4.662,2026-06-11T15:33:11.038000
4.664,2026-06-11T15:33:11.040000
4.666,2026-06-11T15:33:11.042000
4.668,2026-06-11T15:33:11.044000
4.67,2026-06-11T15:33:11.046000
4.672,2026-06-11T15:33:11.048000
4.674,2026-06-11T15:33:11.050000
4.676,2026-06-11T15:33:11.052000
4.678,2026-06-11T15:33:11.054000
4.68,2026-06-11T15:33:11.056000
4.682,2026-06-11T15:33:11.058000
4.684,2026-06-11T15:33:11.060000
4.686,2026-06-11T15:33:11.062000
4.688,2026-06-11T15:33:11.064000
4.69,2026-06-11T15:33:11.066000
4.692,2026-06-11T15:33:11.068000
4.694,2026-06-11T15:33:11.070000
4.696,2026-06-11T15:33:11.072000
4.698,2026-06-11T15:33:11.074000
4.7,2026-06-11T15:33:11.076000
4.702,2026-06-11T15:33:11.078000
4.704,2026-06-11T15:33:11.080000
4.706,2026-06-11T15:33:11.082000
4.708,2026-06-11T15:33:11.084000
4.71,2026-06-11T15:33:11.086000
4.712,2026-06-11T15:33:11.088000
4.714,2026-06-11T15:33:11.090000
4.716,2026-06-11T15:33:11.092000
4.718,2026-06-11T15:33:11.094000
4.72,2026-06-11T15:33:11.096000
4.722,2026-06-11T15:33:11.098000
4.724,2026-06-11T15:33:11.100000
4.726,2026-06-11T15:33:11.102000
4.728,2026-06-11T15:33:11.104000
4.73,2026-06-11T15:33:11.106000
4.732,2026-06-11T15:33:11.108000
4.734,2026-06-11T15:33:11.110000
4.736,2026-06-11T15:33:11.112000
4.738,2026-06-11T15:33:11.114000
4.74,2026-06-11T15:33:11.116000
4.742,2026-06-11T15:33:11.118000
4.744,2026-06-11T15:33:11.120000
4.746,2026-06-11T15:33:11.122000
4.748,2026-06-11T15:33:11.124000
4.75,2026-06-11T15:33:11.126000
4.752,2026-06-11T15:33:11.128000
4.754,2026-06-11T15:33:11.130000
4.756,2026-06-11T15:33:11.132000
4.758,2026-06-11T15:33:11.134000
4.76,2026-06-11T15:33:11.136000
4.762,2026-06-11T15:33:11.138000
4.764,2026-06-11T15:33:11.140000
4.766,2026-06-11T15:33:11.142000
4.768,2026-06-11T15:33:11.144000
4.77,2026-06-11T15:33:11.146000
4.772,2026-06-11T15:33:11.148000
4.774,2026-06-11T15:33:11.150000
4.776,2026-06-11T15:33:11.152000
4.778,2026-06-11T15:33:11.154000
4.78,2026-06-11T15:33:11.156000
4.782,2026-06-11T15:33:11.158000
4.784,2026-06-11T15:33:11.160000
4.786,2026-06-11T15:33:11.162000
4.788,2026-06-11T15:33:11.164000
4.79,2026-06-11T15:33:11.166000
4.792,2026-06-11T15:33:11.168000
4.794,2026-06-11T15:33:11.170000
4.796,2026-06-11T15:33:11.172000
4.798,2026-06-11T15:33:11.174000
4.8,2026-06-11T15:33:11.176000
4.802,2026-06-11T15:33:11.178000
4.804,2026-06-11T15:33:11.180000
4.806,2026-06-11T15:33:11.182000
4.808,2026-06-11T15:33:11.184000
4.81,2026-06-11T15:33:11.186000
4.812,2026-06-11T15:33:11.188000
4.814,2026-06-11T15:33:11.190000
4.816,2026-06-11T15:33:11.192000
4.818,2026-06-11T15:33:11.194000
4.82,2026-06-11T15:33:11.196000
4.822,2026-06-11T15:33:11.198000
4.824,2026-06-11T15:33:11.200000
4.826,2026-06-11T15:33:11.202000
4.828,2026-06-11T15:33:11.204000
4.83,2026-06-11T15:33:11.206000
4.832,2026-06-11T15:33:11.208000
4.834,2026-06-11T15:33:11.210000
4.836,2026-06-11T15:33:11.212000
4.838,2026-06-11T15:33:11.214000
4.84,2026-06-11T15:33:11.216000
4.842,2026-06-11T15:33:11.218000
4.844,2026-06-11T15:33:11.220000
4.846,2026-06-11T15:33:11.222000
4.848,2026-06-11T15:33:11.224000
4.85,2026-06-11T15:33:11.226000
4.852,2026-06-11T15:33:11.228000
4.854,2026-06-11T15:33:11.230000
4.856,2026-06-11T15:33:11.232000
4.858,2026-06-11T15:33:11.234000
4.86,2026-06-11T15:33:11.236000
4.862,2026-06-11T15:33:11.238000
4.864,2026-06-11T15:33:11.240000
4.866,2026-06-11T15:33:11.242000
4.868,2026-06-11T15:33:11.244000
4.87,2026-06-11T15:33:11.246000
4.872,2026-06-11T15:33:11.248000
4.874,2026-06-11T15:33:11.250000
4.876,2026-06-11T15:33:11.252000
4.878,2026-06-11T15:33:11.254000
4.88,2026-06-11T15:33:11.256000
4.882,2026-06-11T15:33:11.258000
4.884,2026-06-11T15:33:11.260000
4.886,2026-06-11T15:33:11.262000
4.888,2026-06-11T15:33:11.264000
4.89,2026-06-11T15:33:11.266000
4.892,2026-06-11T15:33:11.268000
4.894,2026-06-11T15:33:11.270000
4.896,2026-06-11T15:33:11.272000
4.898,2026-06-11T15:33:11.274000
4.9,2026-06-11T15:33:11.276000
4.902,2026-06-11T15:33:11.278000
4.904,2026-06-11T15:33:11.280000
4.906,2026-06-11T15:33:11.282000
4.908,2026-06-11T15:33:11.284000
4.91,2026-06-11T15:33:11.286000
4.912,2026-06-11T15:33:11.288000
4.914,2026-06-11T15:33:11.290000
4.916,2026-06-11T15:33:11.292000
4.918,2026-06-11T15:33:11.294000
4.92,2026-06-11T15:33:11.296000
4.922,2026-06-11T15:33:11.298000
4.924,2026-06-11T15:33:11.300000
4.926,2026-06-11T15:33:11.302000
4.928,2026-06-11T15:33:11.304000
4.93,2026-06-11T15:33:11.306000
4.932,2026-06-11T15:33:11.308000
4.934,2026-06-11T15:33:11.310000
4.936,2026-06-11T15:33:11.312000
4.938,2026-06-11T15:33:11.314000
4.94,2026-06-11T15:33:11.316000
4.942,2026-06-11T15:33:11.318000
4.944,2026-06-11T15:33:11.320000
4.946,2026-06-11T15:33:11.322000
4.948,2026-06-11T15:33:11.324000
4.95,2026-06-11T15:33:11.326000
4.952,2026-06-11T15:33:11.328000
4.954,2026-06-11T15:33:11.330000
4.956,2026-06-11T15:33:11.332000
4.958,2026-06-11T15:33:11.334000
4.96,2026-06-11T15:33:11.336000
4.962,2026-06-11T15:33:11.338000
4.964,2026-06-11T15:33:11.340000
4.966,2026-06-11T15:33:11.342000
4.968,2026-06-11T15:33:11.344000
4.97,2026-06-11T15:33:11.346000
4.972,2026-06-11T15:33:11.348000
4.974,2026-06-11T15:33:11.350000
4.976,2026-06-11T15:33:11.352000
4.978,2026-06-11T15:33:11.354000
4.98,2026-06-11T15:33:11.356000
4.982,2026-06-11T15:33:11.358000
4.984,2026-06-11T15:33:11.360000
4.986,2026-06-11T15:33:11.362000
4.988,2026-06-11T15:33:11.364000
4.99,2026-06-11T15:33:11.366000
4.992,2026-06-11T15:33:11.368000
4.994,2026-06-11T15:33:11.370000
4.996,2026-06-11T15:33:11.372000
4.998,2026-06-11T15:33:11.374000
5,2026-06-11T15:33:11.376000
5.002,2026-06-11T15:33:11.378000
5.004,2026-06-11T15:33:11.380000
5.006,2026-06-11T15:33:11.382000
5.008,2026-06-11T15:33:11.384000
5.01,2026-06-11T15:33:11.386000
5.012,2026-06-11T15:33:11.388000
5.014,2026-06-11T15:33:11.390000
5.016,2026-06-11T15:33:11.392000
5.018,2026-06-11T15:33:11.394000
5.02,2026-06-11T15:33:11.396000
5.022,2026-06-11T15:33:11.398000
5.024,2026-06-11T15:33:11.400000
5.026,2026-06-11T15:33:11.402000
5.028,2026-06-11T15:33:11.404000
5.03,2026-06-11T15:33:11.406000
5.032,2026-06-11T15:33:11.408000
5.034,2026-06-11T15:33:11.410000
5.036,2026-06-11T15:33:11.412000
5.038,2026-06-11T15:33:11.414000
5.04,2026-06-11T15:33:11.416000
5.042,2026-06-11T15:33:11.418000
5.044,2026-06-11T15:33:11.420000
5.046,2026-06-11T15:33:11.422000
5.048,2026-06-11T15:33:11.424000
5.05,2026-06-11T15:33:11.426000
5.052,2026-06-11T15:33:11.428000
5.054,2026-06-11T15:33:11.430000
5.056,2026-06-11T15:33:11.432000
5.058,2026-06-11T15:33:11.434000
5.06,2026-06-11T15:33:11.436000
5.062,2026-06-11T15:33:11.438000
5.064,2026-06-11T15:33:11.440000
5.066,2026-06-11T15:33:11.442000
5.068,2026-06-11T15:33:11.444000
5.07,2026-06-11T15:33:11.446000
5.072,2026-06-11T15:33:11.448000
5.074,2026-06-11T15:33:11.450000
5.076,2026-06-11T15:33:11.452000
5.078,2026-06-11T15:33:11.454000
5.08,2026-06-11T15:33:11.456000
5.082,2026-06-11T15:33:11.458000
5.084,2026-06-11T15:33:11.460000
5.086,2026-06-11T15:33:11.462000
5.088,2026-06-11T15:33:11.464000
5.09,2026-06-11T15:33:11.466000
5.092,2026-06-11T15:33:11.468000
5.094,2026-06-11T15:33:11.470000
5.096,2026-06-11T15:33:11.472000
5.098,2026-06-11T15:33:11.474000
5.1,2026-06-11T15:33:11.476000
5.102,2026-06-11T15:33:11.478000
5.104,2026-06-11T15:33:11.480000
5.106,2026-06-11T15:33:11.482000
5.108,2026-06-11T15:33:11.484000
5.11,2026-06-11T15:33:11.486000
5.112,2026-06-11T15:33:11.488000
5.114,2026-06-11T15:33:11.490000
5.116,2026-06-11T15:33:11.492000
5.118,2026-06-11T15:33:11.494000
5.12,2026-06-11T15:33:11.496000
5.122,2026-06-11T15:33:11.498000
5.124,2026-06-11T15:33:11.500000
5.126,2026-06-11T15:33:11.502000
5.128,2026-06-11T15:33:11.504000
5.13,2026-06-11T15:33:11.506000
5.132,2026-06-11T15:33:11.508000
5.134,2026-06-11T15:33:11.510000
5.136,2026-06-11T15:33:11.512000
5.138,2026-06-11T15:33:11.514000
5.14,2026-06-11T15:33:11.516000
5.142,2026-06-11T15:33:11.518000
5.144,2026-06-11T15:33:11.520000
5.146,2026-06-11T15:33:11.522000
5.148,2026-06-11T15:33:11.524000
5.15,2026-06-11T15:33:11.526000
5.152,2026-06-11T15:33:11.528000
5.154,2026-06-11T15:33:11.530000
5.156,2026-06-11T15:33:11.532000
5.158,2026-06-11T15:33:11.534000
5.16,2026-06-11T15:33:11.536000
5.162,2026-06-11T15:33:11.538000
5.164,2026-06-11T15:33:11.540000
5.166,2026-06-11T15:33:11.542000
5.168,2026-06-11T15:33:11.544000
5.17,2026-06-11T15:33:11.546000
5.172,2026-06-11T15:33:11.548000
5.174,2026-06-11T15:33:11.550000
5.176,2026-06-11T15:33:11.552000
5.178,2026-06-11T15:33:11.554000
5.18,2026-06-11T15:33:11.556000
5.182,2026-06-11T15:33:11.558000
5.184,2026-06-11T15:33:11.560000
5.186,2026-06-11T15:33:11.562000
5.188,2026-06-11T15:33:11.564000
5.19,2026-06-11T15:33:11.566000
5.192,2026-06-11T15:33:11.568000
5.194,2026-06-11T15:33:11.570000
5.196,2026-06-11T15:33:11.572000
5.198,2026-06-11T15:33:11.574000
5.2,2026-06-11T15:33:11.576000
5.202,2026-06-11T15:33:11.578000
5.204,2026-06-11T15:33:11.580000
5.206,2026-06-11T15:33:11.582000
5.208,2026-06-11T15:33:11.584000
5.21,2026-06-11T15:33:11.586000
5.212,2026-06-11T15:33:11.588000
5.214,2026-06-11T15:33:11.590000
5.216,2026-06-11T15:33:11.592000
5.218,2026-06-11T15:33:11.594000
5.22,2026-06-11T15:33:11.596000
5.222,2026-06-11T15:33:11.598000
5.224,2026-06-11T15:33:11.600000
5.226,2026-06-11T15:33:11.602000
5.228,2026-06-11T15:33:11.604000
5.23,2026-06-11T15:33:11.606000
5.232,2026-06-11T15:33:11.608000
5.234,2026-06-11T15:33:11.610000
5.236,2026-06-11T15:33:11.612000
5.238,2026-06-11T15:33:11.614000
5.24,2026-06-11T15:33:11.616000
5.242,2026-06-11T15:33:11.618000
5.244,2026-06-11T15:33:11.620000
5.246,2026-06-11T15:33:11.622000
5.248,2026-06-11T15:33:11.624000
5.25,2026-06-11T15:33:11.626000
5.252,2026-06-11T15:33:11.628000
5.254,2026-06-11T15:33:11.630000
5.256,2026-06-11T15:33:11.632000
5.258,2026-06-11T15:33:11.634000
5.26,2026-06-11T15:33:11.636000
5.262,2026-06-11T15:33:11.638000
5.264,2026-06-11T15:33:11.640000
5.266,2026-06-11T15:33:11.642000
5.268,2026-06-11T15:33:11.644000
5.27,2026-06-11T15:33:11.646000
5.272,2026-06-11T15:33:11.648000
5.274,2026-06-11T15:33:11.650000
5.276,2026-06-11T15:33:11.652000
5.278,2026-06-11T15:33:11.654000
5.28,2026-06-11T15:33:11.656000
5.282,2026-06-11T15:33:11.658000
5.284,2026-06-11T15:33:11.660000
5.286,2026-06-11T15:33:11.662000
5.288,2026-06-11T15:33:11.664000
5.29,2026-06-11T15:33:11.666000
5.292,2026-06-11T15:33:11.668000
5.294,2026-06-11T15:33:11.670000
5.296,2026-06-11T15:33:11.672000
5.298,2026-06-11T15:33:11.674000
5.3,2026-06-11T15:33:11.676000
5.302,2026-06-11T15:33:11.678000
5.304,2026-06-11T15:33:11.680000
5.306,2026-06-11T15:33:11.682000
5.308,2026-06-11T15:33:11.684000
5.31,2026-06-11T15:33:11.686000
5.312,2026-06-11T15:33:11.688000
5.314,2026-06-11T15:33:11.690000
5.316,2026-06-11T15:33:11.692000
5.318,2026-06-11T15:33:11.694000
5.32,2026-06-11T15:33:11.696000
5.322,2026-06-11T15:33:11.698000
5.324,2026-06-11T15:33:11.700000
5.326,2026-06-11T15:33:11.702000
5.328,2026-06-11T15:33:11.704000
5.33,2026-06-11T15:33:11.706000
5.332,2026-06-11T15:33:11.708000
5.334,2026-06-11T15:33:11.710000
5.336,2026-06-11T15:33:11.712000
5.338,2026-06-11T15:33:11.714000
5.34,2026-06-11T15:33:11.716000
5.342,2026-06-11T15:33:11.718000
5.344,2026-06-11T15:33:11.720000
5.346,2026-06-11T15:33:11.722000
5.348,2026-06-11T15:33:11.724000
5.35,2026-06-11T15:33:11.726000
5.352,2026-06-11T15:33:11.728000
5.354,2026-06-11T15:33:11.730000
5.356,2026-06-11T15:33:11.732000
5.358,2026-06-11T15:33:11.734000
5.36,2026-06-11T15:33:11.736000
5.362,2026-06-11T15:33:11.738000
5.364,2026-06-11T15:33:11.740000
5.366,2026-06-11T15:33:11.742000
5.368,2026-06-11T15:33:11.744000
5.37,2026-06-11T15:33:11.746000
5.372,2026-06-11T15:33:11.748000
5.374,2026-06-11T15:33:11.750000
5.376,2026-06-11T15:33:11.752000
5.378,2026-06-11T15:33:11.754000
5.38,2026-06-11T15:33:11.756000
5.382,2026-06-11T15:33:11.758000
5.384,2026-06-11T15:33:11.760000
5.386,2026-06-11T15:33:11.762000
5.388,2026-06-11T15:33:11.764000
5.39,2026-06-11T15:33:11.766000
5.392,2026-06-11T15:33:11.768000
5.394,2026-06-11T15:33:11.770000
5.396,2026-06-11T15:33:11.772000
5.398,2026-06-11T15:33:11.774000
5.4,2026-06-11T15:33:11.776000
5.402,2026-06-11T15:33:11.778000
5.404,2026-06-11T15:33:11.780000
5.406,2026-06-11T15:33:11.782000
5.408,2026-06-11T15:33:11.784000
5.41,2026-06-11T15:33:11.786000
5.412,2026-06-11T15:33:11.788000
5.414,2026-06-11T15:33:11.790000
5.416,2026-06-11T15:33:11.792000
5.418,2026-06-11T15:33:11.794000
5.42,2026-06-11T15:33:11.796000
5.422,2026-06-11T15:33:11.798000
5.424,2026-06-11T15:33:11.800000
5.426,2026-06-11T15:33:11.802000
5.428,2026-06-11T15:33:11.804000
5.43,2026-06-11T15:33:11.806000
5.432,2026-06-11T15:33:11.808000
5.434,2026-06-11T15:33:11.810000
5.436,2026-06-11T15:33:11.812000
5.438,2026-06-11T15:33:11.814000
5.44,2026-06-11T15:33:11.816000
5.442,2026-06-11T15:33:11.818000
5.444,2026-06-11T15:33:11.820000
5.446,2026-06-11T15:33:11.822000
5.448,2026-06-11T15:33:11.824000
5.45,2026-06-11T15:33:11.826000
5.452,2026-06-11T15:33:11.828000
5.454,2026-06-11T15:33:11.830000
5.456,2026-06-11T15:33:11.832000
5.458,2026-06-11T15:33:11.834000
5.46,2026-06-11T15:33:11.836000
5.462,2026-06-11T15:33:11.838000
5.464,2026-06-11T15:33:11.840000
5.466,2026-06-11T15:33:11.842000
5.468,2026-06-11T15:33:11.844000
5.47,2026-06-11T15:33:11.846000
5.472,2026-06-11T15:33:11.848000
5.474,2026-06-11T15:33:11.850000
5.476,2026-06-11T15:33:11.852000
5.478,2026-06-11T15:33:11.854000
5.48,2026-06-11T15:33:11.856000
5.482,2026-06-11T15:33:11.858000
5.484,2026-06-11T15:33:11.860000
5.486,2026-06-11T15:33:11.862000
5.488,2026-06-11T15:33:11.864000
5.49,2026-06-11T15:33:11.866000
5.492,2026-06-11T15:33:11.868000
5.494,2026-06-11T15:33:11.870000
5.496,2026-06-11T15:33:11.872000
5.498,2026-06-11T15:33:11.874000
5.5,2026-06-11T15:33:11.876000
5.502,2026-06-11T15:33:11.878000
5.504,2026-06-11T15:33:11.880000
5.506,2026-06-11T15:33:11.882000
5.508,2026-06-11T15:33:11.884000
5.51,2026-06-11T15:33:11.886000
5.512,2026-06-11T15:33:11.888000
5.514,2026-06-11T15:33:11.890000
5.516,2026-06-11T15:33:11.892000
5.518,2026-06-11T15:33:11.894000
5.52,2026-06-11T15:33:11.896000
5.522,2026-06-11T15:33:11.898000
5.524,2026-06-11T15:33:11.900000
5.526,2026-06-11T15:33:11.902000
5.528,2026-06-11T15:33:11.904000
5.53,2026-06-11T15:33:11.906000
5.532,2026-06-11T15:33:11.908000
5.534,2026-06-11T15:33:11.910000
5.536,2026-06-11T15:33:11.912000
5.538,2026-06-11T15:33:11.914000
5.54,2026-06-11T15:33:11.916000
5.542,2026-06-11T15:33:11.918000
5.544,2026-06-11T15:33:11.920000
5.546,2026-06-11T15:33:11.922000
5.548,2026-06-11T15:33:11.924000
5.55,2026-06-11T15:33:11.926000
5.552,2026-06-11T15:33:11.928000
5.554,2026-06-11T15:33:11.930000
5.556,2026-06-11T15:33:11.932000
5.558,2026-06-11T15:33:11.934000
5.56,2026-06-11T15:33:11.936000
5.562,2026-06-11T15:33:11.938000
5.564,2026-06-11T15:33:11.940000
5.566,2026-06-11T15:33:11.942000
5.568,2026-06-11T15:33:11.944000
5.57,2026-06-11T15:33:11.946000
5.572,2026-06-11T15:33:11.948000
5.574,2026-06-11T15:33:11.950000
5.576,2026-06-11T15:33:11.952000
5.578,2026-06-11T15:33:11.954000
5.58,2026-06-11T15:33:11.956000
5.582,2026-06-11T15:33:11.958000
5.584,2026-06-11T15:33:11.960000
5.586,2026-06-11T15:33:11.962000
5.588,2026-06-11T15:33:11.964000
5.59,2026-06-11T15:33:11.966000
5.592,2026-06-11T15:33:11.968000
5.594,2026-06-11T15:33:11.970000
5.596,2026-06-11T15:33:11.972000
5.598,2026-06-11T15:33:11.974000
5.6,2026-06-11T15:33:11.976000
5.602,2026-06-11T15:33:11.978000
5.604,2026-06-11T15:33:11.980000
5.606,2026-06-11T15:33:11.982000
5.608,2026-06-11T15:33:11.984000
5.61,2026-06-11T15:33:11.986000
5.612,2026-06-11T15:33:11.988000
5.614,2026-06-11T15:33:11.990000
5.616,2026-06-11T15:33:11.992000
5.618,2026-06-11T15:33:11.994000
5.62,2026-06-11T15:33:11.996000
5.622,2026-06-11T15:33:11.998000
5.624,2026-06-11T15:33:12.000000
5.626,2026-06-11T15:33:12.002000
5.628,2026-06-11T15:33:12.004000
5.63,2026-06-11T15:33:12.006000
5.632,2026-06-11T15:33:12.008000
5.634,2026-06-11T15:33:12.010000
5.636,2026-06-11T15:33:12.012000
5.638,2026-06-11T15:33:12.014000
5.64,2026-06-11T15:33:12.016000
5.642,2026-06-11T15:33:12.018000
5.644,2026-06-11T15:33:12.020000
5.646,2026-06-11T15:33:12.022000
5.648,2026-06-11T15:33:12.024000
5.65,2026-06-11T15:33:12.026000
5.652,2026-06-11T15:33:12.028000
5.654,2026-06-11T15:33:12.030000
5.656,2026-06-11T15:33:12.032000
5.658,2026-06-11T15:33:12.034000
5.66,2026-06-11T15:33:12.036000
5.662,2026-06-11T15:33:12.038000
5.664,2026-06-11T15:33:12.040000
5.666,2026-06-11T15:33:12.042000
5.668,2026-06-11T15:33:12.044000
5.67,2026-06-11T15:33:12.046000
5.672,2026-06-11T15:33:12.048000
5.674,2026-06-11T15:33:12.050000
5.676,2026-06-11T15:33:12.052000
5.678,2026-06-11T15:33:12.054000
5.68,2026-06-11T15:33:12.056000
5.682,2026-06-11T15:33:12.058000
5.684,2026-06-11T15:33:12.060000
5.686,2026-06-11T15:33:12.062000
5.688,2026-06-11T15:33:12.064000
5.69,2026-06-11T15:33:12.066000
5.692,2026-06-11T15:33:12.068000
5.694,2026-06-11T15:33:12.070000
5.696,2026-06-11T15:33:12.072000
5.698,2026-06-11T15:33:12.074000
5.7,2026-06-11T15:33:12.076000
5.702,2026-06-11T15:33:12.078000
5.704,2026-06-11T15:33:12.080000
5.706,2026-06-11T15:33:12.082000
5.708,2026-06-11T15:33:12.084000
5.71,2026-06-11T15:33:12.086000
5.712,2026-06-11T15:33:12.088000
5.714,2026-06-11T15:33:12.090000
5.716,2026-06-11T15:33:12.092000
5.718,2026-06-11T15:33:12.094000
5.72,2026-06-11T15:33:12.096000
5.722,2026-06-11T15:33:12.098000
5.724,2026-06-11T15:33:12.100000
5.726,2026-06-11T15:33:12.102000
5.728,2026-06-11T15:33:12.104000
5.73,2026-06-11T15:33:12.106000
5.732,2026-06-11T15:33:12.108000
5.734,2026-06-11T15:33:12.110000
5.736,2026-06-11T15:33:12.112000
5.738,2026-06-11T15:33:12.114000
5.74,2026-06-11T15:33:12.116000
5.742,2026-06-11T15:33:12.118000
5.744,2026-06-11T15:33:12.120000
5.746,2026-06-11T15:33:12.122000
5.748,2026-06-11T15:33:12.124000
5.75,2026-06-11T15:33:12.126000
5.752,2026-06-11T15:33:12.128000
5.754,2026-06-11T15:33:12.130000
5.756,2026-06-11T15:33:12.132000
5.758,2026-06-11T15:33:12.134000
5.76,2026-06-11T15:33:12.136000
5.762,2026-06-11T15:33:12.138000
5.764,2026-06-11T15:33:12.140000
5.766,2026-06-11T15:33:12.142000
5.768,2026-06-11T15:33:12.144000
5.77,2026-06-11T15:33:12.146000
5.772,2026-06-11T15:33:12.148000
5.774,2026-06-11T15:33:12.150000
5.776,2026-06-11T15:33:12.152000
5.778,2026-06-11T15:33:12.154000
5.78,2026-06-11T15:33:12.156000
5.782,2026-06-11T15:33:12.158000
5.784,2026-06-11T15:33:12.160000
5.786,2026-06-11T15:33:12.162000
5.788,2026-06-11T15:33:12.164000
5.79,2026-06-11T15:33:12.166000
5.792,2026-06-11T15:33:12.168000
5.794,2026-06-11T15:33:12.170000
5.796,2026-06-11T15:33:12.172000
5.798,2026-06-11T15:33:12.174000
5.8,2026-06-11T15:33:12.176000
5.802,2026-06-11T15:33:12.178000
5.804,2026-06-11T15:33:12.180000
5.806,2026-06-11T15:33:12.182000
5.808,2026-06-11T15:33:12.184000
5.81,2026-06-11T15:33:12.186000
5.812,2026-06-11T15:33:12.188000
5.814,2026-06-11T15:33:12.190000
5.816,2026-06-11T15:33:12.192000
5.818,2026-06-11T15:33:12.194000
5.82,2026-06-11T15:33:12.196000
5.822,2026-06-11T15:33:12.198000
5.824,2026-06-11T15:33:12.200000
5.826,2026-06-11T15:33:12.202000
5.828,2026-06-11T15:33:12.204000
5.83,2026-06-11T15:33:12.206000
5.832,2026-06-11T15:33:12.208000
5.834,2026-06-11T15:33:12.210000
5.836,2026-06-11T15:33:12.212000
5.838,2026-06-11T15:33:12.214000
